Multiple size <= 100
TEST 1 ARG:39 38 3 16 87 67 22 47 85 51 8 35 29 11 84 45 95 46 33 14 69 28 91 63 31 96 2 81 75 60 25 99 23 50 40 74 65 56 77 92 43 70 80 37 41 27 42 26 68 7 90 13 48 5 64 66 19 6 89 55 36 44 62 32 72 86 34 61 21 98 10 9 53 97 59 88 24 93 4 58 76 18 52 94 79 12 17 1 54 0 73 49 82 83 15 57 20 78 30 71 
TEST 2 ARG:97 50 31 21 7 55 1 46 14 42 9 94 82 8 92 30 44 86 29 52 62 38 4 18 23 13 17 59 75 34 56 64 6 20 33 10 2 98 81 36 84 72 26 70 12 77 5 95 93 39 65 67 83 27 48 0 57 96 37 61 41 45 35 16 99 11 76 47 91 88 74 25 24 78 3 49 40 69 66 79 22 43 58 68 87 80 19 51 71 63 85 54 32 15 73 90 89 28 60 53 
TEST 3 ARG:25 74 87 75 9 40 63 6 90 79 23 73 49 16 72 92 13 12 67 11 22 93 8 76 57 70 83 27 28 64 69 3 39 62 4 26 48 55 2 24 17 59 10 46 56 96 98 37 38 5 18 32 47 51 1 99 45 14 42 31 33 53 82 50 15 78 41 68 89 43 84 19 21 29 71 54 61 60 7 35 95 36 0 94 77 20 66 88 91 85 30 81 80 65 34 86 58 52 97 44 
TEST 4 ARG:39 71 47 67 16 12 15 84 94 34 89 13 0 1 29 88 60 72 63 68 66 56 4 32 79 22 20 38 64 50 40 52 26 91 10 27 83 17 33 81 58 55 96 36 65 46 95 85 73 54 42 61 93 69 6 76 70 5 21 97 92 19 2 77 41 43 35 25 48 98 37 9 99 74 11 90 44 53 31 82 14 18 59 49 28 7 80 78 86 23 3 30 62 57 51 8 87 75 45 24 
TEST 5 ARG:93 31 69 88 65 25 22 91 49 60 53 68 71 84 55 17 18 12 78 35 99 28 11 16 57 89 77 21 87 95 98 67 47 46 42 58 63 34 80 97 32 50 36 82 7 92 37 66 94 40 0 29 43 64 96 13 75 8 54 61 23 73 33 85 38 51 9 27 41 39 81 76 4 59 1 5 90 72 6 3 48 10 45 44 74 79 83 2 26 62 15 14 19 20 30 24 56 52 86 70 
TEST 6 ARG:9 2 62 42 45 82 91 84 65 60 14 97 29 3 61 99 23 87 43 6 73 86 31 56 72 13 41 95 39 15 4 1 10 30 21 58 28 53 55 78 81 59 63 96 50 68 12 69 98 64 35 8 16 93 77 74 11 75 70 54 5 18 92 44 27 88 90 76 19 49 79 83 22 36 48 89 7 51 94 47 0 17 71 32 46 37 67 40 80 25 24 26 33 66 85 38 52 57 20 34 
TEST 7 ARG:76 41 16 28 78 59 64 12 55 20 81 66 75 61 38 94 62 40 27 32 88 97 92 77 60 63 69 86 30 8 82 31 70 54 72 34 46 90 53 65 52 74 95 10 7 57 23 4 47 80 2 91 67 68 35 85 93 39 50 29 79 45 26 18 84 25 1 15 96 51 71 37 5 49 42 87 14 36 98 33 11 44 24 19 73 83 17 21 13 3 48 0 56 89 9 6 43 58 22 99 
TEST 8 ARG:74 67 83 34 40 45 18 60 17 71 42 10 33 41 55 28 14 3 38 94 79 88 20 22 53 47 15 11 63 84 56 19 80 86 16 46 44 61 54 97 37 27 81 23 72 93 64 24 59 26 4 95 70 25 1 12 68 2 36 62 66 50 21 0 43 48 7 87 32 73 91 6 99 65 90 5 39 35 57 30 77 82 89 76 78 96 51 75 9 69 92 13 98 52 85 31 49 8 58 29 
TEST 9 ARG:50 2 28 53 60 5 49 13 30 55 54 19 42 93 32 40 89 66 96 25 22 97 26 15 63 75 23 87 73 61 65 43 27 7 21 56 85 90 36 77 98 29 71 84 68 81 82 47 51 3 45 48 9 91 79 24 46 88 44 92 34 70 31 74 8 17 16 64 35 41 12 33 18 67 37 83 52 10 57 20 4 69 86 1 59 80 62 58 76 78 0 14 94 6 99 11 95 39 38 72 
TEST 10 ARG:76 67 44 37 68 93 42 53 52 4 58 80 57 95 69 82 22 36 9 75 86 12 97 48 92 56 39 10 3 50 54 59 25 27 64 1 45 17 77 87 79 11 0 66 21 81 13 47 72 14 16 60 78 89 5 88 94 85 43 19 91 41 61 29 24 15 2 46 33 23 98 55 20 62 18 63 49 90 40 31 96 74 8 26 38 99 34 32 71 30 6 35 70 65 28 84 51 7 73 83 
TEST 11 ARG:10 38 87 81 49 66 75 8 77 97 39 51 71 72 58 96 88 62 11 54 12 47 68 34 9 15 42 30 74 94 27 79 56 28 89 31 37 41 84 61 86 21 0 99 3 90 13 6 36 98 45 64 59 78 67 63 43 52 29 92 48 50 5 44 82 46 83 55 85 2 22 73 14 18 95 40 53 16 33 4 93 7 32 19 69 65 26 24 23 17 25 80 20 35 60 1 76 57 91 70 
TEST 12 ARG:89 27 69 43 24 51 96 9 62 28 48 67 41 50 72 68 99 81 6 38 17 47 13 4 84 54 73 49 80 37 32 70 98 40 8 39 12 59 77 14 55 53 56 33 85 15 18 66 83 74 5 42 75 7 35 45 97 22 2 10 79 16 23 3 1 65 91 61 58 36 71 29 92 46 20 90 86 30 87 19 82 95 63 0 26 11 78 60 88 44 64 31 76 25 34 93 52 57 94 21 
TEST 13 ARG:33 62 91 36 73 1 27 20 49 19 34 72 22 86 63 77 40 57 99 75 38 13 9 89 37 48 92 29 50 11 42 6 88 58 16 59 76 98 8 5 28 74 54 18 67 2 56 65 78 69 83 26 21 41 15 32 0 45 55 81 80 60 52 66 30 24 23 90 43 3 39 94 7 84 85 10 47 70 35 31 12 51 25 71 68 82 61 93 53 64 87 14 79 4 46 96 95 97 17 44 
TEST 14 ARG:16 31 41 14 61 88 82 9 36 96 85 54 93 59 30 10 40 17 22 84 12 57 19 48 20 35 86 98 71 33 91 0 75 68 73 66 83 97 69 72 45 49 38 2 53 90 5 89 60 37 52 34 42 95 24 15 78 18 47 79 55 23 76 74 26 25 64 62 4 27 44 81 43 13 7 92 67 28 70 29 80 46 39 65 94 56 21 32 58 1 3 63 6 51 99 8 50 11 77 87 
TEST 15 ARG:58 56 77 67 94 85 98 46 50 80 16 30 9 53 73 78 82 37 13 74 12 22 70 28 27 72 14 8 4 45 15 60 87 35 57 24 71 25 6 7 48 92 21 64 11 61 66 40 32 88 89 38 81 95 54 86 23 2 62 90 29 47 10 19 33 65 84 42 3 26 69 43 96 49 0 63 20 36 79 31 83 17 91 68 55 52 99 93 34 75 41 1 59 18 44 97 39 76 51 5 
TEST 16 ARG:86 0 75 94 15 11 30 78 88 14 74 8 63 43 12 45 36 99 57 25 67 3 97 33 40 77 81 56 76 17 58 16 62 87 91 27 59 68 7 70 49 98 71 13 10 61 55 4 28 85 6 29 69 93 65 26 51 42 96 35 24 82 46 19 73 9 31 95 64 66 44 79 2 47 83 52 23 22 20 60 34 92 53 54 32 37 84 41 90 39 80 72 50 89 5 38 48 21 18 1 
TEST 17 ARG:86 65 39 85 88 30 25 3 16 70 60 87 97 4 79 77 54 26 94 31 24 12 83 56 73 72 95 46 0 91 49 57 8 50 52 7 78 15 29 98 20 2 89 64 35 34 62 80 61 41 22 40 53 43 33 18 92 11 74 66 1 90 44 81 68 23 51 9 10 75 82 45 93 28 42 58 67 19 13 55 17 63 48 32 37 76 59 71 5 69 27 21 96 84 6 47 36 99 14 38 
TEST 18 ARG:59 90 37 30 38 8 40 14 12 43 51 60 48 36 42 81 28 26 62 1 70 4 25 9 39 92 98 79 27 31 74 11 16 64 46 35 86 17 49 95 20 76 6 65 33 88 58 97 91 41 96 52 50 15 19 93 53 80 45 84 73 34 75 67 10 83 71 47 82 99 87 3 85 69 54 77 94 89 56 66 24 57 61 68 7 32 44 18 78 23 21 5 2 72 0 29 22 13 55 63 
TEST 19 ARG:65 46 17 77 79 14 18 43 80 38 5 74 2 69 6 53 76 27 47 7 48 35 51 41 11 75 83 70 3 56 96 97 16 71 86 10 98 95 67 73 31 52 64 88 23 84 89 50 55 45 49 1 4 15 42 78 59 63 20 0 62 87 19 22 57 40 28 61 66 33 85 34 99 39 13 92 82 58 81 29 60 93 44 26 91 9 94 36 68 72 8 32 25 54 12 30 90 37 21 24 
TEST 20 ARG:64 44 35 43 80 61 91 7 69 87 78 93 20 11 10 2 52 92 18 12 54 26 85 4 29 79 25 67 88 28 95 72 75 57 56 33 15 34 36 37 41 17 74 68 94 1 22 77 45 62 58 90 13 53 66 63 24 55 82 51 5 49 73 84 48 30 99 39 38 46 32 50 71 70 31 42 23 8 59 6 0 60 97 98 76 65 47 27 96 81 14 19 40 16 21 83 3 86 9 89 
TEST 21 ARG:43 34 8 86 3 32 81 0 92 66 69 44 98 15 56 68 10 18 47 64 46 14 1 55 31 82 61 35 33 87 71 37 52 40 2 9 51 29 77 93 75 12 65 11 53 74 48 36 13 72 25 59 21 70 73 91 45 96 6 57 23 62 27 78 97 99 38 17 54 7 76 80 89 67 39 94 90 22 24 30 49 26 95 19 63 41 4 79 83 50 16 60 88 58 5 84 28 20 85 42 
TEST 22 ARG:32 25 40 29 91 18 62 3 95 21 15 98 8 74 66 89 69 93 83 16 24 54 64 17 46 39 13 23 4 60 55 1 6 31 82 52 53 28 2 12 51 41 92 34 35 44 14 42 49 68 71 7 10 80 88 43 86 81 11 97 9 73 85 99 96 0 61 57 58 59 78 79 30 87 75 77 37 38 72 90 33 56 19 47 94 26 63 36 45 50 48 27 76 20 5 67 22 84 65 70 
TEST 23 ARG:24 32 14 28 73 46 75 94 98 16 13 50 15 9 97 66 11 30 63 34 90 38 31 95 57 88 80 19 47 1 64 29 86 5 81 56 3 37 91 23 92 58 74 62 54 6 85 49 60 27 7 42 8 70 83 33 12 25 0 87 79 93 48 55 18 22 45 21 96 99 53 20 52 36 17 35 78 59 77 67 72 89 2 26 65 10 4 71 61 51 69 82 39 41 44 68 84 43 40 76 
TEST 24 ARG:83 16 50 18 43 72 17 42 11 98 3 80 41 40 0 75 39 84 61 93 33 20 88 97 71 4 23 70 78 13 94 27 77 46 22 67 79 59 64 48 58 8 49 37 25 5 51 32 92 76 63 65 96 44 54 62 52 91 19 99 66 73 56 55 86 45 89 57 15 90 31 26 10 12 60 85 47 95 34 6 35 9 21 2 82 38 30 81 74 1 69 36 7 29 87 24 53 14 68 28 
TEST 25 ARG:10 45 46 33 60 54 44 88 69 37 87 53 97 28 13 74 80 30 40 9 67 64 61 24 27 79 89 39 16 15 83 17 63 42 58 98 0 12 59 38 84 94 3 90 75 35 76 48 68 31 50 62 23 82 18 25 26 57 32 77 1 85 81 86 5 14 91 56 7 6 65 2 93 34 19 78 52 20 55 11 43 96 66 95 72 49 47 73 4 8 21 71 51 41 29 92 22 36 70 99 
TEST 26 ARG:60 34 88 82 73 71 35 75 41 50 72 61 9 57 54 23 12 39 79 28 45 69 74 37 11 99 29 83 97 17 47 6 80 70 53 52 38 95 91 27 90 76 21 10 81 32 42 48 66 96 86 58 19 31 13 40 0 87 36 43 67 77 15 98 24 49 30 20 92 93 46 2 64 5 26 55 33 51 62 84 78 68 8 89 18 85 22 65 16 56 25 14 1 4 44 7 3 59 63 94 
TEST 27 ARG:65 62 1 90 21 78 27 92 96 58 71 16 39 66 11 88 77 40 2 94 22 33 36 42 5 73 45 44 3 46 25 24 70 52 7 68 79 32 41 84 81 93 60 50 86 12 51 20 49 80 48 9 55 61 35 54 29 26 67 85 4 6 15 53 89 13 97 64 57 14 38 34 19 76 59 47 98 43 28 31 37 18 23 56 17 82 30 75 0 74 87 10 72 91 69 99 8 83 63 95 
TEST 28 ARG:60 11 36 75 55 38 99 63 64 21 84 69 43 95 83 1 85 35 23 3 78 20 33 47 40 68 61 9 25 45 81 49 28 41 30 72 14 16 6 0 12 10 24 88 80 22 51 32 59 98 42 58 27 37 92 50 31 79 56 89 4 7 26 13 67 15 62 97 29 94 57 34 87 91 53 2 48 90 52 39 17 46 71 8 5 96 70 93 44 86 77 76 66 18 19 54 82 74 65 73 
TEST 29 ARG:21 24 52 6 84 23 40 51 96 58 15 94 88 60 10 7 53 77 22 61 86 14 76 50 72 0 29 44 78 95 16 92 48 74 4 27 62 33 28 35 20 5 36 71 9 54 93 47 41 90 45 39 82 65 31 75 43 79 63 87 83 1 42 46 13 91 3 19 34 85 98 80 26 37 2 11 25 38 17 81 66 12 18 67 59 56 32 89 30 97 64 99 70 73 57 55 68 49 69 8 
TEST 30 ARG:0 35 7 17 51 50 65 52 67 37 57 81 43 73 14 96 68 3 9 59 41 16 58 6 70 20 97 86 53 12 72 80 39 99 93 62 84 69 48 5 18 33 24 71 87 42 85 54 19 91 89 98 23 55 27 22 77 21 61 82 1 75 76 10 90 64 74 63 66 92 95 31 49 83 36 79 32 30 34 40 38 2 56 4 26 25 13 60 88 11 44 15 47 78 46 45 8 28 94 29 
TEST 31 ARG:87 12 50 18 73 94 67 8 22 3 35 60 55 16 64 47 43 74 20 82 83 86 69 89 14 98 17 96 41 4 88 9 59 70 57 66 62 65 91 15 11 37 39 28 95 33 24 45 72 25 13 36 46 10 81 29 92 42 68 75 78 30 79 38 99 32 0 31 40 48 51 34 56 23 61 52 85 2 1 58 5 97 6 71 63 7 76 21 84 19 27 53 54 26 49 77 90 80 44 93 
TEST 32 ARG:92 86 39 85 42 64 69 24 57 91 31 78 5 19 0 2 41 40 79 83 47 88 37 68 99 11 38 67 98 50 53 12 35 26 89 27 25 77 28 70 72 61 7 52 13 3 45 87 18 58 44 4 59 33 51 49 48 6 30 46 96 95 43 62 81 9 1 8 54 80 21 29 16 34 32 17 73 14 74 66 71 56 93 60 55 75 10 20 36 63 90 94 76 84 15 82 97 22 65 23 
TEST 33 ARG:58 38 97 23 51 59 98 47 91 55 46 73 66 11 71 80 39 30 60 3 33 8 69 42 14 67 31 32 54 76 45 25 77 53 94 86 82 27 9 87 65 16 88 1 26 84 18 62 78 93 29 6 5 70 63 92 12 79 4 2 22 83 34 48 95 7 72 40 96 56 44 24 15 19 35 68 85 17 50 75 57 36 89 52 10 61 28 81 99 41 74 0 43 90 13 37 49 20 64 21 
TEST 34 ARG:0 6 25 58 20 65 83 32 27 70 67 23 33 97 62 87 80 26 93 53 35 57 73 7 15 18 28 85 17 88 42 96 3 69 49 78 74 12 98 54 89 55 48 10 79 76 56 22 1 19 99 95 8 21 64 36 75 4 2 37 51 13 30 9 52 81 24 68 63 41 44 61 40 66 59 34 91 77 11 94 84 92 38 43 14 60 47 82 46 86 71 31 90 72 5 45 29 39 50 16 
TEST 35 ARG:55 84 18 23 12 17 62 82 3 47 93 2 79 64 70 90 99 45 25 39 19 48 30 54 34 16 40 91 15 68 32 0 72 95 56 50 37 52 44 77 73 60 28 81 9 46 49 6 51 53 85 33 65 38 66 58 11 74 67 35 29 13 31 98 7 69 87 83 24 26 10 92 5 80 57 88 78 63 96 41 42 36 14 43 76 8 97 21 94 4 27 89 86 22 71 20 61 59 75 1 
TEST 36 ARG:15 29 2 43 21 25 69 87 77 65 35 17 26 48 38 98 22 7 59 6 66 79 52 37 44 40 42 75 5 32 97 96 64 47 12 9 3 83 13 41 72 93 80 92 24 68 34 23 27 30 39 55 1 90 81 11 33 50 86 91 16 45 88 60 28 19 20 57 89 46 0 53 73 71 8 67 4 94 99 76 61 54 62 18 74 78 95 51 58 84 82 63 49 36 10 70 31 14 56 85 
TEST 37 ARG:28 54 27 74 48 14 77 44 17 43 73 76 84 70 38 63 78 29 36 19 97 82 20 47 5 90 88 64 13 98 80 45 59 96 10 37 4 94 42 32 95 2 83 75 25 85 35 56 49 53 69 50 55 52 92 1 23 24 3 66 26 40 61 46 6 89 30 79 31 87 68 18 62 8 91 57 34 41 33 71 51 7 12 72 0 93 86 21 11 81 65 15 16 9 58 99 39 22 60 67 
TEST 38 ARG:72 5 33 46 63 90 61 36 17 19 18 32 71 0 43 64 30 95 80 11 56 79 34 58 51 91 68 39 40 97 38 10 15 66 22 76 48 16 81 78 57 53 7 82 12 42 45 59 94 55 13 60 49 69 67 14 47 65 92 83 52 88 35 93 89 29 44 54 20 26 8 87 27 4 3 25 85 41 21 1 74 70 98 84 31 28 86 77 2 6 99 73 24 37 50 96 23 9 75 62 
TEST 39 ARG:60 43 49 42 2 86 15 76 57 91 72 62 13 8 39 28 92 9 37 71 74 25 67 34 36 29 89 47 68 93 53 94 69 73 81 26 51 98 50 18 97 12 80 30 56 85 10 33 52 46 65 22 90 21 23 77 82 99 27 54 19 0 48 17 44 6 4 75 45 70 32 64 35 11 95 3 88 41 38 40 96 59 66 58 7 16 14 31 61 5 83 78 55 63 24 79 20 84 1 87 
TEST 40 ARG:18 90 13 69 21 12 60 51 81 19 62 50 86 71 7 83 29 23 92 56 47 32 20 55 65 0 24 17 28 38 72 68 5 67 2 36 96 48 4 88 53 30 98 75 33 35 3 39 16 82 94 84 8 64 77 70 31 34 63 52 44 74 10 46 66 80 61 43 49 45 14 85 37 57 76 58 27 87 99 42 22 41 15 26 6 79 95 93 78 54 97 59 9 11 91 89 1 25 40 73 
TEST 41 ARG:81 26 99 28 64 27 11 95 6 0 24 8 69 93 61 38 2 78 10 96 4 45 36 12 50 35 43 29 88 5 37 52 62 15 9 22 19 31 40 83 41 34 71 23 18 82 75 51 94 67 7 13 20 48 56 16 68 65 80 32 97 90 98 53 55 17 57 33 30 73 91 84 3 86 25 76 77 72 63 79 14 87 70 66 92 39 60 58 21 54 47 42 85 89 1 49 44 46 74 59 
TEST 42 ARG:53 31 17 1 46 39 42 6 94 23 14 45 33 62 66 73 26 44 59 3 41 58 29 99 55 36 24 56 74 76 63 35 92 9 54 48 70 93 81 69 50 2 19 60 84 68 32 79 75 20 49 67 34 0 7 12 72 87 47 25 86 95 18 27 40 51 16 97 43 88 96 15 78 28 52 89 71 98 61 65 37 90 64 30 10 85 91 5 22 8 21 4 83 11 13 82 57 38 80 77 
TEST 43 ARG:66 9 23 61 60 95 39 97 13 78 38 56 18 65 90 24 6 82 86 72 5 28 74 68 85 1 77 41 79 55 89 49 12 8 70 84 40 52 4 53 98 67 15 17 54 59 51 7 45 25 2 88 93 22 3 21 62 75 71 34 30 83 69 80 19 0 32 35 92 31 73 43 48 33 26 11 44 63 47 37 57 64 94 10 50 16 76 27 96 36 81 46 99 14 29 42 87 58 20 91 
TEST 44 ARG:77 30 44 14 78 90 45 7 35 32 67 81 70 50 55 63 16 71 51 60 99 57 21 49 0 86 9 88 15 26 6 19 54 29 13 43 37 40 87 18 94 38 8 93 48 98 66 76 46 17 23 59 61 25 22 65 10 53 33 95 89 11 79 47 80 27 39 91 85 96 69 36 31 34 68 83 73 5 72 28 92 56 42 24 75 74 20 52 41 82 4 12 64 97 3 84 1 62 58 2 
TEST 45 ARG:86 20 28 0 76 1 17 88 54 37 39 83 62 70 69 32 60 22 8 95 80 98 81 91 66 84 16 87 53 77 52 10 40 7 51 59 50 4 41 96 15 31 24 6 12 94 78 27 35 14 48 72 92 38 44 43 74 33 2 89 64 19 3 23 93 47 85 5 79 67 58 11 29 65 55 71 63 30 13 34 49 36 61 26 99 42 9 82 73 97 56 57 25 75 18 46 90 45 68 21 
TEST 46 ARG:30 94 37 71 45 10 13 46 89 36 91 64 8 83 27 68 3 1 41 98 74 57 6 67 5 77 16 28 59 97 80 62 42 93 76 38 65 70 35 54 26 55 39 2 81 12 18 72 61 43 24 52 40 23 4 51 31 90 33 75 9 85 44 84 50 29 63 48 25 86 66 17 7 69 56 99 32 49 73 87 88 60 34 96 15 19 79 22 53 95 58 47 11 20 0 78 92 14 21 82 
TEST 47 ARG:27 84 24 91 89 21 41 85 48 43 25 60 18 11 63 72 90 2 22 45 74 20 70 66 93 92 46 9 50 97 88 30 36 82 75 77 3 99 34 26 38 86 51 42 1 19 62 61 64 55 0 96 87 58 76 79 94 57 39 4 32 71 7 37 83 68 69 73 16 33 44 81 95 5 14 54 53 52 80 28 10 15 17 59 31 40 35 78 47 8 13 98 29 6 49 65 56 12 23 67 
TEST 48 ARG:38 16 51 88 86 13 57 85 79 74 15 64 94 90 47 72 10 43 26 22 75 70 89 20 65 71 7 29 99 27 36 78 17 66 59 30 23 63 91 3 18 93 58 9 56 32 98 24 96 6 73 42 97 67 80 37 4 82 50 53 12 25 48 2 81 61 41 35 45 83 77 55 60 19 11 92 34 69 76 31 0 49 62 28 39 40 8 54 84 95 52 87 33 1 46 5 21 68 44 14 
TEST 49 ARG:93 44 91 5 1 12 67 15 26 87 68 46 54 4 95 9 19 83 56 43 34 31 16 27 63 74 17 92 23 62 51 85 69 11 96 64 6 61 88 94 36 21 25 20 80 38 10 45 48 50 42 2 89 90 32 86 99 47 28 49 35 75 22 72 24 7 3 81 52 29 78 73 65 59 58 55 97 79 82 37 71 98 13 70 53 14 66 76 33 40 60 41 8 77 30 84 57 39 18 0 
TEST 50 ARG:89 14 35 71 96 28 53 67 62 86 91 45 30 51 77 65 85 49 80 82 26 61 4 5 12 75 39 76 98 92 88 87 69 66 23 95 55 52 46 8 34 11 57 43 29 83 38 94 59 6 40 70 78 99 32 48 10 36 3 41 79 64 17 37 33 2 7 13 72 54 16 18 63 97 84 60 44 68 56 19 20 50 9 1 15 74 58 73 90 47 81 21 22 27 93 25 24 31 0 42 
TEST 51 ARG:33 52 22 50 58 59 4 85 80 13 27 76 90 25 68 98 14 21 95 11 88 64 86 40 10 26 34 7 65 8 43 17 46 55 19 92 63 77 49 16 70 28 47 96 78 60 62 12 31 61 38 87 89 42 39 6 18 83 20 91 48 1 71 81 97 74 36 66 82 75 3 9 93 24 67 51 69 54 44 53 37 57 35 73 94 72 15 84 41 45 0 32 30 5 56 99 2 29 23 79 
TEST 52 ARG:62 85 91 13 3 74 73 83 47 75 84 22 23 0 44 49 33 98 7 96 12 69 99 51 56 71 54 32 52 50 64 5 87 92 4 79 59 35 38 27 46 45 28 37 15 48 26 58 70 77 34 90 60 86 94 17 67 31 88 55 39 21 30 24 65 42 63 9 29 72 43 36 80 76 10 66 89 40 41 25 14 81 78 68 82 2 93 6 16 11 57 20 61 19 97 8 18 95 53 1 
TEST 53 ARG:18 11 3 55 92 84 19 6 66 53 22 56 50 25 81 4 58 68 39 16 73 70 29 63 14 62 93 41 65 20 91 71 99 75 7 95 1 15 42 98 24 47 44 54 45 60 78 86 79 9 48 43 10 80 90 83 74 76 37 87 21 17 23 85 26 35 97 8 32 77 31 2 59 72 52 36 13 38 49 30 5 61 12 33 34 40 69 94 0 82 28 67 96 46 64 57 51 88 89 27 
TEST 54 ARG:24 47 34 21 73 58 51 80 77 40 13 30 33 96 19 57 35 66 22 17 81 79 95 20 56 38 15 7 93 75 18 26 89 0 91 31 12 68 6 45 39 8 52 99 60 44 82 85 43 49 59 37 92 65 55 97 74 42 67 98 16 48 53 88 54 84 62 61 70 69 29 14 32 78 4 2 76 28 25 50 27 41 90 86 46 9 63 83 10 1 23 94 11 5 87 64 36 71 72 3 
TEST 55 ARG:95 48 36 88 84 93 49 77 91 7 74 89 46 78 59 54 9 62 42 5 44 34 19 70 26 55 40 57 28 90 68 10 99 67 41 24 63 98 27 75 16 32 0 79 66 92 37 13 8 94 60 51 81 65 73 11 14 85 58 12 29 4 56 45 61 50 97 76 15 17 80 71 47 33 38 35 6 18 21 20 96 64 72 86 30 1 3 23 31 82 87 39 43 22 25 69 2 53 83 52 
TEST 56 ARG:86 40 74 21 41 82 42 98 81 55 62 60 4 3 25 61 68 47 19 49 27 70 37 36 92 24 91 26 96 88 6 22 33 75 54 72 30 39 10 13 69 44 97 66 31 67 56 87 23 2 57 83 16 38 9 17 51 89 73 85 11 0 7 1 34 64 84 79 43 93 5 14 90 29 59 77 53 58 8 28 48 15 95 52 35 80 45 20 76 78 12 99 65 32 63 18 46 50 94 71 
TEST 57 ARG:51 5 75 27 11 20 79 31 66 6 86 91 84 49 41 44 18 76 97 52 42 17 3 58 4 12 10 83 0 90 14 25 95 29 39 56 55 53 68 16 28 73 81 1 71 38 77 99 36 98 32 87 92 93 24 2 9 23 54 7 80 96 94 50 21 57 43 26 46 74 22 40 88 62 8 35 15 34 63 61 89 69 48 59 19 72 47 64 13 65 33 70 45 37 78 85 82 30 67 60 
TEST 58 ARG:8 15 57 7 46 54 30 41 80 88 61 14 68 40 72 25 24 23 94 55 29 64 50 59 65 85 27 2 62 48 16 63 18 60 31 56 32 12 87 13 95 28 73 66 67 86 83 44 75 39 17 6 82 77 26 81 47 79 22 33 96 20 49 5 1 71 3 52 45 42 53 35 51 38 99 84 89 91 92 78 93 58 11 90 98 0 4 9 76 43 74 10 37 36 34 21 19 69 70 97 
TEST 59 ARG:58 76 59 60 85 6 66 24 33 9 70 22 52 95 37 47 0 88 82 72 21 16 63 18 30 93 56 19 87 79 38 50 43 15 99 69 75 42 65 46 29 90 39 96 3 81 32 53 86 26 89 12 54 34 78 73 67 27 40 83 14 91 11 64 4 2 68 97 98 80 57 55 84 49 44 61 36 62 5 71 28 31 20 17 23 35 94 8 74 45 10 13 7 1 48 41 77 25 51 92 
TEST 60 ARG:98 51 28 11 92 46 74 64 77 59 13 44 34 79 10 7 91 17 55 20 33 99 38 53 62 72 50 61 35 47 6 80 81 39 15 1 2 19 58 0 69 30 71 36 12 82 32 90 73 87 3 84 97 70 27 21 93 75 57 24 76 66 31 25 45 86 63 65 42 5 68 89 9 29 26 83 78 56 22 8 94 60 23 52 40 14 37 48 18 41 96 4 85 43 67 95 54 16 49 88 
TEST 61 ARG:86 4 31 20 28 55 29 81 89 75 82 95 42 12 21 80 79 24 96 72 25 62 64 46 99 13 58 43 45 41 92 48 0 67 30 91 22 3 44 94 1 71 85 70 93 54 68 87 15 36 7 53 11 60 73 83 77 2 63 16 76 50 17 39 23 47 57 14 19 66 52 49 84 97 26 65 33 18 8 9 51 56 32 6 78 38 90 35 74 10 5 88 69 61 34 37 40 59 27 98 
TEST 62 ARG:17 46 45 72 53 62 34 99 2 85 96 18 59 57 23 28 10 61 33 11 81 21 20 51 80 26 91 83 32 8 79 68 65 39 55 37 47 14 44 89 31 92 63 52 73 84 97 24 40 98 5 7 41 71 27 12 29 19 35 56 64 9 75 94 93 54 36 15 38 88 58 60 43 74 90 77 66 1 67 48 76 16 13 78 4 70 0 3 82 42 49 30 50 22 87 25 6 86 69 95 
TEST 63 ARG:31 56 10 58 26 14 80 6 32 68 16 84 77 23 74 70 82 22 92 33 44 8 72 28 20 13 83 37 86 75 0 94 88 35 7 3 40 98 65 71 34 79 73 15 2 49 38 48 46 63 50 99 24 42 9 18 41 60 21 85 17 89 95 97 4 90 66 59 61 45 91 69 36 54 67 96 55 1 52 27 76 43 29 53 57 64 81 12 93 39 51 30 25 5 11 87 19 62 47 78 
TEST 64 ARG:45 67 11 94 35 12 36 24 56 29 30 23 48 69 77 4 82 63 1 6 71 14 83 27 60 7 78 76 50 49 55 86 38 98 74 20 84 32 75 17 95 43 40 54 52 61 31 70 37 21 65 73 46 22 16 9 72 8 3 5 10 89 97 0 13 91 28 93 51 42 26 25 41 2 39 33 58 88 87 19 57 34 18 53 81 90 92 59 44 99 96 80 64 62 15 68 85 47 66 79 
TEST 65 ARG:83 89 13 45 64 11 66 98 84 21 68 38 5 53 47 29 39 93 18 56 74 79 86 65 51 4 3 19 69 55 75 59 60 6 63 28 81 80 99 54 52 72 30 70 77 36 71 48 76 67 25 95 43 8 85 22 15 73 40 88 1 41 37 33 26 62 42 91 57 16 9 14 50 12 46 20 23 44 31 96 61 49 27 94 32 58 2 0 17 87 10 7 78 97 35 82 24 90 34 92 
TEST 66 ARG:16 54 11 85 95 94 80 89 81 27 77 34 84 43 64 19 35 6 17 13 45 76 22 30 36 1 78 55 87 97 29 21 5 3 40 41 93 60 58 9 91 7 83 57 73 61 33 98 18 86 26 67 90 39 82 12 96 15 68 66 88 0 70 52 20 65 14 53 28 42 38 92 32 74 47 99 62 59 50 48 63 72 51 2 79 23 69 25 24 44 10 31 46 71 4 49 8 37 75 56 
TEST 67 ARG:16 52 10 0 53 47 26 21 28 15 41 49 30 54 51 40 36 27 96 88 24 91 86 93 22 84 65 63 83 20 68 61 74 34 98 81 35 2 31 39 48 11 64 70 25 5 23 33 82 3 50 85 32 37 72 66 62 1 17 6 69 97 92 73 99 79 4 60 59 94 55 67 78 38 45 19 43 95 90 58 9 57 8 89 18 13 80 14 7 12 56 76 46 77 87 44 29 42 71 75 
TEST 68 ARG:15 23 79 43 93 64 34 71 30 6 42 4 50 97 44 69 19 48 39 5 63 25 3 78 96 45 2 51 12 61 29 38 88 35 75 70 28 76 80 18 72 40 58 77 17 11 14 24 89 73 16 20 62 83 98 99 33 92 55 41 54 68 81 1 82 66 94 7 47 86 10 95 56 9 85 74 87 59 91 49 26 67 53 37 90 0 60 52 32 84 21 13 36 57 27 46 31 22 65 8 
TEST 69 ARG:77 6 11 12 84 46 24 70 49 9 73 87 8 30 32 83 97 38 98 16 67 69 27 89 33 14 63 28 29 10 90 55 85 43 86 42 44 95 36 51 50 25 52 22 66 54 74 39 82 45 2 1 92 59 81 57 41 58 96 94 60 48 40 4 7 15 13 79 23 34 88 76 47 19 53 5 72 20 68 71 37 93 99 91 64 35 56 3 65 31 26 17 75 21 78 61 0 18 62 80 
TEST 70 ARG:26 4 37 66 46 65 96 15 7 0 28 73 20 91 51 12 71 95 29 40 85 31 49 92 22 68 98 14 94 52 56 6 25 99 11 39 89 8 10 63 81 50 78 13 9 54 70 38 87 74 77 16 3 75 5 67 19 59 53 27 32 21 1 34 17 33 84 76 42 72 36 55 23 60 64 80 44 45 24 69 41 62 83 88 86 47 35 43 93 2 18 30 90 79 61 82 57 48 97 58 
TEST 71 ARG:93 70 60 14 6 2 4 54 36 91 86 44 28 29 61 12 0 77 95 23 46 21 7 84 43 53 66 78 99 38 68 90 5 33 42 35 47 27 15 63 87 73 98 56 72 25 74 10 79 52 24 76 83 9 16 55 41 26 97 75 30 50 1 67 40 69 3 65 85 80 92 17 34 88 32 57 62 37 71 94 81 51 58 18 13 45 82 39 19 8 11 96 22 48 64 31 59 89 49 20 
TEST 72 ARG:8 83 6 67 79 36 18 0 16 38 58 89 33 25 14 46 91 62 50 77 97 98 65 93 41 59 17 23 66 52 75 73 68 70 43 40 9 95 28 35 63 55 48 3 5 49 26 22 60 96 31 42 64 11 15 10 47 57 61 20 92 85 32 88 19 53 99 13 27 71 29 1 74 86 78 39 7 45 80 76 4 30 87 54 56 90 51 37 82 24 2 84 44 12 21 72 69 94 34 81 
TEST 73 ARG:95 10 77 80 78 92 66 18 28 49 83 5 11 68 35 33 85 65 99 48 93 51 98 15 87 52 37 56 23 41 67 71 79 21 62 38 88 30 57 54 34 1 70 3 74 61 36 84 96 31 47 43 75 25 2 8 13 14 55 73 4 89 63 26 17 86 64 6 91 40 32 19 53 59 42 58 0 72 69 7 97 81 29 24 9 12 16 60 50 22 82 94 76 44 45 27 46 39 90 20 
TEST 74 ARG:62 7 57 93 71 21 29 51 65 46 97 12 27 40 32 16 79 59 41 30 15 19 75 73 89 80 43 31 90 94 84 67 96 14 88 0 42 54 85 70 9 53 33 92 26 17 11 76 23 87 52 18 8 44 83 38 10 13 60 34 50 49 35 3 4 22 6 69 98 28 82 20 25 66 78 63 58 48 99 64 91 74 77 37 61 81 5 72 56 24 86 1 68 2 95 55 45 36 39 47 
TEST 75 ARG:13 41 96 85 42 24 28 16 55 70 46 80 31 93 19 62 30 40 81 68 89 90 17 39 95 45 18 67 37 88 2 29 86 82 64 71 73 76 38 72 26 74 94 49 5 8 61 65 22 14 50 92 75 10 98 11 69 53 23 77 56 32 48 0 58 52 57 3 91 36 99 44 27 34 20 1 47 54 78 12 4 15 43 9 6 83 60 35 97 51 87 25 21 59 66 33 79 84 63 7 
TEST 76 ARG:47 29 3 91 73 66 53 0 64 54 78 85 96 31 71 20 56 32 26 69 7 68 21 87 65 6 92 30 79 35 48 77 23 89 72 11 41 82 10 19 25 18 98 36 55 57 51 13 70 9 42 83 14 8 88 62 28 52 61 38 4 24 2 90 27 84 80 1 39 37 45 33 44 93 49 43 17 60 74 86 5 46 40 12 76 95 99 50 16 22 97 59 75 67 34 58 94 81 63 15 
TEST 77 ARG:29 97 5 52 19 26 90 69 40 35 1 93 51 89 79 38 64 55 62 54 45 2 65 61 31 41 66 72 9 30 78 94 23 58 60 32 96 70 44 24 15 86 59 75 71 82 10 80 36 98 77 46 16 47 3 22 95 53 50 48 21 91 63 67 68 74 76 13 4 7 84 34 0 88 33 11 87 83 73 18 6 17 42 37 8 99 14 27 81 43 20 85 39 92 28 49 12 25 56 57 
TEST 78 ARG:98 70 35 13 53 74 49 27 68 7 9 83 12 64 23 58 77 96 92 15 84 47 18 97 66 38 28 56 80 75 76 44 22 54 33 43 79 34 20 59 73 94 30 19 26 25 65 67 88 69 39 16 6 85 11 52 0 62 32 89 10 5 21 24 63 17 99 2 48 41 14 40 50 45 72 42 82 55 71 61 36 95 93 8 31 90 37 81 29 60 3 86 78 46 1 57 91 4 87 51 
TEST 79 ARG:23 0 90 55 15 79 27 41 14 39 2 20 48 8 64 13 71 4 25 87 78 54 7 62 86 18 88 53 61 22 19 33 56 35 44 40 12 38 89 37 60 73 51 26 32 46 96 49 52 36 68 59 31 76 69 80 66 67 16 70 9 43 45 17 95 72 94 82 84 99 85 81 34 1 42 6 97 75 91 58 24 50 47 57 93 77 11 83 21 10 65 30 5 63 29 3 74 28 92 98 
TEST 80 ARG:76 85 24 6 47 36 58 19 75 17 83 39 28 80 97 71 46 3 99 10 26 13 78 27 20 34 54 38 69 70 60 95 5 9 12 49 98 74 35 29 72 4 91 32 93 43 14 22 88 41 50 15 86 67 64 53 56 65 82 84 79 25 92 52 73 62 61 63 1 51 23 57 33 16 94 81 48 89 7 55 87 45 8 18 2 31 59 40 66 96 90 77 11 30 21 42 37 44 0 68 
TEST 81 ARG:13 60 42 92 98 88 62 55 14 67 0 24 85 5 28 36 37 11 75 96 81 26 71 25 18 9 91 93 44 2 52 43 57 19 64 30 15 22 49 68 31 1 99 74 34 45 38 35 97 79 16 89 39 83 94 66 23 84 54 10 87 50 46 76 32 41 53 29 61 65 12 7 63 77 72 56 4 58 20 82 86 51 80 21 40 59 90 73 78 6 8 70 33 27 17 3 48 95 47 69 
TEST 82 ARG:17 48 34 24 71 59 95 87 1 30 47 19 83 65 82 86 23 77 54 66 96 8 42 69 97 10 11 46 68 15 70 21 0 22 12 76 55 44 63 78 43 5 74 84 73 2 45 18 51 98 41 81 20 88 28 13 3 60 64 53 75 40 85 49 31 9 61 37 29 89 91 16 57 99 14 32 56 92 33 7 58 4 94 26 67 79 25 52 93 35 27 39 50 6 62 80 72 90 36 38 
TEST 83 ARG:77 39 17 72 61 15 51 90 86 67 53 48 57 73 54 60 34 81 75 21 62 16 40 98 41 18 22 65 55 58 30 32 29 87 9 42 2 63 97 19 43 92 79 99 0 96 78 28 76 3 68 80 8 89 91 25 31 70 49 14 74 50 44 94 6 82 66 85 56 4 10 93 47 26 11 1 46 12 45 37 36 64 59 52 71 95 35 5 23 38 83 69 7 27 13 20 88 24 33 84 
TEST 84 ARG:25 80 52 74 17 44 73 43 48 90 56 84 21 29 50 16 76 51 64 57 23 42 15 11 46 58 34 32 36 61 22 41 10 71 14 26 6 19 72 18 47 91 45 27 68 60 62 59 7 13 3 1 53 30 20 63 86 81 31 69 49 89 87 4 38 2 33 78 66 99 8 85 70 88 95 24 96 83 82 77 55 12 67 5 75 28 79 39 0 65 98 54 37 35 40 92 9 97 94 93 
TEST 85 ARG:48 78 18 22 46 81 82 2 28 70 64 47 36 98 42 33 44 68 77 43 3 55 79 12 7 16 66 6 96 20 61 45 30 15 1 95 25 75 23 40 26 29 51 72 83 49 71 58 8 87 9 17 21 34 19 62 94 13 91 97 39 38 74 57 5 0 27 90 88 11 31 32 73 84 14 53 76 4 56 85 59 86 24 65 35 93 80 60 54 99 92 41 63 67 10 69 52 89 50 37 
TEST 86 ARG:81 66 20 40 86 17 25 58 90 76 31 34 73 41 84 94 19 24 3 79 44 6 99 56 8 9 89 15 55 16 70 87 26 53 49 91 0 13 35 95 28 38 60 98 18 27 45 92 37 7 75 11 51 43 30 77 12 46 57 85 82 50 59 32 93 52 96 69 47 33 61 48 74 42 63 65 22 83 80 78 88 62 67 2 29 10 71 64 1 97 72 4 39 23 14 68 36 54 21 5 
TEST 87 ARG:31 13 43 66 20 80 60 9 32 69 14 35 79 59 53 11 50 99 42 5 61 22 76 45 16 63 39 57 28 71 7 68 4 47 48 21 94 6 70 52 87 23 17 49 38 93 40 8 90 34 56 82 55 46 97 95 78 37 65 72 62 12 30 67 74 54 96 1 18 92 41 58 64 81 73 29 36 24 77 3 85 86 51 84 27 33 26 0 19 10 75 2 44 98 91 88 83 89 15 25 
TEST 88 ARG:16 86 20 58 56 65 70 21 72 2 67 82 98 50 8 85 31 6 78 89 35 33 11 71 91 27 37 81 26 48 5 77 87 83 0 43 97 63 38 36 19 14 42 54 57 7 49 74 68 40 1 32 75 4 96 69 30 62 64 18 99 25 29 93 92 12 45 51 90 94 61 55 39 24 79 84 95 59 52 17 13 46 10 23 22 53 88 34 80 41 15 44 76 9 28 47 60 66 3 73 
TEST 89 ARG:7 67 42 49 12 92 35 71 70 28 5 86 73 32 79 55 96 23 69 83 29 17 54 84 30 75 8 46 66 18 50 36 59 53 0 65 81 48 9 91 90 47 97 16 95 26 56 99 33 87 40 41 13 4 6 58 89 52 14 15 80 10 3 11 74 60 31 19 88 45 57 34 44 43 72 27 78 1 25 94 77 98 21 62 85 68 39 76 51 64 93 20 82 2 24 63 61 22 38 37 
TEST 90 ARG:79 49 98 2 6 45 8 96 62 39 60 20 87 92 21 78 34 42 18 64 68 32 15 80 22 27 69 9 99 40 66 85 11 67 84 38 57 89 82 48 25 74 95 23 43 81 33 16 90 13 88 26 61 97 24 91 94 86 30 12 51 63 4 14 29 44 41 71 73 10 37 7 56 0 28 70 55 76 19 53 5 50 58 3 46 52 54 83 75 1 93 35 47 31 36 72 17 65 77 59 
TEST 91 ARG:13 47 14 1 28 55 10 37 31 93 82 39 88 27 2 36 95 56 52 73 60 51 32 84 70 19 21 8 4 66 72 74 98 12 57 54 68 20 59 40 65 48 85 61 96 18 11 25 38 79 43 71 45 92 29 53 87 5 86 99 22 26 94 42 67 76 89 3 69 41 9 15 0 77 24 91 97 35 17 44 64 33 23 78 7 62 83 46 75 49 50 90 16 6 80 63 81 58 30 34 
TEST 92 ARG:36 76 48 15 88 12 33 61 82 9 90 0 31 75 86 10 46 21 67 35 92 62 93 80 78 44 79 26 28 19 27 49 94 64 58 18 16 59 63 51 68 8 91 34 40 11 84 60 13 97 1 71 14 53 25 54 65 50 37 72 70 87 69 23 45 89 43 95 41 73 98 42 7 74 6 99 38 55 81 30 77 3 96 47 83 5 22 2 56 29 20 66 24 39 17 52 57 32 85 4 
TEST 93 ARG:68 44 87 76 99 75 48 82 43 90 52 83 19 55 25 80 88 42 66 18 4 58 27 89 14 5 29 38 94 70 32 95 79 37 23 98 10 63 39 7 26 93 40 2 51 8 60 15 72 62 11 24 12 30 78 33 69 28 56 71 84 96 22 92 41 73 77 35 61 86 17 54 16 34 59 21 49 65 1 67 20 64 45 13 46 53 31 85 9 74 47 0 57 91 36 3 81 97 50 6 
TEST 94 ARG:67 23 20 88 1 73 75 99 74 15 17 46 58 34 26 69 31 10 14 21 89 18 12 83 49 42 43 47 81 50 9 32 29 85 36 64 84 94 11 4 86 38 39 79 90 16 65 8 2 82 44 56 60 76 57 92 53 22 45 87 52 27 59 54 19 61 96 91 66 5 77 24 51 71 55 48 63 72 7 93 6 98 62 78 35 70 80 68 30 33 28 0 37 41 13 3 97 25 95 40 
TEST 95 ARG:1 14 27 13 56 19 97 64 28 99 86 6 41 0 74 25 38 96 71 66 22 55 85 8 37 4 24 47 52 89 82 73 34 46 49 31 16 10 12 84 76 21 39 58 57 72 42 51 50 92 98 77 80 44 26 94 32 87 67 3 29 40 7 53 81 70 83 78 33 17 91 5 65 2 61 68 69 54 95 15 59 62 35 93 60 18 48 23 90 20 79 11 88 43 75 9 63 45 36 30 
TEST 96 ARG:56 24 46 92 34 64 89 79 30 77 76 90 28 7 81 43 97 29 14 0 6 37 84 91 18 87 80 52 26 62 65 17 59 10 99 86 83 61 36 57 41 60 27 53 39 40 66 15 78 19 31 96 8 2 23 13 94 58 3 67 33 22 72 49 47 5 4 55 75 12 35 70 11 85 25 38 48 71 44 63 54 1 73 9 16 50 45 42 69 98 21 95 88 74 51 68 93 82 20 32 
TEST 97 ARG:69 30 17 49 57 20 95 26 15 65 18 66 97 42 67 32 4 83 98 10 39 58 40 33 16 96 31 52 25 72 41 11 79 13 37 38 3 6 81 47 1 71 19 68 62 77 91 76 8 36 70 21 12 93 87 35 99 75 90 28 63 89 2 50 34 51 74 59 84 55 92 45 86 43 82 24 53 5 44 14 94 23 54 56 29 60 88 64 73 0 61 22 78 80 85 7 9 48 27 46 
TEST 98 ARG:63 26 30 72 85 71 25 55 89 60 96 58 37 41 1 95 99 19 21 3 48 20 8 57 84 91 33 40 50 67 76 47 75 12 39 80 61 46 93 32 27 88 36 29 42 97 81 31 87 53 11 56 34 38 51 0 28 73 18 23 5 43 6 98 65 68 92 82 10 45 2 62 74 16 59 17 24 78 86 44 7 90 52 35 64 69 13 79 9 54 66 83 22 15 94 4 14 49 77 70 
TEST 99 ARG:58 56 14 29 50 7 55 94 13 26 27 75 93 72 2 86 79 69 67 18 35 49 62 22 73 90 46 30 34 43 32 82 19 24 41 21 4 97 52 37 99 84 70 57 10 23 16 59 63 47 65 45 8 6 28 11 78 15 20 53 54 3 85 91 36 40 87 98 66 61 1 77 9 88 17 81 89 44 71 0 80 51 31 64 60 5 39 12 25 38 33 95 68 83 42 92 74 48 96 76 
TEST 100 ARG:90 84 72 95 71 9 57 24 33 55 83 14 79 21 73 27 81 54 88 4 7 41 49 87 76 91 42 68 3 82 53 5 10 62 65 32 96 26 40 15 70 97 13 46 36 1 23 31 43 50 61 60 69 37 85 12 93 78 94 34 48 86 38 98 64 44 30 75 19 99 11 0 89 22 39 66 51 58 29 8 16 35 92 52 59 77 6 67 74 28 25 56 2 47 80 18 45 63 17 20 
TEST 101 ARG:47 60 69 73 66 23 81 80 12 41 85 77 92 58 26 71 17 37 13 22 51 50 21 24 97 90 16 53 29 2 46 62 75 4 6 79 10 31 19 93 33 34 14 32 70 42 44 25 95 88 27 57 49 55 82 28 30 7 68 87 9 86 98 48 65 11 20 38 84 72 63 94 56 61 36 45 52 43 15 96 3 54 89 59 64 18 8 5 78 99 91 74 0 39 67 40 35 83 1 76 
TEST 102 ARG:31 47 37 68 43 8 91 59 9 92 23 57 11 56 86 61 52 30 71 10 98 76 54 90 49 50 63 85 16 58 13 19 87 40 80 94 88 95 34 69 83 33 93 99 72 55 18 28 25 17 96 24 41 38 74 15 0 79 45 48 81 26 60 35 12 27 29 84 62 82 77 22 14 3 65 4 89 64 73 46 42 51 36 6 66 2 78 32 75 20 5 97 44 1 39 21 67 70 7 53 
TEST 103 ARG:12 91 37 89 27 83 38 9 64 2 8 97 86 68 30 49 99 4 54 67 50 71 88 85 66 82 32 11 39 15 21 23 17 87 80 0 22 19 46 20 1 78 24 45 70 63 18 51 61 10 79 29 76 53 57 33 90 74 35 94 77 59 44 14 58 56 7 25 55 96 26 31 34 69 93 28 52 72 13 5 42 95 81 16 84 75 43 47 92 3 6 40 98 36 48 41 73 65 60 62 
TEST 104 ARG:60 96 50 0 37 53 84 11 43 28 59 86 49 25 8 73 93 47 12 13 82 70 51 78 66 38 89 6 71 52 67 40 95 20 87 91 79 64 36 56 33 4 57 55 90 99 16 58 41 42 83 31 80 10 14 88 77 1 72 2 65 75 18 32 76 24 94 68 34 48 26 5 21 3 15 98 9 63 19 23 92 81 29 7 27 30 17 44 85 35 54 97 69 22 46 61 62 74 45 39 
TEST 105 ARG:27 76 15 66 14 22 45 54 37 40 23 59 84 51 36 33 93 95 88 71 47 81 97 2 92 43 53 4 98 63 73 3 38 67 44 77 42 20 90 89 82 28 29 94 56 25 13 6 65 60 5 64 41 48 30 52 55 57 10 39 74 18 11 0 19 50 75 91 85 86 26 68 1 7 70 16 8 62 61 87 49 31 78 34 24 21 9 35 46 99 83 79 72 69 12 58 80 96 17 32 
TEST 106 ARG:55 24 4 38 70 5 9 21 97 15 20 29 53 87 47 99 85 32 13 77 93 51 61 63 12 48 42 8 58 43 10 83 50 7 86 30 90 75 1 19 44 80 52 72 16 76 0 56 92 96 46 78 6 37 82 69 31 17 65 60 18 49 40 34 35 45 2 68 57 66 81 36 39 79 54 89 67 27 59 26 33 95 73 41 84 94 25 98 22 71 88 11 14 28 3 23 91 74 64 62 
TEST 107 ARG:93 26 15 98 89 70 61 56 75 28 8 44 51 29 88 37 42 85 32 30 2 41 7 78 64 58 13 60 45 97 62 55 82 63 73 99 36 12 91 9 21 38 50 87 17 34 10 71 76 68 24 72 6 4 74 39 27 84 20 11 66 18 65 49 54 52 47 95 16 14 19 43 96 22 53 5 69 77 90 33 48 80 57 23 35 81 86 3 83 79 25 59 92 1 31 94 0 46 40 67 
TEST 108 ARG:10 93 46 92 53 30 18 20 43 51 61 63 23 37 73 71 34 50 68 39 31 78 87 57 66 60 88 84 4 5 52 83 21 6 72 81 35 67 90 54 65 77 55 11 7 0 42 76 17 97 12 9 70 14 15 41 74 1 58 49 96 56 45 44 24 95 2 80 40 48 82 28 32 62 27 26 13 91 8 19 59 33 75 64 99 16 38 94 22 85 47 89 36 69 79 98 3 25 86 29 
TEST 109 ARG:72 14 45 68 30 25 97 34 57 41 55 91 20 92 42 93 86 21 24 33 90 38 39 16 7 64 58 10 5 84 18 53 69 62 71 36 88 52 77 40 8 65 79 51 49 96 2 6 23 80 50 29 22 74 17 60 95 81 48 43 1 44 54 19 59 94 28 35 75 78 89 27 15 76 56 3 46 67 99 87 82 12 9 26 11 70 31 66 73 32 37 98 13 83 63 4 61 47 85 0 
TEST 110 ARG:51 28 53 20 91 13 23 73 80 87 48 49 64 54 15 27 24 21 18 86 71 97 2 31 41 63 62 85 60 68 56 58 0 70 61 7 47 26 14 76 9 59 55 30 75 95 69 67 77 66 32 84 12 94 72 50 6 90 17 98 10 36 44 1 79 39 78 74 34 29 65 92 82 57 40 45 89 37 4 96 88 38 81 3 16 33 99 43 25 8 5 46 22 93 11 42 35 83 52 19 
TEST 111 ARG:30 90 66 3 84 73 67 48 0 92 21 57 1 27 58 69 7 31 89 12 54 93 98 53 62 18 19 39 10 88 34 9 64 13 32 96 56 23 2 76 25 80 71 91 28 46 20 65 86 11 17 15 44 43 72 95 49 77 97 51 83 4 99 47 45 63 79 38 37 22 16 33 85 74 60 40 26 8 35 75 5 6 70 59 61 50 52 14 42 36 78 87 55 82 94 41 81 24 68 29 
TEST 112 ARG:81 75 39 47 14 44 26 57 86 79 20 19 41 77 30 98 93 34 74 9 12 6 50 0 82 48 15 21 8 40 87 68 32 59 63 31 29 71 16 23 62 45 69 85 37 83 84 4 52 95 94 25 13 96 72 49 70 33 54 73 97 27 55 60 35 78 51 24 80 2 43 28 18 36 56 65 5 99 10 76 3 42 22 66 38 92 53 1 61 89 7 17 11 91 58 67 46 88 90 64 
TEST 113 ARG:98 52 95 18 50 35 58 17 65 6 10 91 12 26 31 40 61 13 97 85 1 82 38 21 70 30 25 2 36 3 63 19 99 9 27 68 78 55 15 34 20 47 45 29 64 23 79 11 69 66 84 14 92 54 43 32 67 75 72 22 49 73 24 87 60 33 8 57 28 16 46 48 62 80 44 77 5 41 94 56 83 4 90 96 74 53 59 76 39 89 7 51 71 88 37 93 86 0 42 81 
TEST 114 ARG:95 51 34 40 74 32 33 89 53 18 83 70 38 41 86 17 16 88 9 39 90 27 72 0 79 14 35 26 97 56 24 19 76 1 50 44 96 8 47 75 3 87 12 37 10 78 67 15 48 60 82 22 64 80 59 30 71 92 91 45 99 65 46 31 55 20 77 52 6 81 94 54 85 25 98 4 63 11 93 49 36 21 84 42 29 66 61 57 62 13 68 43 69 28 7 5 73 2 23 58 
TEST 115 ARG:70 62 26 3 77 60 78 36 71 5 56 32 45 28 50 19 94 81 63 42 90 99 22 14 33 88 85 31 8 21 86 11 48 37 97 95 84 79 80 51 9 92 29 47 98 74 83 67 38 20 30 52 66 89 7 43 27 93 35 69 58 61 64 87 44 91 54 12 75 76 57 55 18 53 6 41 24 65 39 34 4 59 23 10 68 0 13 46 15 40 16 73 1 49 72 25 17 2 82 96 
TEST 116 ARG:64 49 48 96 60 6 10 70 34 13 19 39 59 30 66 53 99 1 98 4 50 57 40 91 35 14 71 95 26 33 27 36 45 92 80 9 38 23 79 68 78 93 52 55 83 31 7 73 37 87 18 20 42 84 22 47 32 0 77 11 65 63 2 15 44 81 12 24 58 51 76 5 97 75 94 29 85 56 82 28 41 17 88 21 90 62 43 67 16 8 54 69 61 74 72 3 46 86 89 25 
TEST 117 ARG:84 62 5 38 46 72 40 7 86 16 3 21 63 71 99 66 70 78 95 67 24 93 1 15 19 42 31 6 29 92 49 80 51 96 85 98 28 23 30 33 74 12 50 87 37 90 13 44 69 60 64 17 10 47 8 53 4 20 91 41 59 18 81 36 14 55 52 61 75 65 97 73 79 88 9 45 76 11 32 27 77 68 89 82 43 54 22 83 25 39 48 35 0 56 26 2 57 34 58 94 
TEST 118 ARG:46 60 15 74 97 33 67 90 92 3 96 70 47 45 10 14 68 73 41 2 28 87 24 19 84 86 63 35 95 21 37 11 17 44 65 20 25 78 36 94 64 48 52 4 6 59 99 39 83 16 75 56 38 71 5 77 72 93 62 32 79 34 22 29 12 55 89 51 88 43 31 61 82 66 53 0 91 42 50 69 81 1 58 76 9 54 98 80 13 30 8 23 26 40 18 57 7 85 49 27 
TEST 119 ARG:63 29 19 18 45 80 4 21 93 58 95 70 16 15 13 10 67 22 86 82 89 27 38 55 26 81 3 68 46 75 62 52 6 44 50 91 34 66 85 43 7 39 98 42 84 8 49 57 87 9 41 77 60 97 25 23 61 35 36 30 78 96 64 37 17 12 59 79 2 5 0 69 48 74 1 94 83 14 47 73 24 54 40 33 20 99 88 71 51 92 28 32 76 72 90 11 31 65 56 53 
TEST 120 ARG:95 78 88 49 57 11 65 26 24 29 52 38 75 73 59 41 14 99 77 32 20 13 94 18 58 2 85 30 98 51 22 66 36 35 61 70 0 33 5 54 86 47 19 74 89 8 39 56 81 15 6 72 37 62 79 7 68 17 64 21 28 67 96 25 40 84 45 23 42 53 34 80 69 46 90 4 16 43 92 50 83 55 87 82 44 10 27 97 63 91 76 60 93 3 71 12 1 31 9 48 
TEST 121 ARG:99 92 96 34 81 15 56 70 32 97 65 84 85 2 24 50 12 59 67 80 95 69 91 39 49 71 37 68 1 42 43 61 17 31 28 5 47 94 57 40 79 86 93 48 30 21 63 13 45 20 66 19 64 82 75 8 26 72 14 74 60 4 33 51 77 36 16 46 54 25 11 9 52 10 88 53 27 29 3 83 41 23 62 0 38 58 76 78 98 6 87 73 90 44 35 22 55 7 18 89 
TEST 122 ARG:45 22 19 53 28 12 44 39 11 67 6 98 46 85 25 77 27 97 1 9 33 5 62 83 93 18 74 92 51 35 76 90 65 63 70 79 13 43 0 68 56 15 10 55 94 3 41 37 69 49 42 71 17 72 61 64 21 91 7 80 36 50 24 57 95 58 81 66 30 47 86 88 32 14 31 38 73 75 26 99 60 59 16 78 54 20 4 87 96 52 8 89 29 48 2 40 23 34 82 84 
TEST 123 ARG:35 64 80 70 73 45 78 31 42 69 92 9 8 90 52 66 84 17 76 58 99 26 27 49 41 28 38 63 86 40 13 72 82 37 24 59 53 96 16 51 43 23 12 77 21 22 46 36 20 62 19 65 67 33 94 48 18 71 57 55 89 2 29 75 47 32 97 88 15 79 68 39 93 1 61 6 44 56 74 98 11 54 50 87 5 81 34 10 7 14 91 25 0 3 60 95 4 83 30 85 
TEST 124 ARG:36 98 86 37 19 84 6 22 16 18 23 92 12 27 97 56 69 48 78 50 61 51 11 43 64 7 33 14 8 4 35 31 79 3 76 65 58 91 54 26 72 63 68 25 17 38 41 73 45 52 28 67 83 9 21 30 39 66 85 89 49 77 20 80 94 46 95 29 24 71 60 10 88 40 93 74 57 0 2 75 70 62 87 42 90 82 47 44 53 1 15 96 59 32 13 34 81 55 99 5 
TEST 125 ARG:25 83 44 87 53 52 41 47 81 46 1 68 90 0 5 71 67 95 17 62 55 79 9 10 74 63 85 4 54 43 89 64 21 73 57 98 50 7 19 45 6 77 40 39 84 94 11 23 29 15 66 20 32 72 69 37 42 27 99 36 56 96 34 88 2 80 35 8 38 16 14 13 3 78 60 18 65 26 51 97 22 76 59 30 70 12 33 86 58 28 93 48 24 92 31 49 61 75 91 82 
TEST 126 ARG:12 31 79 61 3 22 21 39 34 8 63 92 67 70 56 86 43 94 7 19 66 26 47 41 42 81 95 58 50 51 13 20 62 87 35 91 88 49 71 84 55 32 75 73 4 24 57 15 5 36 45 53 93 33 40 14 65 1 83 76 18 9 29 68 6 30 80 37 59 25 98 77 16 82 46 10 96 2 27 85 64 78 97 17 0 74 90 28 72 89 52 11 48 44 69 99 23 60 38 54 
TEST 127 ARG:82 74 71 21 11 84 73 9 61 48 56 10 12 31 50 2 70 79 16 46 54 90 95 28 22 18 64 57 39 49 40 41 60 45 34 89 44 5 72 6 55 30 36 93 3 37 76 26 92 85 99 77 75 65 87 69 53 51 81 91 96 58 94 1 68 59 78 20 83 67 0 19 80 42 4 43 38 98 8 23 86 7 97 66 15 13 33 47 62 88 24 35 29 14 17 52 63 25 32 27 
TEST 128 ARG:75 72 0 82 68 26 88 56 40 77 53 33 71 17 83 87 10 21 6 93 41 24 64 94 98 66 47 13 20 31 92 90 36 37 38 7 49 44 84 29 62 57 19 55 14 16 60 2 69 74 65 48 91 73 76 9 67 22 3 59 99 4 43 34 30 46 78 70 28 89 11 1 12 85 32 80 15 8 25 42 23 52 58 39 51 54 63 50 86 35 96 81 95 27 61 45 18 5 79 97 
TEST 129 ARG:63 72 33 34 40 43 73 97 68 7 0 31 81 62 61 37 55 19 65 13 1 99 22 8 27 80 24 51 32 29 82 52 36 74 12 49 98 35 25 76 23 78 53 79 4 30 77 56 94 89 47 57 75 91 54 11 71 20 59 88 96 86 9 85 87 93 48 6 16 5 28 21 46 67 2 70 60 95 26 18 50 3 66 14 92 69 42 84 44 10 39 41 58 45 38 90 17 83 15 64 
TEST 130 ARG:45 98 47 76 56 32 43 2 41 10 30 21 61 14 63 39 18 54 92 59 60 78 25 57 70 53 16 71 46 31 1 73 22 27 91 29 44 58 97 65 11 7 84 74 83 20 26 77 52 40 4 23 55 0 33 79 68 64 13 17 9 62 94 19 80 24 35 89 86 81 90 5 6 72 82 67 42 3 37 95 87 99 15 36 38 75 85 50 48 49 51 88 8 69 93 66 96 34 12 28 
TEST 131 ARG:41 40 45 52 24 47 87 0 50 30 67 34 89 63 94 37 84 95 31 21 4 18 91 80 98 38 82 3 39 97 93 49 26 12 65 81 48 70 86 14 96 79 72 43 74 61 83 28 75 11 13 17 59 64 32 90 54 44 16 20 7 92 8 77 99 68 88 15 27 19 56 55 58 1 73 57 10 23 76 9 51 6 85 46 25 42 71 53 35 22 5 62 29 66 2 69 36 60 78 33 
TEST 132 ARG:63 28 46 5 50 67 91 0 10 8 94 95 60 80 55 70 11 13 17 59 29 40 78 25 68 87 64 98 12 76 47 69 14 53 71 15 31 43 85 33 77 6 65 75 86 1 42 26 52 72 30 83 21 45 84 90 2 23 56 89 36 19 18 51 22 37 20 48 99 97 24 61 9 4 34 66 3 74 81 32 82 39 93 58 16 62 88 92 35 41 44 57 49 27 54 38 96 7 73 79 
TEST 133 ARG:33 29 51 2 64 78 63 24 73 18 69 49 77 96 32 62 23 48 35 79 61 16 66 50 83 19 76 72 0 52 86 30 42 43 12 34 71 6 53 8 94 41 47 39 59 90 85 80 54 13 97 87 10 31 82 88 26 68 57 37 44 20 91 98 74 21 70 38 99 60 65 81 15 4 40 75 27 92 7 14 46 28 11 1 22 3 89 56 84 45 55 17 95 36 58 67 25 93 5 9 
TEST 134 ARG:2 32 95 98 80 94 19 28 85 44 60 1 93 69 27 21 67 50 75 24 42 62 8 29 25 97 56 31 14 18 12 0 92 79 30 26 74 38 45 35 3 72 68 5 86 54 6 23 15 47 46 99 49 58 7 61 64 83 39 33 84 9 82 87 4 88 77 90 71 63 10 20 96 36 59 17 89 70 51 52 81 66 57 22 11 34 48 37 40 78 91 16 73 43 65 13 76 41 53 55 
TEST 135 ARG:34 90 83 6 41 21 37 13 25 36 18 48 76 44 63 75 1 97 35 14 96 77 60 54 53 84 92 23 95 19 24 91 98 55 51 0 78 50 94 62 28 2 88 82 61 79 31 57 5 10 45 70 73 17 74 93 89 47 58 15 33 49 22 7 4 43 20 12 30 67 85 71 11 99 29 39 46 40 32 9 26 38 56 8 68 87 3 66 52 27 16 80 72 86 81 65 64 69 42 59 
TEST 136 ARG:52 60 64 35 31 37 80 81 85 67 86 45 16 65 6 75 8 53 5 20 10 42 18 92 1 21 56 32 13 0 51 24 71 93 14 57 43 34 89 29 84 95 58 27 90 36 49 98 26 87 17 99 79 9 73 61 46 33 63 23 77 25 47 39 12 48 83 74 54 2 19 96 59 3 41 76 62 11 38 69 70 15 30 72 22 28 55 50 82 44 4 66 7 88 97 94 78 68 91 40 
TEST 137 ARG:51 59 29 63 0 97 95 39 80 72 10 57 31 54 52 6 27 93 49 78 2 35 82 88 17 77 92 67 45 42 40 64 99 33 23 86 26 11 43 61 36 73 12 3 32 22 25 30 84 38 53 19 46 62 79 7 47 60 83 75 48 21 16 69 65 15 90 20 28 98 68 96 91 8 85 87 76 94 55 18 34 70 44 50 9 37 14 4 81 41 56 5 74 1 58 89 24 13 66 71 
TEST 138 ARG:85 72 63 35 36 21 2 69 52 25 90 92 74 97 75 53 34 16 0 5 59 41 56 42 32 38 33 57 30 31 67 64 55 45 44 27 48 94 8 15 1 10 18 19 81 24 50 17 82 98 46 6 23 22 28 83 39 66 51 40 70 14 80 37 88 96 47 95 13 9 49 11 78 89 61 91 76 77 4 26 84 79 12 20 43 3 86 87 71 93 29 58 54 65 60 7 73 99 62 68 
TEST 139 ARG:96 12 55 78 82 92 85 97 5 22 51 11 70 2 94 36 59 86 10 74 80 63 67 60 41 53 99 39 23 83 64 69 30 52 19 76 17 1 6 47 65 18 73 54 37 89 49 9 24 16 4 46 91 71 32 93 79 72 90 38 50 77 95 7 8 29 48 13 84 98 57 58 3 25 43 34 87 66 61 14 20 33 31 35 28 62 40 21 27 15 45 68 88 56 42 0 26 44 81 75 
TEST 140 ARG:36 5 99 34 76 74 82 84 2 45 77 86 16 58 66 63 28 19 9 12 11 4 38 80 13 92 29 30 61 68 67 39 7 75 50 56 6 57 21 69 8 23 54 22 26 33 3 70 93 14 95 53 25 24 71 41 17 64 88 62 37 91 96 18 20 35 79 49 32 40 52 72 0 31 47 65 43 81 55 15 89 51 94 78 1 83 27 90 44 48 85 42 98 10 87 73 97 59 60 46 
TEST 141 ARG:41 88 46 85 91 24 50 94 37 57 49 79 14 87 23 29 53 38 97 22 25 27 45 21 0 31 19 47 93 58 40 52 62 95 82 55 33 86 75 78 9 67 59 98 35 64 15 92 42 26 11 56 1 5 66 39 36 4 80 81 71 72 60 8 65 16 51 34 17 3 32 74 89 90 6 76 20 2 54 96 48 70 69 10 77 44 83 30 7 68 13 61 43 18 84 12 28 73 63 99 
TEST 142 ARG:18 50 95 19 48 40 15 22 30 62 72 52 58 8 41 25 37 56 31 46 83 21 10 17 98 38 11 45 67 66 65 91 69 70 51 54 63 24 53 73 82 5 94 20 78 81 80 60 23 27 68 49 55 42 76 3 86 44 84 96 64 79 92 39 2 57 6 14 35 77 36 99 87 9 61 4 1 75 89 7 74 59 28 13 26 71 16 33 93 0 97 88 90 34 32 29 47 12 43 85 
TEST 143 ARG:82 50 76 67 4 58 38 29 64 43 45 74 94 75 6 71 59 33 78 18 63 68 80 54 7 48 69 25 20 60 73 32 87 99 15 49 42 14 26 36 65 70 16 53 10 24 3 98 5 86 13 72 41 44 2 46 62 96 92 93 51 17 97 84 90 19 89 8 30 55 40 56 1 81 22 52 11 88 37 85 91 21 61 23 66 35 27 47 34 0 28 9 79 95 77 39 31 83 12 57 
TEST 144 ARG:60 33 85 91 92 79 18 98 39 96 73 71 14 64 6 75 29 84 4 13 9 90 97 35 67 58 44 99 52 49 21 53 15 7 63 24 2 68 10 28 1 50 69 42 51 5 65 80 27 89 93 17 8 34 43 37 62 87 26 55 40 78 77 3 20 72 61 74 47 38 59 23 41 95 70 22 81 45 88 86 76 56 32 48 12 0 25 16 83 94 36 19 57 11 82 46 30 54 66 31 
TEST 145 ARG:30 51 53 97 32 39 18 84 87 2 96 63 46 60 77 31 93 78 71 49 88 25 75 35 47 76 22 14 42 0 52 19 12 70 59 81 56 72 66 7 10 48 6 90 95 61 69 58 9 92 94 27 38 26 23 1 36 55 89 79 67 8 20 34 98 40 33 99 85 54 24 17 13 15 11 62 3 64 37 82 50 86 74 83 44 28 41 29 91 57 5 80 21 16 65 73 45 43 68 4 
TEST 146 ARG:10 58 61 2 39 42 36 16 83 12 72 80 31 0 90 15 11 41 88 28 95 38 82 7 47 4 98 37 22 13 29 69 27 64 30 1 50 26 44 48 97 34 84 32 17 40 93 51 19 78 55 14 96 25 73 99 57 62 74 94 65 52 85 92 79 23 87 63 20 18 68 49 76 3 77 66 56 60 24 67 53 21 9 45 54 86 8 71 6 89 46 33 43 35 70 75 5 59 91 81 
TEST 147 ARG:50 28 96 49 8 33 92 13 1 94 84 27 46 87 85 93 69 91 70 76 65 2 10 97 6 53 89 56 37 0 26 98 99 67 74 41 51 95 11 9 45 20 22 36 54 57 66 90 5 38 14 55 79 47 16 86 63 35 82 23 60 43 83 17 25 68 44 88 7 21 58 52 73 15 29 75 80 3 30 62 77 31 40 24 64 78 48 81 19 4 12 18 71 61 32 39 59 34 42 72 
TEST 148 ARG:4 76 82 37 20 28 13 35 34 47 16 55 86 88 60 64 5 74 56 78 97 53 90 15 19 96 18 17 36 39 30 8 73 67 21 66 10 83 84 57 42 32 1 69 54 49 92 11 99 46 25 24 22 72 29 93 43 7 79 0 58 95 45 12 77 31 68 89 62 87 81 98 71 14 44 63 48 51 40 70 50 75 41 94 2 9 3 80 85 26 33 38 65 27 59 6 52 91 61 23 
TEST 149 ARG:23 21 61 63 70 39 34 57 86 6 65 78 43 96 77 38 56 28 5 30 26 45 19 25 68 83 10 11 93 88 14 16 32 49 8 59 3 52 82 94 75 24 58 99 48 50 71 0 80 40 51 15 18 12 67 81 42 74 33 76 35 20 72 46 31 85 84 55 98 47 1 92 9 69 13 2 22 64 62 44 89 87 4 29 90 66 95 53 91 97 37 27 73 7 54 79 41 36 17 60 
TEST 150 ARG:46 50 53 79 34 7 1 41 93 66 64 90 38 16 80 13 55 43 28 33 37 70 29 18 61 19 30 82 12 68 96 47 54 24 92 42 35 25 69 85 67 44 36 14 8 20 73 40 56 49 89 22 65 86 62 63 59 94 75 77 51 87 2 11 76 23 9 84 45 58 39 10 91 57 48 72 26 3 21 74 27 88 97 78 15 83 4 17 95 0 6 98 99 60 81 5 31 71 32 52 
TEST 151 ARG:59 92 21 45 43 54 30 8 28 12 40 2 22 62 53 3 19 65 93 87 63 18 55 56 9 0 39 61 97 6 16 74 96 13 41 69 72 14 67 17 88 99 11 81 90 35 20 86 78 1 60 24 64 32 52 37 47 95 79 42 68 84 71 83 29 48 25 75 10 15 26 57 98 27 77 46 36 31 33 38 70 91 49 50 89 76 85 44 58 94 23 66 51 7 5 4 80 34 82 73 
TEST 152 ARG:60 69 26 52 19 99 78 97 37 15 63 56 1 66 3 40 55 74 57 71 84 53 10 9 59 36 33 38 80 82 64 86 81 16 14 6 85 43 87 89 96 50 13 45 5 21 93 28 29 32 51 35 17 94 54 76 30 46 73 8 70 24 95 58 67 48 11 7 2 20 27 25 72 90 34 31 4 42 22 88 23 44 62 39 79 49 68 83 41 98 75 18 12 61 77 92 65 0 91 47 
TEST 153 ARG:97 80 79 94 6 48 30 0 37 85 33 16 58 42 73 92 5 15 31 20 69 87 40 75 4 52 7 43 29 23 38 74 78 81 13 63 90 10 68 11 65 19 56 53 27 62 34 46 95 17 54 76 60 39 93 12 28 41 2 84 36 9 89 96 47 14 26 18 64 66 44 70 35 55 98 21 8 1 72 32 24 71 49 3 61 59 82 25 50 77 22 86 99 51 57 88 91 67 83 45 
TEST 154 ARG:66 14 96 17 38 30 92 58 32 55 19 2 22 36 46 93 25 45 12 85 48 4 71 72 88 33 26 44 60 86 23 49 15 42 97 28 67 34 27 0 77 87 69 63 52 68 65 91 35 11 79 51 61 62 94 90 82 29 16 78 99 59 3 84 39 7 5 31 40 50 73 6 57 80 43 70 64 47 41 95 9 81 56 76 24 89 13 1 75 21 8 18 74 54 53 37 10 83 20 98 
TEST 155 ARG:18 63 83 37 15 41 54 27 68 8 94 7 61 91 19 2 67 34 95 96 13 48 16 52 66 17 36 99 30 92 70 35 23 89 79 42 29 80 9 90 81 98 64 47 31 75 60 32 62 74 78 77 65 88 22 6 25 56 57 3 5 59 84 97 12 43 45 69 40 76 46 20 11 87 33 71 38 14 85 53 93 21 4 39 28 0 1 26 72 73 10 55 44 50 86 58 49 51 24 82 
TEST 156 ARG:58 73 77 81 72 24 33 37 80 22 93 56 65 57 55 0 42 14 10 2 15 39 20 54 30 4 82 67 87 99 35 16 78 13 3 53 90 74 9 64 27 61 95 62 79 60 29 94 18 48 45 41 40 28 7 44 5 17 46 91 70 36 51 68 8 1 52 71 19 66 25 34 21 50 11 86 69 88 96 63 31 92 26 76 49 85 83 97 47 75 98 84 32 23 12 89 43 59 6 38 
TEST 157 ARG:25 73 58 93 53 83 74 27 40 15 86 56 30 18 0 19 33 45 55 65 37 1 59 4 23 8 61 32 62 34 21 76 71 7 82 79 60 87 36 41 94 28 48 77 88 91 50 75 89 17 31 96 52 43 3 44 81 49 39 42 35 29 12 92 63 2 13 9 38 69 72 47 6 85 67 90 68 16 24 22 78 84 5 97 26 11 80 95 51 57 64 98 70 54 99 20 10 66 46 14 
TEST 158 ARG:31 76 44 53 37 34 16 92 26 40 27 2 99 14 97 63 19 43 81 23 65 83 30 13 42 1 57 33 51 71 47 77 25 0 56 96 66 5 36 28 46 60 8 49 21 89 79 70 75 22 90 84 52 50 18 80 86 62 45 87 39 74 78 94 20 6 32 93 61 91 15 11 29 64 7 69 12 38 35 73 3 59 68 48 98 41 88 10 85 17 95 82 58 67 55 54 24 9 4 72 
TEST 159 ARG:94 85 67 40 39 89 56 66 65 6 26 19 34 16 37 83 77 42 84 92 95 24 29 50 45 5 90 36 74 97 63 30 71 93 32 61 91 17 70 59 88 47 96 86 81 49 1 38 20 76 80 48 13 9 53 72 73 43 3 79 28 60 11 82 68 62 57 55 21 18 4 27 46 33 10 7 25 99 8 58 12 69 87 23 54 78 22 31 15 0 44 52 2 64 75 14 51 98 35 41 
TEST 160 ARG:52 6 45 18 71 93 53 56 40 55 38 75 17 46 83 69 94 57 84 96 39 37 43 67 32 90 22 80 91 28 36 87 20 24 29 11 60 82 98 64 15 9 30 50 74 23 85 10 51 78 61 66 88 68 1 73 77 49 79 99 21 44 14 41 54 12 47 13 27 0 72 92 34 7 65 2 16 70 3 35 89 95 63 76 4 62 8 33 97 25 48 31 81 19 5 42 59 26 58 86 
TEST 161 ARG:95 11 12 89 76 59 72 71 20 44 78 7 21 0 50 23 84 5 40 90 86 99 74 22 41 65 75 1 31 60 3 80 32 70 82 64 81 26 94 38 6 97 98 79 15 14 47 68 28 67 87 24 29 30 49 27 45 51 2 35 85 62 54 53 52 8 55 66 13 77 92 9 91 42 96 10 39 61 36 37 43 18 17 57 83 93 88 63 16 33 58 73 19 56 34 69 25 4 46 48 
TEST 162 ARG:11 38 14 6 9 83 42 16 81 34 60 4 89 95 59 15 62 24 5 8 2 26 54 30 20 65 7 93 37 79 77 63 40 61 25 76 51 74 88 1 91 66 96 55 56 28 99 23 32 27 12 17 18 78 72 57 85 35 80 41 0 71 43 75 47 45 97 21 73 84 39 87 36 53 3 48 69 13 82 46 10 33 50 90 22 31 29 94 98 86 68 70 44 19 92 52 67 64 58 49 
TEST 163 ARG:56 18 86 12 16 13 88 58 54 99 94 10 97 19 48 28 44 76 27 35 96 4 75 67 0 63 87 64 92 17 51 29 49 14 83 22 25 39 46 84 23 15 55 80 9 78 6 53 66 42 90 3 2 70 1 21 47 62 59 31 26 65 37 77 74 85 33 24 5 89 98 82 52 38 79 81 20 71 11 50 61 36 69 7 60 43 45 32 8 30 73 68 41 72 91 95 34 93 57 40 
TEST 164 ARG:3 71 44 93 85 62 88 21 50 14 43 10 70 67 81 76 39 22 92 69 80 91 20 61 60 19 73 7 51 23 58 16 41 99 29 47 90 18 15 63 66 6 79 84 75 82 94 0 34 57 5 68 26 17 96 89 64 4 55 59 30 65 13 27 54 2 74 12 56 35 97 46 42 83 9 52 72 78 25 33 87 77 98 1 36 40 31 24 48 28 86 95 45 8 49 38 32 37 53 11 
TEST 165 ARG:29 68 87 0 80 15 93 54 69 40 94 7 12 6 45 19 47 16 4 85 89 18 64 56 42 44 71 67 32 78 1 79 10 98 62 75 65 24 21 58 51 59 84 23 17 55 20 22 88 37 13 31 60 82 99 8 70 76 92 48 77 57 52 38 36 74 53 97 61 46 27 73 34 41 83 25 86 14 33 50 3 9 28 35 30 95 39 11 81 66 63 49 96 26 5 72 43 91 2 90 
TEST 166 ARG:97 89 14 25 65 36 83 82 21 34 5 64 53 80 48 3 18 51 69 22 62 39 87 32 46 50 8 10 6 93 59 57 73 45 37 0 12 90 1 71 67 30 17 20 33 15 70 7 44 43 19 63 26 49 81 35 92 58 66 23 24 2 88 56 13 9 98 68 52 42 75 38 61 72 76 78 54 4 60 79 28 11 27 41 86 95 31 91 96 84 74 29 55 99 16 77 85 94 47 40 
TEST 167 ARG:91 41 82 24 6 74 71 55 16 66 85 97 86 90 5 95 53 34 32 61 29 65 7 10 56 87 57 98 9 93 78 92 17 38 73 8 96 4 44 31 99 1 51 88 48 54 3 33 20 15 62 67 76 63 12 72 43 47 84 81 30 28 79 77 2 49 35 70 11 45 25 75 52 94 50 22 13 60 46 69 27 59 37 19 23 26 89 36 39 40 58 21 83 80 64 18 14 0 42 68 
TEST 168 ARG:95 61 18 90 98 84 47 96 73 30 11 89 44 70 85 13 43 39 22 9 3 66 54 1 60 41 24 68 78 14 50 6 17 77 33 56 53 27 71 19 10 81 8 25 15 91 58 82 16 57 51 65 79 2 45 75 31 63 94 37 20 62 69 86 7 4 23 38 55 93 26 5 35 83 88 80 67 21 32 52 49 87 76 28 42 97 92 29 12 0 64 48 72 40 36 74 46 34 59 99 
TEST 169 ARG:89 88 43 5 28 14 40 55 7 46 70 91 12 74 60 29 99 50 64 19 4 9 27 66 67 65 85 16 36 93 21 8 53 90 30 77 38 75 81 6 32 51 48 47 18 86 87 39 83 52 59 25 17 61 34 68 79 72 26 41 92 10 22 37 31 63 62 33 45 57 96 13 78 80 98 95 20 15 24 76 11 42 71 2 94 1 49 69 0 44 73 97 84 58 56 35 23 82 54 3 
TEST 170 ARG:11 0 55 6 1 74 65 67 7 45 43 70 42 35 9 29 14 87 8 47 51 24 91 21 19 48 12 10 27 97 59 77 2 50 15 75 61 58 95 83 40 41 49 16 20 96 72 22 73 64 56 71 30 54 80 69 98 3 44 66 26 81 57 94 17 52 82 36 39 85 78 68 88 25 46 93 18 53 38 13 5 62 99 33 92 90 37 76 31 84 28 60 89 86 23 34 32 63 4 79 
TEST 171 ARG:56 16 64 87 70 50 8 1 9 0 54 34 2 80 82 15 18 7 83 89 30 65 41 24 23 86 46 79 72 3 19 67 57 51 32 42 5 14 6 85 99 11 66 17 27 40 26 90 36 35 58 62 71 4 13 39 22 81 52 75 53 94 33 96 45 93 77 20 92 25 28 68 12 29 61 98 69 95 43 47 38 97 88 59 84 44 10 37 91 21 49 48 76 73 74 78 60 63 31 55 
TEST 172 ARG:57 61 64 51 39 44 5 70 13 68 55 65 21 37 17 76 66 86 14 95 45 26 99 71 96 18 40 63 58 48 33 93 43 84 10 16 1 74 34 2 67 92 8 6 30 75 60 91 36 59 73 50 4 97 85 54 52 31 38 89 62 35 22 72 49 98 41 78 11 81 25 24 19 32 83 47 56 20 79 0 29 7 9 46 87 82 77 23 15 69 28 27 53 42 94 3 80 90 88 12 
TEST 173 ARG:49 33 80 21 38 10 16 1 14 8 2 46 82 95 79 69 22 68 90 61 27 40 89 32 71 64 43 39 52 88 51 36 28 54 41 83 63 73 57 93 62 31 75 44 60 86 26 94 72 81 0 45 58 4 53 85 70 99 87 97 91 30 55 56 29 98 37 48 7 5 11 3 92 25 67 50 76 42 24 34 74 9 77 78 17 20 96 84 47 66 12 19 13 15 59 6 23 35 65 18 
TEST 174 ARG:8 74 52 54 28 20 96 71 44 97 80 53 14 19 56 88 75 81 13 30 25 95 72 34 1 26 31 45 87 4 76 47 55 78 3 36 58 51 2 7 29 62 60 16 94 22 35 43 40 50 38 12 32 93 5 15 66 21 85 37 99 48 84 10 73 41 6 64 69 70 63 86 42 17 49 59 77 0 27 91 90 18 89 33 24 57 79 61 65 83 11 68 92 39 46 82 23 67 9 98 
TEST 175 ARG:58 9 31 94 42 60 66 95 1 52 2 12 43 34 20 6 79 78 83 64 46 91 15 17 30 93 72 61 76 22 74 36 48 62 44 16 88 84 50 38 51 19 87 29 27 8 67 65 3 23 63 77 59 92 35 26 75 80 37 13 49 45 85 98 55 28 99 70 32 56 7 57 0 10 39 81 14 89 54 69 25 68 71 21 40 47 96 90 41 24 4 11 33 97 82 86 5 53 73 18 
TEST 176 ARG:2 22 87 53 44 48 86 5 46 31 7 36 11 35 57 17 1 41 14 27 24 58 38 79 65 97 93 25 99 10 21 42 13 54 43 12 95 15 62 29 55 63 77 52 98 4 3 85 32 73 71 88 90 20 80 0 66 18 30 61 40 37 39 70 50 33 76 92 94 26 45 8 78 74 72 56 84 59 49 83 9 75 47 34 19 6 16 89 82 68 91 23 28 60 96 51 64 67 69 81 
TEST 177 ARG:2 4 92 0 90 36 35 78 80 33 7 56 9 64 26 86 19 60 77 32 15 12 18 67 29 87 83 6 52 37 79 46 49 16 74 41 70 34 99 81 98 59 14 76 63 96 72 39 11 22 89 17 61 13 47 93 40 95 25 48 65 1 27 24 55 10 84 97 20 91 82 38 68 31 66 23 57 69 50 21 53 75 45 88 71 43 51 58 42 28 62 94 8 85 54 3 5 73 30 44 
TEST 178 ARG:37 5 78 95 82 62 67 7 33 79 34 85 22 20 57 29 65 24 59 55 53 66 89 23 71 92 84 32 96 2 35 6 40 18 90 42 91 63 10 94 28 3 47 98 21 72 41 75 97 51 17 31 73 50 11 81 45 86 1 56 61 88 4 9 68 99 43 8 64 77 54 49 87 46 30 83 26 38 25 52 39 27 58 14 60 93 0 16 44 69 48 15 19 76 12 80 74 70 36 13 
TEST 179 ARG:21 9 12 87 11 14 63 16 66 56 79 28 86 15 42 83 7 23 98 53 49 20 69 57 18 5 0 26 67 72 40 71 41 32 36 91 77 92 37 97 81 68 85 64 2 3 30 27 80 1 78 31 4 82 48 74 88 39 34 8 89 84 96 73 61 10 99 38 93 6 54 29 33 43 17 90 52 47 22 70 13 59 19 24 44 25 50 55 76 58 51 94 35 75 65 62 46 60 45 95 
TEST 180 ARG:80 68 73 93 4 55 57 6 30 11 17 60 69 45 5 18 58 19 31 47 24 44 53 50 66 83 37 1 84 32 42 15 98 7 20 8 2 78 0 77 48 23 97 74 51 79 56 41 63 82 86 29 52 85 92 22 9 61 91 39 12 13 90 62 25 76 14 10 21 71 65 89 26 99 34 43 49 38 67 95 88 81 75 72 36 35 3 54 46 28 40 70 87 96 16 33 94 27 64 59 
TEST 181 ARG:63 47 87 46 31 58 52 1 26 71 8 83 27 45 23 16 69 21 97 80 17 62 56 39 84 86 35 3 34 59 28 72 67 88 14 5 40 95 36 49 78 15 65 44 13 38 82 32 73 7 74 11 96 29 33 99 70 93 43 90 64 92 76 2 55 94 61 0 24 79 77 81 4 20 22 98 10 12 50 48 53 25 6 68 57 75 91 9 18 19 89 85 60 30 51 41 37 54 66 42 
TEST 182 ARG:43 26 25 18 42 0 65 45 71 70 23 9 89 47 27 29 74 83 16 48 77 66 13 61 21 80 90 72 56 4 64 40 53 52 62 97 38 15 54 73 57 41 75 85 44 93 99 35 1 50 32 31 88 36 14 46 22 2 92 63 6 96 24 68 95 10 79 17 76 37 84 11 86 7 3 12 33 49 91 8 60 87 59 58 19 94 20 39 55 30 81 51 98 28 82 78 69 5 34 67 
TEST 183 ARG:80 15 93 10 56 67 97 2 43 63 23 89 14 96 45 12 51 33 73 65 57 68 21 34 39 66 41 95 29 91 6 19 85 82 61 3 47 70 5 1 71 83 60 24 90 64 38 94 13 53 87 86 8 50 7 55 36 44 20 98 16 74 62 99 0 4 35 49 81 88 9 69 58 84 11 48 17 27 46 77 28 79 59 22 30 25 78 76 40 37 32 72 75 54 42 18 92 26 52 31 
TEST 184 ARG:68 90 66 67 94 61 6 28 48 14 34 84 8 9 39 95 63 62 24 26 81 52 89 44 46 7 4 92 16 88 77 45 29 97 69 15 25 5 40 30 1 65 87 96 20 76 42 32 41 3 59 38 12 58 82 72 36 37 71 53 57 51 83 22 18 54 0 56 91 35 98 33 93 64 21 74 99 60 19 80 86 10 70 13 85 27 55 43 73 11 31 75 47 50 49 23 2 78 17 79 
TEST 185 ARG:64 76 87 34 4 80 89 54 73 37 13 38 83 12 41 60 17 75 35 9 39 59 88 0 91 14 78 71 98 99 19 85 50 65 11 63 53 56 7 62 48 30 94 49 46 95 23 26 90 51 40 47 29 79 18 61 42 96 43 10 77 66 57 21 58 70 93 24 45 20 92 84 16 3 27 22 52 86 69 32 44 31 68 8 28 15 74 72 67 82 1 55 2 36 5 6 81 97 25 33 
TEST 186 ARG:85 20 54 17 13 70 74 31 22 90 8 92 57 10 61 51 75 43 79 71 27 84 14 2 30 66 69 48 41 53 34 44 93 97 72 29 60 49 4 91 28 86 15 47 24 3 94 99 33 55 68 62 16 42 98 52 40 58 46 80 23 76 56 7 36 9 50 6 89 81 67 59 12 37 0 18 73 65 39 45 82 88 64 38 77 1 63 11 96 78 32 5 21 26 87 95 83 25 19 35 
TEST 187 ARG:24 49 95 70 48 46 9 50 11 17 33 4 0 64 67 16 88 74 39 52 84 31 3 62 66 6 97 81 65 94 90 12 45 51 22 71 61 44 96 18 47 36 30 75 57 10 68 78 92 93 82 69 25 83 42 26 98 14 1 99 85 23 34 59 29 60 80 13 28 21 89 2 8 91 37 19 76 54 41 7 32 72 63 56 58 55 53 73 87 15 35 20 86 38 43 5 40 27 77 79 
TEST 188 ARG:26 44 91 41 99 61 12 33 79 14 98 59 62 65 51 48 15 35 72 85 83 19 37 32 71 10 63 78 16 82 1 21 84 24 96 70 94 5 81 76 89 86 45 17 56 52 95 87 29 8 42 60 22 6 18 34 55 80 69 73 97 66 28 30 11 47 7 53 68 75 92 0 9 31 3 77 2 36 67 57 88 49 64 38 46 39 40 43 4 58 27 50 13 93 25 23 20 74 54 90 
TEST 189 ARG:83 40 94 64 54 61 95 69 48 91 5 74 57 63 33 0 60 82 32 6 42 97 20 14 73 77 52 4 58 41 24 16 2 49 87 98 80 36 47 43 45 30 21 86 10 12 25 81 53 35 7 66 46 72 65 28 84 56 99 68 19 55 44 78 23 39 1 71 50 75 26 88 79 62 11 96 3 76 85 51 17 70 90 34 93 15 37 38 8 92 18 27 22 9 67 13 29 89 59 31 
TEST 190 ARG:62 22 78 65 28 14 77 37 94 95 44 34 85 46 67 51 55 81 4 31 47 48 72 54 43 20 45 59 40 57 84 1 66 63 7 52 79 32 11 39 23 18 88 86 25 17 60 13 89 42 75 61 69 12 90 5 58 70 41 53 6 15 36 91 64 29 93 92 19 50 38 8 82 71 21 96 49 33 26 56 98 9 0 73 3 87 99 74 68 2 35 80 83 16 24 10 76 30 27 97 
TEST 191 ARG:76 60 99 92 43 0 93 48 34 25 31 97 53 84 3 29 67 61 28 91 26 24 68 98 87 15 78 45 2 90 75 58 44 23 36 79 46 37 95 88 64 20 21 82 14 47 73 8 35 52 13 55 5 42 49 65 6 12 51 56 32 74 89 66 19 81 85 27 71 86 57 62 10 18 16 70 9 7 59 11 77 1 80 40 94 69 30 4 63 39 17 96 41 72 33 50 54 83 22 38 
TEST 192 ARG:41 79 52 75 20 29 32 28 90 54 11 18 26 36 63 85 30 40 70 59 89 96 68 48 35 13 10 0 97 74 44 14 92 87 82 58 73 2 86 31 55 67 17 57 95 23 80 65 9 99 62 6 98 22 71 53 69 15 1 78 76 77 3 46 25 49 19 8 39 84 24 50 88 83 56 66 47 81 42 7 16 64 93 4 45 27 43 91 61 38 12 94 60 51 5 37 21 72 33 34 
TEST 193 ARG:15 70 74 72 12 82 42 49 45 20 48 65 73 47 3 17 4 30 24 81 10 53 55 66 87 35 69 92 84 91 93 57 97 6 88 23 41 32 27 96 40 7 50 8 94 51 86 29 79 22 33 11 90 54 37 36 21 59 26 38 46 77 28 43 16 25 44 98 64 9 76 13 89 18 60 83 5 99 31 63 78 19 56 80 85 2 75 68 39 62 52 1 67 95 34 71 0 14 61 58 
TEST 194 ARG:47 67 70 62 80 18 25 51 96 0 61 13 60 99 42 20 84 5 77 98 89 79 91 11 68 90 34 93 75 82 41 38 8 33 45 23 97 48 31 44 10 55 3 94 87 58 64 2 46 26 53 29 95 49 6 28 78 40 15 24 54 39 21 16 7 35 22 30 65 36 1 86 14 83 32 12 4 76 27 37 43 85 81 59 73 71 88 66 56 57 52 50 69 19 17 92 74 63 72 9 
TEST 195 ARG:16 27 10 8 14 26 86 68 64 6 53 43 85 34 18 93 55 7 62 61 36 89 19 5 56 98 0 42 4 33 77 49 44 41 29 2 23 76 66 31 75 82 17 9 32 83 97 71 60 3 70 46 25 48 59 24 67 95 78 11 50 58 69 37 54 90 92 57 73 91 39 74 1 45 80 81 35 28 13 15 38 72 99 65 88 94 96 52 84 12 47 63 21 20 79 40 22 30 87 51 
TEST 196 ARG:7 95 51 99 45 93 87 58 96 73 35 56 42 66 90 67 64 41 71 84 55 9 82 12 88 31 62 30 22 86 89 37 11 68 2 59 27 21 57 50 97 91 47 36 28 60 38 92 23 98 0 49 48 94 72 25 13 40 29 4 26 65 33 74 3 1 44 53 81 8 15 63 16 19 69 10 61 34 5 14 32 20 39 24 46 75 43 54 6 70 78 76 80 17 85 83 52 18 79 77 
TEST 197 ARG:4 27 58 60 14 90 35 42 94 18 93 45 31 49 69 55 83 65 62 19 38 39 96 51 91 46 29 8 76 33 30 20 67 89 25 16 43 2 6 95 79 70 23 59 82 73 28 71 11 34 80 97 78 72 61 85 50 99 64 26 24 68 5 48 10 36 84 77 66 47 92 7 32 17 21 87 13 1 44 12 53 15 22 40 37 41 52 9 54 3 86 74 98 56 75 81 57 63 0 88 
TEST 198 ARG:65 33 92 20 18 78 25 55 72 52 89 24 12 42 97 64 9 17 41 45 29 15 32 11 69 14 62 76 96 83 10 77 80 30 0 75 66 2 81 85 23 99 95 49 51 74 87 35 44 26 70 58 21 94 19 6 71 48 46 1 93 88 16 36 84 27 56 67 31 3 63 22 38 40 34 59 73 28 98 5 61 13 79 60 50 37 90 68 4 39 82 7 8 53 54 86 57 47 91 43 
TEST 199 ARG:94 86 62 70 34 90 20 84 42 55 56 57 3 99 31 61 50 2 81 21 5 7 16 89 26 53 88 25 68 79 45 47 1 14 52 87 11 67 4 33 44 96 28 23 27 38 95 6 39 13 35 66 73 80 98 72 60 41 91 63 49 82 12 36 22 75 19 0 64 24 37 58 59 83 65 92 8 17 9 48 69 10 78 93 54 71 97 15 76 74 32 43 40 18 77 30 51 85 29 46 
TEST 200 ARG:89 54 47 3 15 83 63 4 5 14 33 45 37 84 7 0 87 55 82 28 75 86 74 9 38 52 13 92 43 48 23 46 68 95 67 69 2 27 93 25 56 11 17 34 85 10 26 66 71 81 35 42 19 61 31 96 51 64 44 62 59 77 97 1 76 30 6 60 73 24 91 32 57 8 22 50 98 29 39 65 12 53 21 70 20 90 78 79 99 36 16 18 40 80 58 41 49 72 94 88 
TEST 201 ARG:8 41 36 88 9 94 32 68 16 11 76 2 99 56 90 59 73 19 34 51 15 83 25 13 50 96 5 71 48 77 97 95 57 64 53 42 37 43 67 54 72 98 87 75 55 30 45 49 35 1 21 18 70 20 23 33 3 66 47 93 6 7 85 79 29 38 84 86 22 81 89 69 24 28 80 92 26 17 39 74 0 44 4 60 78 27 31 10 62 46 65 91 61 63 82 12 52 14 40 58 
Multiple size <= 500
TEST 1 ARG:84 137 -239 -35 -248 -130 -174 -147 -8 -118 203 186 -223 103 -14 18 125 110 -228 92 10 -106 -144 -125 140 -198 233 135 1 248 191 -68 -199 230 234 102 122 164 -211 -112 213 62 178 -214 -44 -183 127 212 -34 -91 -59 111 -208 51 196 -60 -143 73 -29 64 -201 25 206 -5 229 -162 152 160 -31 112 -135 3 74 124 -49 217 117 182 86 -105 78 21 243 75 77 -189 -84 90 59 -177 -100 194 -58 98 81 177 -101 -55 232 249 -75 146 48 241 207 -246 -241 -21 192 4 96 -154 -179 65 132 8 240 -18 68 175 245 -215 188 -103 -45 87 55 -62 -190 14 -181 -186 -138 -82 -43 -213 -70 -119 -191 -1 180 -124 149 -27 -146 -185 -2 -47 50 134 49 7 115 -26 162 11 -222 -85 60 23 157 144 88 -89 190 15 -145 -16 -164 -93 204 -168 -95 5 171 -224 201 40 6 -81 200 -204 145 -64 -193 -113 -67 -205 -238 -120 37 34 120 -173 148 -175 -148 -54 85 225 -244 -7 -98 29 -240 -153 93 -32 79 -220 -218 -206 -94 -121 247 99 32 143 131 -176 20 -61 27 -232 -178 19 211 -235 -42 -142 -237 156 -229 -132 242 153 66 -4 128 119 22 56 54 -188 89 -167 -38 -250 -33 208 -72 95 -87 198 -107 -46 101 36 -66 246 80 -231 -151 -111 -209 -200 199 -243 -170 158 -92 129 223 45 70 -10 126 167 -158 -25 205 165 57 100 210 -17 -141 -219 -202 -155 38 170 -115 104 -11 31 -30 185 -160 -210 138 72 39 2 -9 16 218 150 184 -234 202 173 41 12 35 -122 -83 28 -110 -102 -123 183 -180 -221 -242 -169 -36 113 151 -104 -40 187 -117 -15 -131 -114 -133 -79 -71 -139 216 -226 244 -225 -65 67 -23 -171 -184 52 174 -39 -140 94 147 193 -57 239 46 219 -80 179 209 -97 141 -56 -216 -161 -76 118 -24 235 -50 -134 236 -197 155 -63 47 33 24 105 -227 -156 142 82 159 -187 -233 -28 -128 9 227 108 -126 -212 -150 -78 168 -127 154 -236 44 215 -195 53 -247 -90 97 -136 -245 -172 139 238 -194 -3 63 -86 237 -73 106 226 -6 -129 -157 30 -74 -37 26 -22 -230 228 114 130 -109 -203 -19 -77 222 -69 -51 76 13 -52 166 220 -108 123 -41 -217 -116 -166 169 172 -165 107 -163 61 -149 58 -99 -192 121 163 42 -48 133 136 116 91 -159 -152 69 0 221 231 43 83 -20 17 109 181 -249 197 214 -13 224 -88 161 -96 71 -182 189 -137 -207 -53 195 176 -196 -12 
TEST 2 ARG:72 179 107 183 -203 182 -51 -216 -74 -111 243 49 -157 -112 -117 221 -124 123 -58 84 -62 -205 153 -170 -215 58 93 -54 57 6 104 -37 198 -147 -46 232 82 -3 224 -171 77 -245 -131 -241 -172 44 -50 -119 -90 -130 -64 73 205 80 152 -244 187 81 71 110 -218 -249 -78 -87 -25 -204 210 -35 172 133 50 124 -2 161 247 149 -234 33 42 178 109 -61 115 -88 34 162 222 -115 -27 238 31 231 94 1 61 3 -228 241 102 -113 114 -246 -8 -17 146 -167 13 67 -53 -193 -98 -44 180 98 150 -48 -120 -76 -89 159 -149 -40 62 97 86 -247 24 -96 212 4 -92 90 -1 -110 -30 194 30 248 65 -224 -231 -152 99 -55 -22 -31 156 -198 -13 -69 -144 17 -188 -122 237 68 -132 -26 191 165 135 207 -118 -138 141 -125 -85 -81 -184 19 37 197 -106 95 225 -72 -57 145 -248 -238 47 219 -107 201 28 239 -225 -173 -243 -75 -182 169 7 143 -104 -86 170 -177 -15 -162 188 -77 167 105 41 29 -5 74 245 125 -197 -84 -20 155 -222 -94 87 -183 206 -250 -154 138 89 12 128 -11 40 -179 -95 -93 184 136 -128 139 -143 -141 22 -32 46 -16 130 168 15 -10 8 -99 -158 -207 -146 -45 117 38 -155 69 134 -19 43 92 242 -43 76 -142 75 -199 0 233 -59 64 -235 200 -24 16 -121 166 246 -105 129 -168 106 -195 140 204 -21 148 -97 -213 208 249 -79 234 -116 121 -137 -187 132 35 -214 -108 235 96 147 120 220 -200 190 189 202 -191 -212 119 199 25 -180 -202 218 -192 163 -185 157 -194 209 -23 -63 112 -151 32 213 60 2 27 -7 244 211 -73 66 -42 154 -237 -82 -101 -148 -102 -12 -52 -140 173 -70 100 5 14 -139 177 -56 9 -49 185 -153 -209 51 217 -166 79 203 -145 -123 164 -126 -109 -66 -133 -221 53 -233 -114 59 226 216 70 -47 -161 -227 -178 -196 108 186 137 56 223 -210 -103 -91 20 -136 -240 -226 26 -160 -211 83 36 88 39 -4 -9 -208 -134 160 48 -239 -67 -41 63 -156 214 101 -190 -176 -6 -206 -18 -135 -28 -174 -100 -229 158 -189 -242 176 -127 23 -181 54 240 127 -80 116 181 196 122 111 171 -150 -36 103 -33 227 -163 -236 -164 174 -60 -83 113 -186 91 215 85 -219 193 -220 151 -65 45 195 -169 -230 -165 -159 -71 118 78 -29 144 -68 142 230 236 229 -201 10 11 175 -38 -175 -232 -14 -129 -223 -39 192 18 126 -217 228 55 131 21 -34 52 
TEST 3 ARG:151 -32 30 108 212 -116 -145 -3 -63 -112 112 -84 21 156 -223 -230 195 -242 12 -216 -23 -220 238 -50 -164 208 191 109 -247 36 115 -131 -68 -94 26 -188 154 53 -10 11 127 226 -17 -226 245 -21 42 -159 99 -1 -118 -58 54 -136 -44 215 148 -190 -198 106 247 158 33 200 -73 -235 -141 -91 -129 -72 246 -101 -238 144 164 -95 32 -20 -59 173 -175 -165 -205 -217 -37 174 66 138 29 64 244 130 78 82 43 234 -55 -202 -122 125 -78 240 -239 67 128 -151 -199 249 -83 57 -88 -51 -155 -98 -200 -161 16 227 92 -147 -27 -195 -148 -57 241 -33 214 178 -13 20 152 -225 139 -201 41 -11 -15 230 -60 81 -42 -249 242 -24 -213 -74 1 135 -80 85 122 69 74 -194 -168 -36 126 -245 84 140 188 40 134 -212 236 46 160 206 -176 -214 45 181 -90 -14 -167 218 25 -87 197 7 232 -110 -104 -203 -241 -233 24 -163 -150 6 -22 224 121 186 141 -119 -174 -4 -227 -2 -180 168 132 -243 190 -109 -102 222 104 101 -183 86 -204 216 -246 169 -144 28 185 -76 17 118 89 -221 179 65 -228 159 -125 -137 -186 166 184 71 -12 -48 -191 -177 145 -70 -121 111 -49 -39 114 10 -207 15 180 -115 -171 88 229 -69 -158 -140 63 -103 194 49 172 -146 79 76 -93 0 -196 90 56 177 -134 -181 23 147 -89 192 -56 175 70 -179 47 116 -40 97 95 207 -219 -34 102 163 -85 -193 -96 -53 -130 239 75 136 -232 -120 204 50 146 -189 -210 44 -99 -19 18 22 62 31 133 -38 -244 87 211 -9 -172 -124 -45 193 19 233 -162 137 -185 182 77 -192 13 -105 228 -77 248 103 120 -35 55 38 -6 -224 -182 -92 -211 150 -178 202 -100 129 153 -62 73 171 110 -47 -111 -52 225 68 60 -236 -25 105 187 -215 -154 -97 -30 -28 -81 162 -206 59 61 -8 -106 -113 5 8 213 -41 199 -108 119 -231 -149 48 131 -250 -143 -197 113 -240 100 -170 -138 -65 91 167 -79 -43 -187 52 217 243 39 219 123 4 94 170 2 -114 -127 -18 98 -16 -153 198 58 27 -61 -7 -82 -135 72 155 -209 -54 -75 -166 37 -26 -152 -128 -107 93 -156 -67 183 -66 -126 -237 35 -71 -234 83 -157 142 221 -5 -86 189 -31 205 117 80 -123 149 231 210 -173 -29 -229 161 203 235 -169 124 -248 143 -184 -64 -46 -218 209 165 51 176 14 3 -222 201 220 223 -133 -208 96 157 107 -117 -160 -139 -132 9 196 -142 237 34 
TEST 4 ARG:184 -201 22 -198 232 -132 44 73 11 187 -79 -67 -87 -158 118 -105 120 241 177 84 195 -45 -194 36 -124 -162 213 -110 -112 233 -160 30 -232 -114 -61 28 -121 -142 -86 -65 249 245 131 -141 169 151 18 -244 244 196 -55 225 -75 -108 9 55 -39 90 216 150 223 20 -81 -225 -27 104 -118 188 -57 -37 -233 -147 -228 211 50 78 -34 86 243 165 -166 142 -191 198 -52 -78 219 -248 105 13 72 -174 173 0 -139 -130 53 -29 -71 -196 114 134 45 -190 221 240 231 139 -155 172 -243 149 -32 153 -22 152 178 103 248 42 47 -165 111 -218 -241 89 68 217 109 163 -229 -207 -215 -219 230 197 27 161 185 174 -89 -223 -184 -109 -131 -200 -164 201 130 -239 135 77 40 121 143 157 -88 -76 67 -161 -149 92 234 -80 99 -21 242 145 236 -224 -3 -77 -10 -51 112 110 246 -227 -35 98 2 80 -69 -64 116 247 -101 -19 65 -134 41 -179 175 23 -123 52 224 -26 32 212 -168 63 -94 25 168 -96 -226 -237 70 -91 -129 -20 227 209 -44 57 6 -144 222 88 94 -187 83 170 100 -206 -220 -62 -245 38 -7 -58 35 -178 237 -172 238 146 -136 -103 49 -140 15 33 -170 239 189 -70 101 -54 -23 4 17 -49 -235 3 141 -151 -246 138 164 215 -115 -154 156 117 -250 -128 95 204 228 -127 -148 166 158 -214 -16 -195 -83 -106 12 -202 210 -175 5 140 -197 71 -5 -231 -68 180 1 144 124 115 58 -38 190 -33 91 -222 -230 -177 -163 34 -74 -41 -159 -192 -31 10 -99 -221 160 -18 137 -84 29 -167 26 -213 133 8 62 -185 16 -92 123 -8 194 220 -66 21 -150 -176 -211 -210 -25 87 97 -236 -122 -234 -133 -212 -186 -116 -152 -146 56 154 -156 -242 -93 148 -1 31 205 129 75 -171 202 14 54 -208 -113 -249 -47 229 -135 -40 206 -2 -145 82 -119 132 -240 176 -11 208 -85 -82 -138 46 -157 -30 -120 -28 207 102 -60 113 -216 -107 -204 43 59 -14 -36 66 -125 -180 -182 -9 64 218 -43 -73 -173 -238 -188 51 -6 226 -209 -15 -90 7 85 235 179 128 -59 -95 81 192 74 -183 -217 -126 60 -48 -203 -97 -98 171 -143 61 -193 191 -17 -12 106 -181 162 -137 -42 200 96 -111 -72 136 -63 -153 -50 199 19 159 214 -53 183 -56 -117 -169 126 186 125 -104 69 122 167 -102 -199 39 181 76 93 -4 108 203 193 119 147 155 107 79 127 48 -247 37 -13 -46 -24 24 -205 -189 182 -100 
TEST 5 ARG:149 -188 -50 80 -161 52 86 -184 -212 -195 40 229 14 -81 95 -93 -167 174 -45 56 -72 151 -30 -34 -94 -74 120 -153 -186 -77 -133 -233 195 169 -97 -89 248 -19 -67 66 81 -79 16 61 45 -2 161 -99 -120 -207 -28 -11 109 85 126 -63 162 -219 -248 123 -202 -181 -44 -187 -171 153 24 69 -10 -119 167 -146 -114 -66 -138 -102 -170 -205 199 -95 35 -158 165 -240 112 -204 247 9 138 89 -33 -135 193 -105 156 -98 133 -189 -245 -155 164 108 0 -36 23 -226 177 -192 -123 36 76 243 152 -15 3 245 33 92 114 74 215 157 -147 -6 1 -7 -108 205 -223 8 -121 224 143 34 158 102 -27 -75 -177 231 -106 -203 207 -127 -139 11 50 -232 237 98 -21 32 -25 -210 -246 -168 -145 103 -196 -103 219 -166 -117 146 27 -104 -174 139 -12 236 238 17 -69 186 28 216 202 241 41 111 -110 -173 -53 180 55 83 -149 246 183 21 107 -151 -172 -14 171 -8 212 -179 121 -16 125 -20 96 -152 -73 -128 201 -222 -41 -40 15 99 159 -43 172 134 -183 226 -162 218 -46 -136 184 -101 176 -140 -62 -144 42 -216 -224 220 77 -235 46 26 -29 -142 211 -76 249 10 118 -1 47 210 -51 -191 -225 194 -71 -111 145 -197 100 189 -5 -129 -54 71 -206 87 91 59 117 39 65 63 -185 -64 -57 44 -100 79 221 -208 -52 -156 -230 -23 -157 232 130 196 -38 93 -150 -92 -243 150 179 -49 -18 242 -59 -244 20 -32 225 191 -159 227 31 58 115 198 168 -231 -237 -249 18 -215 163 2 -61 37 -193 -217 244 -85 -218 239 22 -87 -35 137 -48 13 -126 -132 30 142 6 -164 166 206 -190 82 94 -198 -214 19 135 -200 -90 -56 182 -141 127 170 -116 101 213 -88 -176 75 -80 57 -228 -91 104 -220 -236 62 178 70 -175 223 -209 230 68 -131 -134 -107 -122 54 88 -37 -96 43 90 -148 -182 209 154 -112 -201 208 -124 -115 197 200 -165 60 124 -137 222 228 29 122 141 -42 -65 -39 -78 136 12 -242 148 53 128 -130 190 144 48 -234 -31 204 84 -241 51 5 -24 -154 235 -68 -169 -250 132 106 160 7 233 -58 -83 -47 -86 4 -22 -113 -4 110 116 129 -26 -70 113 -3 -160 173 49 -213 -221 72 67 -194 -163 147 105 -143 131 -199 -125 -9 64 -211 25 187 -229 -180 38 175 -60 -82 -238 -247 140 78 185 181 -17 73 240 -109 -239 192 155 -227 -55 -13 234 -84 -118 214 -178 203 188 217 97 119 
TEST 6 ARG:150 171 203 93 144 233 29 -181 58 94 -151 146 26 -54 -65 -33 178 45 -190 143 54 243 -35 -134 44 -187 131 -92 -14 -62 -100 126 114 95 -210 -50 194 33 -109 -113 -53 40 127 -15 -143 -18 -233 -40 197 16 249 -214 -177 -188 70 155 104 7 241 55 13 -91 36 202 20 51 225 35 92 112 -237 -107 236 -20 -173 207 152 185 9 189 209 76 -144 -88 24 -110 232 71 156 -189 5 -4 214 -219 50 -9 89 129 -36 90 -211 193 91 234 -122 -64 235 57 34 53 86 175 184 -225 222 -56 -76 25 -227 63 161 -212 -28 -165 -130 -213 74 -57 -98 79 98 -164 142 -182 75 11 68 -129 -203 64 -148 -154 137 -114 -95 199 38 -11 -195 220 -170 242 -228 -238 -137 190 -120 42 -198 4 204 245 195 174 47 97 -55 208 117 133 -172 -158 240 -236 -99 -157 231 -73 -185 -179 145 187 -155 -223 -156 15 165 -135 168 -243 21 -139 159 177 147 41 -136 -13 31 -89 -106 -27 -49 -117 -126 167 56 179 -193 -101 43 -191 122 -242 88 169 -131 102 101 160 108 -249 -146 19 106 198 -138 -161 -83 -84 -8 213 166 -115 -45 82 -128 3 85 -17 67 218 -74 -167 -200 -116 -196 -147 -180 -162 -141 162 -150 121 136 -142 182 246 -132 1 -32 115 -178 -31 -140 228 32 -80 223 -245 12 -204 -79 -215 -209 -149 181 176 14 173 206 201 -24 132 -250 -241 -220 -169 -229 -46 100 -175 62 -202 -78 158 28 125 -70 -71 -218 128 -75 -216 -34 -166 138 -247 -52 -197 -7 -66 -163 229 -105 119 30 -230 111 -19 -112 -108 -16 -47 65 48 22 8 -3 46 -224 192 211 -221 -102 -61 -205 186 -29 -127 -231 -87 196 -104 -206 10 69 39 78 191 154 135 -217 -63 217 247 -199 149 -174 83 -44 -118 0 -244 -152 81 80 99 72 116 -222 17 -234 -68 238 248 120 -96 210 124 -186 110 60 -42 215 -48 134 -37 -239 -43 96 148 -121 -12 105 -5 -246 37 52 -26 172 66 180 -176 -168 188 -58 103 27 237 123 164 -82 59 -90 6 -160 -59 -25 -235 212 205 -86 -67 239 -30 -145 -77 216 -123 -39 183 -183 -22 163 -248 226 109 118 -124 139 -60 2 -159 84 -85 153 18 -2 130 230 -72 -38 227 -93 87 221 -103 224 157 151 -184 -207 -192 107 113 -133 -41 -208 73 -111 -23 -94 -201 -6 -226 23 -21 -119 49 -10 -240 219 200 141 -153 140 -69 170 -194 -51 244 -232 -1 -81 77 -125 -171 61 -97 
TEST 7 ARG:-144 34 -214 236 67 15 35 -244 80 27 91 92 -32 -177 193 181 107 -156 71 99 -93 148 143 4 -228 -240 -85 -100 134 -111 -37 -242 -170 -122 89 44 -167 -250 242 -121 -92 189 153 158 172 210 -105 83 23 111 9 54 -127 192 -138 -106 106 -56 -110 85 144 -232 -140 -40 162 -212 232 -211 208 -38 -63 -191 137 -107 -209 36 76 -246 -237 74 -43 155 -2 86 -203 180 212 -57 201 -187 185 -6 -166 139 -101 -31 73 188 233 116 -172 126 -229 31 191 170 37 -74 190 -54 38 -239 -42 -95 45 196 -226 135 46 29 122 68 -61 140 -79 -4 -88 -143 154 2 -165 -94 -99 -120 194 -77 184 -34 16 26 77 -157 28 200 -119 103 -198 -13 237 8 -148 226 -59 -233 -178 115 -135 -27 205 -125 -146 6 195 -47 -183 209 136 187 -224 217 110 -46 -72 -222 229 -241 -18 75 240 -75 -36 -155 39 -5 -103 -76 131 40 -104 -188 165 -35 -9 120 -115 -145 -174 60 -210 -247 -176 199 -154 49 157 81 -180 97 244 30 114 -7 64 51 5 101 108 84 152 -109 -11 -68 -21 -245 219 -230 -113 -52 138 -24 176 -162 177 221 -22 166 82 -70 -25 -129 117 10 207 102 248 182 50 -161 -160 -14 -151 11 204 129 -33 56 -225 223 161 -71 14 -134 -158 58 -234 19 -58 -193 -192 -195 98 -235 -124 94 156 -26 -87 17 -152 230 151 -200 -84 -181 -153 214 228 -67 167 -10 227 -208 -60 149 -53 213 241 104 53 -215 145 -249 22 -147 -163 -202 160 55 164 -65 -236 -238 -116 -132 66 -96 69 218 -190 62 25 -83 -171 -131 159 186 169 -220 178 163 90 112 95 -126 -248 -29 -168 -199 -55 -64 -49 59 -51 100 -173 247 -201 121 -169 183 -186 -223 78 179 32 18 173 47 216 215 -231 -90 243 -89 -102 123 245 246 43 127 234 -17 -1 48 -139 109 7 -142 -204 -130 128 211 -243 -227 -205 65 203 235 -19 -141 -218 -39 225 -117 -197 -112 -207 -91 96 -28 -78 -185 150 -182 57 -217 -23 -16 1 -45 -196 -216 202 -73 119 -66 113 33 -81 124 -20 -8 41 79 147 -97 3 -179 -80 42 197 198 -136 -149 -189 13 -164 63 132 93 -219 249 -159 52 -86 222 72 -114 -30 146 -206 -82 -108 133 130 231 -175 -69 125 21 -118 -184 239 238 -213 -48 141 87 70 175 -194 -133 168 174 105 -123 88 -98 12 171 220 -137 142 -150 -12 -44 -62 20 206 118 -50 0 24 -221 -41 -3 61 224 -15 -128 
TEST 8 ARG:-231 205 24 210 -223 216 -142 218 52 -85 -34 -191 -105 70 -218 -47 11 -204 169 -164 75 127 -71 -152 -127 40 -21 220 92 -187 -60 114 120 -184 -115 -13 -186 -213 -46 -217 26 -7 -183 149 113 -171 -177 -241 195 -57 -216 151 -18 -135 -232 -66 -206 135 -15 -53 77 -113 -240 -170 5 -30 -37 86 76 85 -19 187 193 -238 63 -54 -194 108 -246 126 239 174 161 -77 32 29 157 -81 233 138 72 164 -175 -148 -50 171 137 -245 -151 109 -25 125 -40 -123 47 -55 -119 33 -43 230 87 -166 -125 188 -236 -250 101 154 152 -101 -91 -209 -92 139 107 -180 -215 -220 -242 197 167 34 -110 54 217 -108 46 -33 2 39 185 163 -200 130 -72 172 84 17 -39 49 14 -27 105 38 133 43 -14 166 -116 -196 71 -154 -32 -93 100 228 104 44 59 -167 78 140 -48 -137 160 97 -235 227 -131 144 74 240 241 103 -86 -83 -247 -122 51 -65 -96 243 -41 -118 37 115 67 53 -157 12 -133 21 170 8 -244 -207 -228 82 -121 178 -234 111 -4 150 55 -130 -150 198 -173 156 -29 162 -63 -219 -106 -141 96 89 122 -188 -129 -243 232 -62 -3 -112 -139 155 -88 -80 102 -143 -117 -16 62 106 -59 225 234 -11 -174 -26 112 -23 208 148 181 -140 229 121 -100 7 -58 -103 79 -153 214 -192 61 -136 116 28 -70 134 64 60 -69 190 50 58 -87 244 119 221 110 -12 186 -195 129 -10 -98 236 -147 -95 -172 146 213 -248 0 147 209 -126 189 -9 131 -155 19 -197 94 -189 175 128 223 -97 141 222 -82 117 226 -75 -233 -178 -132 -114 -202 -67 -124 25 3 -199 -17 -102 -169 65 90 132 10 -158 20 83 -210 -31 -226 235 -120 -36 -128 -182 -111 -52 202 245 238 31 184 -211 -225 194 -68 35 180 9 123 22 212 -51 158 -28 -84 196 -201 -109 -176 -78 -134 15 145 -6 219 204 -74 27 18 206 -149 69 224 1 42 45 88 -64 -45 -104 -89 199 200 -198 -224 13 48 -35 192 201 -90 91 -165 66 -160 -146 99 -24 23 211 -222 -181 173 207 -239 57 -99 191 159 -44 6 -227 -61 -144 81 -94 215 -22 -5 177 98 153 182 80 -203 -208 -145 -179 -156 -205 118 142 143 36 95 248 -2 -161 73 -249 168 30 -49 246 93 165 56 203 237 -20 -190 247 -73 176 -162 124 -193 -8 -229 -230 -214 -168 -1 -56 4 -221 231 -79 -76 -42 -38 -163 -159 249 136 41 -212 68 -138 -237 -185 179 183 -107 16 242 
TEST 9 ARG:-76 -57 -126 -219 28 -233 -7 195 129 119 -106 126 -43 -137 138 -225 -86 -102 208 -184 188 196 200 249 -200 -157 81 55 88 152 89 115 241 92 223 94 123 212 204 -19 -202 48 -183 -52 116 -71 247 18 214 -174 -14 -235 -78 -231 157 -211 -151 -141 44 -163 -48 -68 56 243 231 -67 110 218 -47 93 -117 37 150 234 -135 -10 206 9 6 27 -236 -5 -143 -18 109 176 95 -148 -155 20 -109 12 -204 -21 209 -213 128 67 207 179 180 -122 -31 -60 167 226 -164 30 191 107 -37 7 182 -156 170 -198 184 65 19 -110 11 38 -185 -166 51 -97 -25 47 -214 132 98 -180 -149 219 -88 -234 -3 -123 -104 -77 -147 79 2 246 239 232 58 124 -45 -124 -240 113 -169 -193 -96 -217 80 13 -39 -34 -201 86 143 -210 -159 -239 39 -132 -246 202 117 32 -154 -62 216 -91 -190 -238 -230 172 131 -2 -115 114 -114 -207 59 -58 -90 -153 193 -161 130 -237 34 104 136 -50 -11 122 160 -15 -176 45 151 -4 220 -64 73 211 -182 -26 -203 213 -103 205 -209 -53 -95 25 57 -49 99 101 -83 -222 -119 -242 -144 -44 177 125 -94 142 156 144 -188 84 -69 -56 35 -215 -212 -72 -129 215 137 161 -63 108 -221 -227 -12 23 -160 -55 -244 -172 -82 52 -8 -134 76 -93 -224 240 15 42 -245 -175 -138 -250 -187 127 24 183 -121 74 -162 238 140 26 -218 -249 -81 -116 33 -40 -107 244 22 -24 -130 -191 49 10 -1 -29 14 168 -196 185 217 -167 -87 -232 -36 -136 163 -80 -199 40 31 -181 -140 112 60 -38 103 242 -32 1 225 147 -158 -243 146 237 171 90 -75 77 83 -131 -120 -28 -205 230 41 -33 -16 -133 5 105 8 -13 -108 141 159 118 153 64 -206 -9 233 50 -173 17 -195 173 -248 229 70 -177 -241 -100 -145 -73 120 -197 135 68 139 43 235 174 -112 210 -111 -178 169 165 16 53 -229 -27 -179 4 190 -70 222 192 -30 -46 198 82 -84 -216 78 87 166 181 96 100 -65 54 134 -226 -101 248 149 -118 -51 221 -61 -220 158 85 -127 -98 -6 -23 -66 -125 154 203 -92 3 133 186 -17 -165 0 -79 -89 -247 164 228 -142 -146 -99 -22 197 21 -150 -192 -35 61 -139 245 -228 -85 -20 155 -208 -54 224 145 29 66 -194 194 111 -42 75 148 -105 -170 201 175 -113 178 63 71 -152 46 102 162 199 -168 236 -41 97 121 91 -186 36 69 72 -171 227 187 -74 -128 -189 -223 189 -59 62 106 
TEST 10 ARG:232 -156 45 191 15 -38 112 174 -130 127 -98 50 136 98 -134 81 103 31 -169 -95 95 -55 76 145 106 -135 -47 -118 177 -180 235 110 -188 61 -62 -43 -106 -220 -11 65 84 -191 -138 -60 125 243 247 249 97 -244 83 -161 216 171 -149 -68 -198 -76 115 -224 16 -152 242 68 -140 5 26 47 -190 11 -167 33 19 13 6 238 -13 197 -100 43 18 123 192 -119 183 51 239 -142 -214 36 217 -107 27 -2 -88 185 -6 -99 22 220 -227 -177 -96 124 101 -42 -132 46 40 -207 -170 186 -199 78 -201 64 172 170 -86 24 60 163 -22 -30 211 -232 179 -36 -29 -185 94 56 236 63 -25 -19 -212 -230 181 -9 -178 205 131 -85 -79 25 90 233 149 231 113 -117 107 -41 208 128 -27 -103 140 188 -143 -73 -56 30 -53 -48 -144 201 -89 -10 -209 -153 206 58 77 -20 109 66 117 -52 230 -71 67 -233 -249 29 0 39 -147 92 -59 120 -159 -173 -23 -241 180 -17 203 -231 3 71 37 -183 -102 -33 -129 -179 244 -114 -21 -186 59 228 129 119 219 -192 -162 199 -137 -49 1 -3 -12 148 96 -90 -197 -116 155 -84 -237 34 161 -28 -14 189 -250 -122 52 -26 -243 -126 -64 -105 -239 207 -216 -109 69 133 20 -5 167 -65 202 -247 240 -7 156 -74 38 -44 -146 -110 -108 -240 -248 -210 138 241 -8 -141 10 159 193 -215 2 134 200 114 126 218 -151 -93 -211 -154 -221 -223 -218 21 215 225 -182 -189 54 -208 42 -157 -72 -24 122 198 55 -128 166 -120 212 -16 -57 -97 132 -125 -187 -225 -40 -136 4 -37 -82 -1 -172 -70 -202 157 -200 17 -181 80 164 -131 32 -123 -139 28 -228 144 -91 -194 176 -246 158 -124 -121 139 121 214 62 35 -176 -39 -213 210 -61 75 44 72 165 -158 -193 151 48 -166 -113 147 143 204 194 234 -78 -111 88 229 -195 -133 -50 154 -150 -160 7 -77 -242 221 -229 -4 86 111 -51 -217 178 187 -115 -63 169 227 -46 153 12 104 -87 74 118 99 146 8 93 57 70 -206 -92 87 -69 -148 -238 73 -171 -80 -234 175 130 137 -164 162 116 53 -15 -155 248 -205 -101 -168 -219 190 -75 14 196 -235 105 9 -236 184 246 150 -81 -31 -204 226 -45 -245 49 -54 89 91 -32 102 -58 -83 -196 -94 82 41 -104 -34 245 -165 182 -163 -112 195 213 152 23 -145 222 -35 -67 -66 -18 -222 108 -174 142 173 160 -127 223 141 100 224 79 -203 85 -226 168 -175 135 -184 209 237 
TEST 11 ARG:64 -141 229 -186 -122 -71 20 -148 -240 -121 205 -49 220 -129 -144 180 62 44 -41 -82 -64 -25 -51 35 89 240 45 -18 189 141 71 162 -59 -243 191 200 -203 -117 249 31 -104 233 -96 -115 112 214 155 -43 91 -193 38 -161 -133 134 137 -231 93 -139 -113 208 -167 -134 -226 100 73 -191 -30 -87 218 113 188 -39 -88 126 228 -222 58 66 -153 -22 109 170 159 -166 -15 106 -155 202 -91 -241 1 -185 213 163 -247 65 -212 -151 175 -120 204 -242 -102 238 -234 60 217 -145 -111 226 -97 8 -84 241 -219 -200 -26 92 164 -135 23 129 4 53 224 168 -249 33 247 -44 -206 -31 -131 144 74 -7 -237 227 -80 199 -149 173 -16 108 150 -229 120 124 50 212 -55 182 -196 -108 -170 174 51 -236 -183 -119 -109 -56 248 -99 -220 104 178 -65 -156 221 181 -54 78 -14 -163 -140 -126 -190 -79 -37 128 -162 -123 -177 -107 -93 17 -77 146 24 -138 -6 88 63 98 -224 -239 158 -207 -67 225 -8 186 152 0 21 15 185 -73 210 -173 -34 176 223 -187 -45 184 96 6 198 -197 239 34 -103 236 -217 42 -76 85 95 -53 230 -233 166 -42 26 110 -137 25 -169 145 160 -98 187 36 234 -27 -158 167 -198 -182 -181 90 75 -245 -146 -46 56 -50 -180 209 237 -171 13 232 101 97 -95 -94 -60 140 -110 -81 48 -10 -130 -40 -202 37 115 -101 54 -9 211 190 59 116 2 87 -215 148 -232 99 -178 -176 -195 -174 -132 149 -20 22 114 -58 130 14 -35 245 46 111 235 -160 -66 19 -36 -38 10 231 125 138 -74 105 122 161 40 -92 123 -227 142 131 -188 -205 -154 -244 -228 -204 -4 -221 153 11 -28 -78 -112 -225 195 94 -175 -164 -216 -152 -246 -192 -235 -85 47 -136 169 206 165 18 -100 197 -106 -69 16 203 -11 177 76 194 -172 -208 118 117 -24 -17 136 52 7 68 216 -72 196 -165 -179 -214 -33 243 -90 61 81 183 151 -143 -118 135 -114 -194 157 77 -248 154 119 -3 -142 -230 30 246 242 55 -218 72 -5 43 27 39 -250 215 156 -124 179 -52 -223 -47 -211 -201 147 107 -12 102 29 103 172 139 -63 -86 5 -189 -13 -213 207 -184 -105 12 84 57 86 219 192 133 28 -159 -68 -238 -70 83 79 -19 -125 -75 3 41 171 -23 -210 -128 -29 143 69 80 32 -157 201 -209 82 -89 -199 -61 49 -48 67 -150 70 222 -32 132 -116 121 127 -168 9 244 -127 -21 -62 -1 193 -147 -2 -57 -83 
TEST 12 ARG:127 233 165 234 -65 2 -97 -53 -121 50 -154 40 -215 -100 224 102 -188 124 196 43 -200 -197 -129 -22 -140 -236 -37 -67 143 -150 208 -131 -60 25 3 -163 110 -25 -18 200 14 -107 244 138 -219 45 -51 230 80 -175 236 -157 129 -27 -173 -82 -72 153 -190 36 229 -58 -182 9 -109 -209 -210 218 111 83 100 -162 -77 128 -216 -194 156 -213 169 238 -10 -69 -156 -133 114 -114 -61 -2 69 -187 185 -28 199 -231 60 -220 -4 220 -45 -136 -86 11 -151 173 -80 15 23 54 -202 -105 186 -185 21 -42 -55 98 -164 -144 -92 187 -75 133 242 -99 -39 204 214 184 -160 -238 61 7 94 148 237 33 135 205 149 0 189 -168 175 146 -177 113 90 132 213 79 -195 -68 181 -181 180 210 -171 154 72 -225 -207 84 -26 -184 44 117 71 221 75 -93 116 -158 -143 -11 39 46 212 10 -233 139 70 31 -172 12 -115 -47 51 228 -196 -249 191 93 -32 190 164 -206 -30 -35 121 -41 -250 104 163 134 -139 -193 -147 -176 34 -222 -43 -85 27 119 29 -221 137 183 108 -56 115 225 -201 136 -13 106 130 -5 227 -214 -227 95 131 -167 -9 209 -91 67 247 118 -14 87 -178 211 174 -189 239 -183 171 5 -245 -3 -137 157 172 -87 -155 -19 -135 -64 18 -81 77 -124 232 -132 -90 56 -62 -94 -78 -83 176 76 -192 123 207 -246 -117 -141 59 -153 -95 -125 -159 -106 -50 -191 63 -244 88 -6 -120 -208 231 235 -204 22 -89 -112 -235 243 202 168 -54 -88 -29 -12 30 32 -57 57 -73 -16 38 188 203 -145 41 144 82 -76 -146 -166 249 197 112 28 177 -127 215 -242 17 -247 8 -70 -128 107 217 -111 49 53 179 -40 52 126 246 -113 47 65 -239 -211 89 1 -110 -152 -142 -21 198 -248 -38 16 -198 -138 -130 223 -24 -174 -7 74 -118 -63 24 -161 -36 81 -104 -31 -237 64 85 26 -170 -98 35 -59 -205 -71 103 152 -34 -20 -33 4 201 -232 6 86 194 -148 58 92 216 141 -203 -119 -8 -108 -52 192 219 145 -96 -46 -84 55 -241 105 -1 -229 167 -186 68 140 158 166 170 -74 -180 -217 -103 -123 96 -199 97 -228 -48 -116 -149 -234 -230 -23 13 109 161 -212 -66 195 151 -218 206 66 159 222 248 193 37 125 241 162 160 73 42 -15 -101 150 142 178 -44 -169 -134 91 226 78 20 -240 -79 -49 -102 -165 -126 -223 48 -17 -243 155 -226 245 120 147 240 99 -224 19 62 101 -122 182 122 -179 
TEST 13 ARG:212 -100 104 192 -207 -54 -23 29 25 -242 9 55 123 -177 -175 -241 229 90 -68 -239 167 176 -126 -71 -81 207 36 -197 241 244 -205 84 -183 41 -4 -196 219 1 -136 227 -20 -77 125 184 32 240 166 205 -27 -233 10 235 169 39 145 -5 -135 -124 -219 249 222 -185 -213 214 -222 138 5 161 206 -35 -114 131 -33 13 88 -182 45 243 22 -250 57 -133 -139 -105 -67 -88 17 218 -245 -1 -84 116 -164 179 178 -193 233 -206 -151 156 117 31 -137 -104 -22 81 51 35 140 -147 -79 190 53 -243 -179 -173 74 -208 152 108 -234 120 -83 80 -46 -98 64 -169 -152 -110 -9 196 -45 -42 79 -249 -246 -153 47 -61 40 94 202 89 -220 230 -97 33 -217 -36 -96 85 220 -56 -229 -172 -37 -154 -65 27 -248 211 -174 -203 148 77 7 6 -90 -149 -195 -228 76 -25 186 118 224 -116 12 -216 -171 197 68 26 -34 -55 98 215 113 62 63 43 245 48 111 -2 231 58 150 -80 -227 -146 -140 236 239 -204 82 -159 109 -215 216 -202 142 28 -117 52 110 135 -89 137 -13 242 158 -70 -162 -158 -76 34 -82 103 247 -214 -108 71 -94 14 21 201 8 70 -166 175 -198 -160 -85 203 -145 -75 -119 174 154 -60 -106 115 -32 78 -190 91 -191 -11 66 60 246 -176 -109 143 67 -221 -165 228 -138 15 188 -131 -52 65 73 -120 181 -16 -235 119 157 221 213 37 100 -18 -167 191 -201 23 149 163 54 -186 30 107 -49 -73 -8 -187 -156 -225 -240 -134 97 -132 -21 -123 -238 -189 106 18 -143 50 -247 -180 -142 -232 -224 171 -209 -194 151 232 -47 -192 -62 61 234 -188 -10 -92 -127 -69 164 177 46 86 16 -130 -157 49 -178 -168 75 194 56 -118 -113 -48 -163 162 87 -44 195 129 -30 83 -236 -237 -72 -12 -223 130 -15 72 -99 -103 168 147 -43 141 217 198 -102 124 2 182 3 -28 -66 132 24 127 93 -200 114 210 -17 136 126 185 -40 44 105 -111 134 92 -115 -212 11 -101 -14 -64 -161 -155 -128 -107 238 -29 -3 -63 173 95 -53 -93 183 -112 -125 155 -244 102 38 -129 -231 -59 139 180 172 42 -122 -170 204 226 237 20 -150 0 153 144 248 121 128 -78 208 69 -6 223 -95 -24 59 187 122 -74 -181 -7 225 209 -199 -26 -38 101 -218 -211 146 170 -51 96 -91 -226 -210 200 -31 133 160 -148 4 -39 -50 -58 -87 193 -41 19 199 112 -86 -184 189 99 -141 159 -57 -19 -121 -144 165 -230 
TEST 14 ARG:-72 -101 64 -99 -247 -203 -177 191 121 -239 46 235 -104 -183 -85 70 77 103 112 16 234 20 -204 45 86 161 177 -103 -146 -161 -218 -63 -64 212 88 -77 102 225 -149 -148 -12 141 11 147 -198 17 -165 -213 129 249 51 -117 -140 -202 18 -160 -119 226 186 37 -209 13 127 -1 210 -49 120 -93 -214 -125 165 -18 -245 99 -96 149 -13 83 111 -226 137 32 -153 -75 -118 -130 -45 -27 -194 42 205 -124 -58 -234 -82 153 213 -23 -113 -10 169 26 114 30 -83 152 82 -25 94 243 -128 179 -240 -216 5 -19 7 -246 168 116 78 -221 -217 -21 -9 96 -193 -238 -3 171 223 22 -39 -232 49 195 -168 193 232 -29 -98 -66 110 1 105 132 -102 98 197 -34 228 -33 97 104 -129 -32 -150 -106 -53 -43 -17 -67 173 67 163 229 203 -227 -169 109 192 -55 148 134 69 170 -80 93 -181 -24 -225 39 -56 219 -31 -91 84 53 -241 245 -112 166 -156 4 58 -107 178 140 57 92 119 56 55 154 189 208 -222 -230 -74 100 -71 -138 28 -178 8 -139 138 -154 -220 144 200 -174 -201 160 216 230 24 -180 -26 -36 60 -199 -100 -188 -191 -215 117 124 238 48 -41 108 196 -92 231 73 -15 -69 -54 188 9 209 187 6 -175 -59 -166 -51 176 19 -185 -11 159 -123 44 214 -192 23 -97 68 155 74 95 -14 -86 3 -76 -90 31 107 -88 -122 -155 38 75 -243 -134 136 15 123 218 241 -132 183 164 -176 80 -207 199 246 -79 0 79 -200 101 184 -114 -145 142 220 -4 -60 -121 158 244 221 89 126 131 -219 -135 72 -173 145 180 12 -62 -157 -126 -65 21 -187 125 -44 -248 41 242 118 -206 50 247 156 194 -144 2 -131 29 -197 -111 -231 113 59 -162 143 150 -147 -229 -30 -105 248 185 239 -7 35 -115 61 -108 -171 222 174 -16 -22 -28 139 71 -151 157 -68 66 -78 -48 -237 -189 -179 -94 133 52 -35 -224 -184 34 211 -167 190 -249 87 -81 106 85 -164 -6 -95 224 -172 27 65 -196 -133 -136 -223 -195 -84 25 162 -57 207 -186 -5 204 202 -38 -170 40 182 -73 -212 -20 227 47 201 115 -127 -89 -109 -205 14 146 172 -190 -250 151 -142 -242 -40 217 -163 135 -61 -159 -116 -47 -182 128 -233 -87 -235 -110 175 198 33 -120 -52 -42 -152 -137 -211 206 122 -208 -210 36 215 -244 90 130 -228 233 -236 62 167 237 63 91 -37 81 -143 -50 181 43 236 240 54 -70 10 -141 -158 -8 76 -2 -46 
TEST 15 ARG:-24 51 -173 -205 213 110 -132 34 132 245 -6 -135 16 -211 -12 -13 -99 -147 -168 89 -106 68 -165 -201 -68 38 12 85 108 -143 195 -77 57 -141 -34 -122 211 -69 84 -212 66 2 -240 -220 210 -30 -8 202 -116 -208 -104 -225 -189 115 164 154 -41 -75 225 4 166 -190 -144 -249 -11 -137 -188 -218 -235 -3 43 17 -145 -237 -70 231 172 -124 6 -47 -216 -107 232 98 -52 117 -153 -150 -111 106 86 153 131 173 -95 -181 116 -197 -10 193 75 241 -123 177 -36 95 -58 -19 -127 25 65 135 96 -146 215 44 88 169 -87 -227 0 133 -59 182 -96 -74 -169 24 140 -139 212 -112 196 11 -7 148 -129 160 155 218 9 -219 -175 77 152 178 8 -234 171 -46 121 -159 64 28 158 -239 176 49 48 -245 -65 -121 35 248 191 -14 223 -140 74 73 46 -186 55 -38 101 -86 -210 -76 -149 197 -2 -67 229 143 208 -229 190 125 -114 174 -16 105 -117 205 -81 90 240 -167 -154 156 -161 39 54 59 -43 -9 180 14 -51 -33 -203 -85 -120 -78 168 -94 -22 -209 -221 -178 129 -44 45 163 -204 -98 142 -226 27 222 40 204 80 122 -171 -18 200 72 -26 -103 -215 150 -156 31 -23 -110 -172 -80 100 -223 -90 134 -207 13 -93 -82 183 60 19 157 67 -64 -200 227 -37 103 209 -177 -185 170 -195 162 18 159 53 -198 -130 -48 -231 97 21 63 -163 -134 92 -35 -222 181 7 -206 141 -92 111 -228 56 -243 185 -45 -164 -49 -157 243 -91 149 226 128 81 61 151 32 242 236 -61 20 -182 -60 58 -224 82 239 118 -166 146 37 -199 -40 214 79 145 102 179 1 -196 -5 217 94 -250 237 71 186 -113 -133 189 26 123 3 -170 199 -4 144 -174 194 234 -248 42 203 175 -109 139 -213 -31 -187 -62 -160 -21 47 50 220 -29 93 -217 165 -179 -32 -230 221 -126 -83 -101 -176 249 107 136 70 -84 206 -155 91 -28 147 -66 5 33 104 22 -25 -148 219 -125 -194 -108 23 -50 15 -232 -118 127 76 -1 -142 -128 -214 -246 -97 -105 246 62 198 -17 244 201 113 112 -183 -241 124 69 238 -39 -20 109 -63 -102 -79 -53 -202 -138 216 192 -162 -54 114 41 -131 87 99 -57 -193 -184 -247 228 -236 -27 207 -151 130 126 167 -136 188 -238 224 -192 -242 -152 -119 -72 235 -115 30 230 -55 -15 187 -180 -56 -73 78 138 119 233 -89 137 -191 161 120 10 -42 184 52 -233 83 36 29 -88 -244 -71 -158 247 -100 
TEST 16 ARG:-170 99 -238 36 146 -162 -70 -37 -105 -174 118 206 -28 180 95 -249 86 242 -131 -187 -197 -42 66 160 89 -228 121 43 -184 147 -158 -79 -46 -123 181 -35 172 -90 75 218 166 -220 -212 212 -138 37 -248 -188 -44 -192 -82 -85 97 163 -183 -168 202 -126 192 27 31 -239 113 -132 -175 -36 149 -130 -98 189 -229 -1 -164 -84 58 240 -7 -50 164 -40 -122 -226 179 48 176 -92 101 188 -59 125 230 16 119 152 68 155 -156 -103 140 1 -233 -139 88 -145 -179 -107 79 -115 11 -32 -196 47 204 136 -15 -8 81 -161 150 111 122 29 -56 -30 -80 -33 82 224 -97 -173 -193 191 241 244 -86 -136 -64 77 -6 115 153 -206 214 -221 -74 190 -186 -119 25 107 123 -180 2 -147 -194 -3 198 15 -240 138 -181 -110 -25 -94 -81 233 -177 -214 20 98 -167 -113 156 -218 247 -117 5 243 110 -128 26 195 -199 -101 -58 85 55 -225 -235 -45 -137 -41 -209 128 248 -243 -18 -75 -88 -176 -83 -246 73 -135 3 -10 124 -31 -200 -78 137 -217 141 62 246 51 -232 78 116 -104 223 245 -141 -68 -222 -198 49 -171 132 -93 196 238 157 -157 193 -89 56 -72 -62 -67 -213 106 148 -95 -134 -245 -51 -9 -49 71 186 -91 -100 127 232 -204 178 -12 -163 114 165 171 8 83 -142 168 65 234 154 69 7 61 -154 170 158 -207 -133 -166 30 -2 173 -124 -66 -191 -237 -63 76 -52 39 -178 109 -150 -60 231 -250 -108 -22 12 143 -159 129 80 59 -127 130 159 -223 -203 -182 -87 -140 -24 -57 93 228 145 -34 -143 225 -96 -190 210 226 112 -53 17 22 144 84 72 18 -61 -17 -14 -120 -26 187 236 -155 135 40 162 -109 194 57 -236 -4 208 -47 -20 96 -29 -69 -165 23 174 217 94 104 -185 24 229 184 -202 -65 -116 -201 -153 -227 46 74 -244 219 -39 120 -210 28 10 100 -111 -189 -27 126 134 64 167 -195 -219 222 209 -5 -55 213 -247 -76 -151 -11 200 108 63 -152 -241 13 50 9 -99 117 133 -114 -48 -149 -21 215 -129 35 169 -169 14 -112 60 -121 91 54 103 201 102 -172 6 67 21 161 -13 -242 41 -211 131 87 -106 151 182 0 227 239 -208 -230 205 32 -205 -77 211 -38 237 -16 142 -146 -54 70 -215 177 235 197 90 -144 221 19 249 -102 -73 207 -71 139 44 -216 -43 -118 220 38 52 -234 216 -19 -148 175 45 -160 53 183 4 92 34 -224 199 42 185 33 203 105 -23 -231 -125 
TEST 17 ARG:82 -131 147 -21 -237 -43 25 43 196 223 -145 94 -121 -239 224 -227 -136 -108 67 198 137 239 -41 -181 167 77 -147 125 140 128 -204 -157 119 98 -177 194 -212 55 -178 -53 -86 -144 -106 47 0 -15 -201 -231 156 52 -173 74 -206 -89 -128 179 -24 100 -142 -11 -146 97 -156 186 -34 -133 -229 63 -200 -195 -112 11 185 -234 39 129 -203 -205 142 -73 78 -14 -160 -12 45 -5 141 -85 145 -7 21 -221 -129 -72 102 -46 -159 228 124 168 -29 104 115 -193 70 240 69 -169 20 241 -22 157 131 30 -87 120 -6 151 -49 -109 -247 118 -99 -215 215 -176 42 -60 189 108 161 -20 -174 -250 -4 138 180 89 -38 -90 112 -125 205 27 4 -51 -119 170 -222 132 133 -172 -232 48 117 -196 -66 184 -88 6 127 -2 -8 66 -148 109 171 123 59 -110 -111 -80 80 236 -154 122 -97 -179 95 12 149 -18 204 14 -184 -77 -95 -105 -37 51 -61 -45 -139 220 49 173 -71 -209 107 -96 34 203 221 -132 24 -192 -54 -84 -228 -48 31 190 -127 38 -186 218 46 159 -158 246 -130 64 -198 76 -233 134 -183 111 -185 -118 -27 153 238 -141 96 -94 126 61 44 -98 -32 237 150 -44 -182 248 -74 -223 -214 68 234 57 -16 226 90 162 -114 -189 5 -63 -163 227 143 -191 -202 -50 209 -171 -3 192 -238 191 -92 -103 56 60 -243 -235 135 193 22 -220 206 -104 165 35 -52 -81 139 195 -138 -241 -122 -107 -168 83 99 106 116 230 152 -211 -58 -226 62 222 242 87 -40 243 29 -101 -93 177 9 217 86 121 -68 -137 110 -249 -216 15 -124 199 72 -115 19 178 3 -165 26 -218 -28 75 36 -55 -170 169 33 -208 166 210 8 -240 -188 16 -64 175 65 -75 -155 -19 -117 174 -35 -197 53 -113 232 -100 -153 -245 54 -134 -180 -244 155 58 -82 154 183 -116 28 -166 -236 176 -23 114 212 -120 -210 93 105 -167 197 -9 -150 -65 84 -194 91 235 -224 -59 -17 201 -57 -135 13 71 -78 -33 101 1 -161 -143 -36 158 208 113 -190 213 229 -213 73 -151 -79 225 7 -164 -207 163 188 136 -187 182 -56 -70 32 164 79 -1 -175 -123 -242 -47 -31 233 -62 -25 85 92 18 103 -91 -76 50 247 -69 187 17 -248 -219 219 -42 -30 200 -149 245 146 216 -162 -126 211 214 -13 10 144 202 249 -26 81 88 -67 -225 -140 181 -102 172 -152 148 -39 -199 244 160 41 -10 -83 23 231 -230 207 130 -217 2 37 40 -246 
TEST 18 ARG:-215 104 -72 144 -138 -140 126 196 -104 -238 -204 245 17 -20 125 76 -26 -109 -192 -48 -18 83 176 -1 10 35 113 138 -161 77 4 -24 133 -176 -120 208 234 39 43 118 -105 248 -218 169 -185 9 72 54 -91 -125 197 136 67 -64 58 -33 -237 -157 -141 -165 -90 64 -236 180 -96 -184 -128 -152 -250 55 -130 155 -246 -189 -222 -220 -179 -134 87 -40 56 -15 115 1 -28 62 128 -107 -31 93 -10 -226 -146 -67 206 -58 -177 -12 -106 -164 18 237 191 41 142 -183 -75 241 -144 -203 109 152 172 82 -143 111 -74 69 -111 -205 249 212 179 -224 85 106 -229 -51 154 162 139 225 88 11 92 119 -84 -170 -62 -201 -196 167 186 22 194 -154 -77 68 122 74 78 195 -2 -199 23 -145 -79 132 96 -131 224 219 222 7 75 38 247 214 -194 137 37 230 175 211 -159 -210 181 -172 86 73 -178 -41 -99 182 -36 -190 91 -213 -180 188 90 -126 -34 135 -44 -136 79 57 -70 173 -5 29 -61 33 213 -14 -214 -158 140 -230 229 -11 -98 70 -113 -38 116 114 159 71 120 -42 66 12 129 232 178 -206 246 -235 103 -202 -207 239 -27 42 -186 -243 203 32 3 -86 -16 -97 8 -234 -78 -55 -240 -122 19 -49 190 158 150 -45 105 -247 61 153 -69 -121 16 107 221 -155 100 205 -117 -244 146 -171 -37 -233 166 141 -187 -216 145 193 207 -63 -219 216 -6 98 242 5 -156 223 -166 236 -81 -83 -160 -119 -30 121 110 13 53 124 -110 149 -211 -162 108 65 199 233 240 -197 20 -92 89 -89 101 -228 51 215 52 192 40 36 -71 170 160 60 -54 -188 -169 -22 -241 47 217 25 231 28 -103 209 31 84 -19 -68 -52 -149 -118 48 112 -65 -80 243 -150 -217 -4 80 184 -151 -181 -73 -39 -135 187 102 -212 235 -46 -50 164 143 -227 244 59 204 -7 -116 30 127 156 94 49 147 -231 -191 63 -53 -225 202 -43 189 -115 -60 -56 44 -221 99 -21 -94 165 15 228 134 26 131 -108 24 218 183 -139 -137 151 227 -3 -168 -248 210 226 -153 185 97 -167 -124 -82 -35 -200 81 -87 161 238 201 -88 -17 220 -66 -59 -8 117 -29 -232 -102 95 46 -242 198 34 174 -209 171 -101 -23 -174 163 200 -13 -76 -245 -93 -239 21 -57 -142 177 168 123 -249 50 157 -147 6 45 -127 -148 130 -47 -208 -198 -129 -175 -163 -173 -9 -100 -112 -132 -133 2 -182 0 -195 -223 -85 -32 -95 -123 27 -193 148 14 -114 -25 
TEST 19 ARG:137 17 -243 -225 33 -88 167 235 200 -6 89 136 -27 -187 -169 -82 -120 112 -14 -166 -170 -34 109 183 113 130 194 74 -148 -131 50 -139 199 -223 -116 76 -26 3 58 220 94 13 -52 -159 67 147 135 229 -7 210 -234 -72 -168 133 239 -162 204 187 -49 -25 -56 196 75 179 47 -16 243 -224 236 143 172 -220 195 2 203 -5 -136 234 68 37 -152 -100 -207 -91 60 242 -193 -141 -65 108 51 41 -217 -87 52 122 120 244 -161 107 116 175 232 163 -215 29 131 -20 -81 -177 233 -109 114 160 81 -92 123 110 43 -176 -206 -156 36 134 -248 -233 -181 -121 150 -158 -242 -126 -80 -40 -64 211 -78 249 -117 170 63 -182 230 115 34 25 -155 118 141 9 -89 5 127 -67 86 -31 -250 -73 6 -180 -95 59 20 159 -218 207 -70 11 -144 -246 -113 30 48 -119 197 144 226 -173 -4 -235 228 -94 -216 -135 138 -29 -208 126 -75 -132 -79 246 -154 -115 125 -54 93 -178 181 -99 156 61 70 121 104 91 -221 -195 97 -43 214 111 -226 -23 -61 174 35 231 -12 79 145 -11 4 -157 148 -55 -44 64 119 -194 96 -102 -60 -153 201 73 -15 88 -118 12 -160 240 -47 -50 -10 39 65 182 102 173 71 -33 238 -190 -106 -205 -41 -149 -204 248 95 -28 78 117 -42 40 -191 54 100 -151 -236 -86 21 -197 237 140 -247 188 -58 241 -24 -192 -189 -108 -22 -77 -110 -140 -196 -174 -214 129 85 132 82 44 -241 225 157 -39 178 -210 80 198 176 154 189 146 98 -125 -172 184 -200 -46 247 -69 -134 -48 101 53 69 -63 -2 -21 7 -98 -199 -127 -146 -219 -185 161 209 -164 -124 -183 -84 -186 62 -53 -184 105 -107 -213 26 77 90 84 -128 24 -209 168 72 56 124 -96 -104 -51 169 192 -230 -59 -179 -150 171 -202 103 -171 -211 1 -201 -13 22 83 19 128 221 206 10 -62 8 -9 -244 -163 -45 -112 -240 208 151 202 162 27 23 46 -138 -175 193 -18 190 -71 -133 215 219 -90 -103 -239 57 -8 149 38 -37 -238 223 -35 -212 180 191 32 218 -74 212 213 -228 216 0 -232 31 166 18 87 14 165 106 185 -123 -245 -198 227 -17 -97 217 164 -143 -68 177 -203 139 66 -231 -249 -129 -142 -145 -85 -1 -122 -93 -227 245 42 92 152 153 142 -76 99 -3 -66 -30 -167 -111 222 158 -188 49 -130 -32 28 16 15 -57 224 -114 205 -165 45 -237 -147 -101 -19 155 -229 -222 -38 -137 186 -36 55 -105 -83 
TEST 20 ARG:96 -13 -217 -144 -121 144 181 -33 -229 -159 -2 212 0 -99 131 213 -61 21 -161 -208 -108 -149 59 148 207 204 49 88 112 -1 19 -124 233 84 -22 -44 76 94 -65 173 -10 174 134 26 235 -231 -4 -183 149 236 188 36 -138 -115 90 -167 100 -97 -93 -60 -248 102 -56 -38 -222 138 -218 -232 137 -86 -32 223 -20 -148 73 -66 -226 81 -9 195 -140 249 -130 -193 -81 123 -41 154 106 77 225 -181 215 57 -146 -94 115 197 -177 161 245 -219 189 -197 -55 198 64 -199 205 -220 122 -118 -185 -123 -184 238 -96 -83 -205 -98 202 199 141 -228 179 -156 -64 237 -136 -191 -46 -104 6 82 -100 -143 -117 -120 -47 24 201 13 -243 -90 136 -242 -129 -186 -221 240 -240 -101 244 248 -26 -5 62 -245 -198 229 -237 -62 -113 -211 232 -112 87 -190 -114 -52 171 32 -152 124 -42 109 -235 191 -147 85 -45 -250 -201 -53 -116 -247 -150 -162 224 206 -173 128 60 -180 105 -203 119 -109 -179 169 -249 25 72 219 -160 -29 146 68 -132 -48 -192 -119 67 166 -103 -234 -133 -212 -216 9 214 182 74 -68 220 38 209 118 30 210 -24 145 86 -168 -125 11 20 -54 45 48 129 -74 -174 -215 139 103 104 -69 16 -158 -176 147 63 34 -76 133 -188 -67 -135 -169 91 208 61 97 -89 226 -111 -35 170 -195 -170 -28 -57 -126 -79 -7 39 194 126 203 127 -110 -157 193 -107 -155 -77 40 -75 58 -3 -49 -87 53 117 4 -34 -106 -194 -239 65 192 178 35 -31 120 111 150 46 -200 184 -50 196 69 227 -137 14 -187 -189 50 -82 216 -134 -15 75 99 -214 66 -224 113 234 121 243 246 156 -139 -12 -84 222 10 -166 -59 -71 44 -14 -128 -40 98 140 1 -175 -202 22 -246 190 -16 114 -102 -27 -196 142 -21 55 -142 31 95 -164 -141 132 -85 -36 211 218 165 -72 80 89 -122 -172 -225 101 -209 228 8 23 -210 168 172 27 143 2 -207 135 28 -182 -206 71 -95 176 242 159 -238 158 200 163 -25 177 -63 51 -223 -88 130 43 92 -213 217 125 93 151 -19 164 155 54 160 -39 230 -78 -244 7 -227 -233 29 -230 110 183 5 -91 41 162 239 -73 -92 -30 -171 157 -43 -17 -178 241 -236 -58 37 3 167 187 247 -145 221 -163 15 -131 -18 -127 185 175 -151 152 -11 -23 116 -80 -105 -165 70 52 42 -241 108 18 17 -37 -153 83 107 56 47 -70 -6 79 231 -51 78 -204 -154 153 186 -8 33 12 180 
TEST 21 ARG:26 -240 204 -126 -201 130 64 -237 -230 -47 -107 44 -182 85 -95 -148 -235 63 -189 -242 142 -172 191 -234 226 155 135 28 -100 -246 171 230 -164 -80 -123 140 -71 -223 104 31 -249 175 -194 53 227 -55 -168 93 -103 45 114 -72 2 -119 176 123 -145 -192 -67 210 158 -104 165 76 -7 180 62 160 -142 246 36 -176 -208 146 -26 -65 231 239 -199 -133 179 91 192 194 111 173 -151 122 105 -89 -33 -209 4 -229 72 121 136 98 75 220 -114 42 -37 -63 -30 177 157 -170 97 -137 81 -106 -31 143 78 228 245 -211 159 8 164 57 -9 -118 52 71 -58 134 -64 21 14 -39 -159 -152 -113 33 -178 -60 -109 -1 -5 129 117 131 -163 66 27 96 128 203 -222 186 -204 150 16 40 183 -200 -167 43 -202 -10 34 -8 -214 132 -36 -101 -111 -185 -191 -134 -40 248 202 172 -102 102 -188 -25 124 -226 -93 195 19 -162 41 -161 112 82 -82 -73 199 94 247 116 -221 -232 95 -198 -180 -215 -70 0 -45 -14 -74 -156 147 -4 -136 59 151 -154 -225 -92 216 -77 18 88 -51 -86 169 -130 47 -90 163 -12 215 3 -157 174 99 214 127 -125 90 238 -244 209 244 235 200 113 -35 193 -19 -124 242 240 144 -96 -187 -59 -81 -227 222 -193 48 100 -169 152 153 -166 198 103 -32 -46 168 -38 120 -43 -141 -247 181 126 138 -205 205 184 -138 13 -79 -144 -98 -44 219 -155 -50 -224 17 -21 207 65 233 -228 -128 223 -105 139 -135 -120 -147 -49 12 -175 -173 -22 -91 154 69 -54 -238 -190 -17 -6 217 107 161 -112 225 -42 6 -83 58 -158 -177 -122 196 115 -132 74 149 197 22 61 -57 148 156 -218 -110 29 133 -236 162 -76 125 119 190 92 166 -149 212 -11 7 38 243 10 -61 -250 -131 -197 -28 -2 -146 -217 -183 -196 -88 -181 86 73 101 39 60 -160 49 -216 9 50 208 -121 -68 221 178 -3 -56 249 -97 218 -23 211 189 236 -48 -62 -87 108 213 37 -29 -16 -248 70 188 24 -165 -243 -27 -220 -171 -85 185 -239 -174 15 -207 187 229 110 145 54 84 35 -52 -143 170 -210 -34 -184 -13 -15 -212 141 -78 241 -117 -94 51 -75 182 77 25 -140 224 -69 -129 -139 80 -41 55 118 -20 11 -153 -245 68 -203 -18 32 -213 87 67 83 89 -99 -186 -84 56 -53 -233 79 -24 -206 -231 20 -108 137 46 -241 1 232 109 206 -150 -195 5 201 -127 -179 167 234 106 -66 -219 -116 23 -115 30 237 
TEST 22 ARG:181 126 -173 -33 150 246 -134 -147 -50 207 -112 136 -160 168 233 -228 -30 165 -171 193 9 -174 -37 -122 139 107 -142 138 -64 115 11 198 75 -89 208 -69 219 -237 -65 -42 192 -115 185 -211 -184 -14 7 -220 16 -9 -149 -77 -17 215 -245 85 -230 -207 10 163 174 -161 -236 -181 197 -91 162 118 -55 128 117 28 44 -79 -143 -216 159 180 236 -153 102 154 -204 158 90 -201 239 -58 247 -250 206 -217 46 179 -138 65 119 177 -63 -232 -72 -51 4 -200 -52 -137 231 -242 -145 122 -25 -221 -238 224 36 -202 -56 70 169 -96 -247 -6 22 83 194 -121 38 -5 33 -111 166 76 -39 -45 -82 -156 -127 -229 235 -28 3 127 -19 -54 -118 109 229 -199 137 -102 -164 161 -225 -196 -133 -151 27 -16 218 91 0 -120 148 -99 -86 5 241 -197 132 20 112 40 -244 84 -70 14 -47 145 -206 -85 -18 12 220 -75 125 -95 -36 -239 -114 223 -106 -170 -141 -88 -124 152 214 175 130 147 -21 -248 244 182 -104 29 227 -126 -154 195 -97 106 -43 24 17 67 94 114 188 212 -218 -7 98 -100 -193 -240 -162 135 146 167 -227 69 -215 178 226 201 55 176 -233 -195 116 -59 104 -226 -213 -110 -209 171 173 -246 -241 37 -74 -105 -90 -198 184 -2 -38 -208 -11 -87 149 213 88 155 249 153 61 81 172 -165 -155 -49 92 -169 54 -68 -135 -222 228 -187 31 -81 196 199 -83 -194 -183 99 234 -148 210 -10 -168 225 -166 -212 48 140 -32 209 -177 -234 80 -108 -179 -128 160 -80 -93 68 79 200 47 191 -243 -84 120 6 -73 204 245 -31 113 -4 -219 -159 -1 30 -182 -180 71 -34 53 -113 -139 108 -178 211 -158 -189 -24 -132 82 156 232 205 66 -62 143 -103 60 100 -76 230 157 -46 164 45 -140 52 93 8 129 222 26 -48 63 13 39 58 -67 121 141 86 -190 240 89 217 -223 -53 144 -188 -123 62 131 238 87 -57 186 -107 248 56 78 -3 -191 -61 74 15 110 243 101 -27 -119 -92 -125 183 18 -29 -41 21 -185 142 42 -175 -60 -130 51 -117 -152 -146 19 -71 -163 -12 -98 77 189 -231 72 134 -176 59 -157 -136 -144 242 35 -116 -203 -22 64 -40 -192 25 49 -78 -249 216 41 123 -129 -35 34 187 -224 -101 95 57 2 43 -44 -109 73 237 -8 124 -214 -235 -150 23 -66 202 111 -131 -26 105 -186 97 203 1 -205 96 -15 170 -23 -167 -210 -20 -94 133 50 221 103 32 190 -13 -172 151 
TEST 23 ARG:236 -245 155 -170 179 63 59 125 -82 -142 42 212 26 32 116 61 51 77 -72 113 -133 -83 158 -161 82 10 -237 -201 238 -207 206 109 -193 47 174 246 200 39 240 122 88 -107 -105 -234 -54 -143 -102 245 249 -64 104 -2 -62 189 -235 7 58 -113 -154 34 79 38 103 99 209 -21 -100 -131 98 -22 84 50 -57 181 -196 129 -40 -127 211 -202 218 -121 -15 -65 -129 -94 -190 182 220 -168 4 85 115 178 -98 -145 -130 -242 -66 -199 -180 35 3 205 -116 -92 237 -209 -166 -119 -81 229 -246 -217 -41 133 -238 -120 -150 -203 6 -109 91 66 -149 -206 -12 -10 12 -38 -231 213 -46 -63 -77 166 -210 -50 162 83 185 -124 -183 56 -222 65 92 81 164 -20 -208 -178 221 127 154 223 -158 -106 215 126 -165 2 197 -205 132 156 235 9 17 -16 14 11 -134 208 -239 -230 27 -214 226 -19 147 -147 28 -232 -29 13 165 -45 -123 -128 -110 -24 -32 -91 67 123 21 160 210 69 -48 118 -233 60 -169 31 71 -44 -80 44 203 -152 -68 -139 -52 5 148 97 105 -30 -101 138 -95 145 -159 52 -135 198 136 18 186 -200 -47 -18 -17 -73 74 -67 193 -86 -250 23 248 161 93 173 -58 244 75 -248 -25 -174 -1 -225 159 25 225 86 -213 -216 73 151 -8 -186 37 -223 -227 195 -69 -140 199 131 -11 72 134 -221 -115 124 -56 247 -215 -84 -6 -5 -243 -175 -35 119 216 55 -146 30 -137 243 -172 -118 -132 16 46 1 192 -59 224 143 49 -28 -153 -151 152 180 -182 -212 -14 217 194 -249 -103 149 -97 -37 -55 -163 87 -188 172 142 171 -42 141 -112 -4 15 -114 -156 -236 -87 -177 128 163 -226 -136 176 96 102 112 167 0 -197 117 33 219 110 242 234 68 121 207 54 -96 168 -111 100 -219 -204 64 232 -90 -162 -70 -179 -9 120 -93 177 -195 -99 -7 29 -229 -126 20 -79 -3 -71 -220 -89 40 187 95 -53 241 214 -61 108 -78 -27 -241 -185 190 169 -122 -194 196 130 -189 -144 19 157 107 53 43 -198 57 -39 175 -49 -104 233 -192 70 150 201 239 -76 8 222 137 204 -43 188 -176 170 -164 -34 -247 -108 22 -148 -184 -75 -224 78 231 135 62 228 -74 -31 101 -228 80 -26 41 -23 -240 146 -13 230 -33 45 -138 -117 184 139 -173 -60 140 36 202 -85 -167 -36 -191 -171 -160 191 -187 48 76 24 -155 227 183 153 106 94 -88 111 90 89 -218 -125 -157 -211 -181 -51 -244 144 114 -141 
TEST 24 ARG:200 -223 -197 0 -120 -49 94 -28 -130 -208 235 63 -118 93 105 -250 -19 111 88 48 243 -22 89 -205 21 214 147 -54 1 -6 -178 26 -140 -88 -153 14 -227 -233 56 218 232 237 -174 -65 162 -11 -135 -136 81 -220 72 198 177 80 -149 106 -161 155 190 -116 13 -91 -229 90 -39 -176 -123 -5 116 178 -196 -189 208 -141 65 -242 157 -77 220 -170 -61 73 202 30 -210 168 96 -183 -215 -241 43 -211 141 130 -27 203 75 -10 67 195 103 193 -55 34 191 -181 183 -207 -154 209 -109 39 -4 201 -247 -117 117 248 100 245 -52 -110 95 204 32 223 104 -226 -198 -239 172 -150 -102 154 -64 -246 234 246 176 216 192 215 -147 -13 -83 137 -115 60 12 -92 -128 -12 166 -152 122 -44 33 69 197 -162 62 -224 167 124 -50 119 84 108 -203 -127 -96 59 5 -85 -158 138 -43 -38 -221 79 -63 113 -195 115 -142 118 98 -29 -225 -103 -228 -8 3 -121 -108 40 127 -101 -216 -47 83 143 -234 -206 31 -86 174 181 217 -76 -24 121 187 -46 -9 242 51 17 35 226 86 225 142 87 -15 139 -113 164 186 128 101 -59 -41 45 99 -16 -94 211 -166 -68 -182 -69 224 -37 -7 236 184 227 -87 23 -25 -200 144 -57 -70 244 -163 -212 126 231 55 -132 140 -62 239 -104 2 -202 171 134 -48 -26 159 -119 -34 -84 -172 -126 -20 50 112 -112 161 -171 -17 131 -74 179 91 -73 -236 -144 -143 148 173 -187 -18 44 82 135 -14 -21 165 -53 -138 -122 -58 -72 180 -244 92 -218 57 10 -245 175 -98 -131 185 -30 41 -156 102 -169 107 18 -164 -222 -35 38 6 -36 -180 70 -114 233 52 -155 221 -107 85 228 47 -100 -199 78 -204 -2 -137 15 -89 8 -151 212 -193 9 170 206 -177 -3 129 42 -80 25 -175 210 189 163 230 16 182 71 -186 -75 -45 240 -209 125 -139 -93 -192 169 -160 -157 -145 249 151 -42 238 -230 58 -237 -56 -66 -217 205 -219 49 -129 -159 -232 24 241 -105 29 97 -33 109 247 213 -213 77 160 -235 -191 -82 22 -173 -165 20 4 64 -167 146 199 219 -184 114 -148 -67 68 -32 123 -99 -133 -78 120 11 -97 150 136 -1 -124 -51 -81 229 37 188 36 -111 -201 -40 -214 145 19 152 -168 28 196 -179 -240 -238 27 -249 -71 149 53 156 -185 -190 61 -60 194 153 133 -188 -95 -125 -146 -23 -243 -231 -194 -90 74 110 46 132 54 -248 7 -79 -31 76 207 -106 66 158 -134 222 
TEST 25 ARG:-164 -119 206 -152 210 104 200 133 -157 56 90 173 124 -82 -49 175 74 224 -231 -229 -193 -93 179 141 202 -242 37 -99 245 9 -107 170 -172 248 -9 -39 -38 209 122 -209 107 81 -72 -131 -196 -125 167 11 -4 -77 -250 -197 58 -70 -55 -33 -46 -42 -36 117 4 -15 42 -159 -140 125 -195 -176 242 14 114 231 115 116 -32 96 191 72 18 79 190 10 44 -101 226 111 112 -126 181 38 -173 -217 73 -24 -154 -25 238 -66 -220 -68 198 41 -144 13 246 1 -10 -186 219 -146 151 208 71 -120 59 -61 -166 185 -137 234 153 -133 123 52 211 192 -97 -109 127 88 142 -232 8 -169 -192 -53 218 16 -48 182 -215 -112 213 43 -200 -85 -78 -221 207 -113 -174 -163 109 -87 232 82 -45 -27 -28 48 176 76 -118 174 31 -238 158 89 -181 220 -96 -206 -175 22 -51 30 -132 108 -228 162 145 -230 39 203 -155 155 32 102 -23 178 216 -76 -80 -234 194 -74 -88 7 -188 177 188 214 -62 -148 29 -117 157 113 47 160 -6 -249 6 -190 -219 183 65 -103 -213 -198 135 92 -37 149 227 -239 103 -153 184 140 -171 -69 236 -71 -128 -201 -34 68 51 50 129 -236 -145 -235 -30 -156 -182 199 -226 -52 46 -58 -136 147 -158 64 161 66 -13 -3 -57 -139 118 -29 -60 132 -151 -90 -17 -147 -178 -244 -203 154 -47 23 -83 -89 27 -214 87 94 169 215 101 75 240 131 -177 -56 -168 -223 19 -225 17 69 -204 -194 70 230 237 -63 -240 95 -191 100 80 -211 62 -189 97 -114 25 -162 148 -22 84 91 -246 -98 -64 168 3 150 186 172 146 20 35 -11 -79 -7 21 201 204 -111 106 119 -75 -135 -179 159 229 -212 -14 -2 63 0 15 -150 26 -106 -237 -16 144 187 205 138 -149 -1 36 -207 -73 83 243 -167 130 -67 61 -19 -165 -100 -91 -124 143 126 228 12 -134 -108 55 -20 223 -143 212 164 233 -183 -161 98 -184 -247 110 247 45 163 -12 -218 -222 40 -170 -233 197 -81 -8 -5 24 -123 152 86 -187 -26 171 -245 49 -205 -94 -122 -95 -84 2 139 -35 225 137 196 -129 -50 -121 -130 -160 -243 67 134 249 166 239 156 221 -210 60 222 241 -116 195 -115 33 -104 -248 136 -110 -86 34 128 -127 -21 -180 77 -224 85 193 -40 -59 -92 -241 53 -31 -138 5 165 -41 244 -202 -185 189 -199 -18 -142 99 -105 -102 -208 217 57 -227 -43 -65 93 54 -44 -141 120 -216 235 28 78 105 -54 180 121 
TEST 26 ARG:-121 -127 -77 154 -170 -42 -144 -79 -182 -197 36 93 208 -233 181 -235 -81 180 183 -236 34 214 -74 241 -61 179 51 -132 -52 -95 201 -123 3 -135 225 -47 -241 -138 -249 203 -175 155 66 35 212 134 137 18 55 -85 -97 174 240 -201 177 -238 -239 -78 -190 4 109 62 57 -221 210 207 82 -122 -161 -99 -80 161 -134 25 -66 168 74 -69 -240 -90 67 -38 -24 -76 89 -21 130 103 245 9 -140 -55 -211 -102 -83 121 -60 72 96 47 -165 77 142 102 58 -162 -117 173 213 -209 -152 198 -88 -19 125 -142 123 13 -98 150 -109 -5 -220 -15 -125 199 -71 -59 -219 -75 -155 -232 -202 -49 19 -153 -105 -92 11 -207 -237 220 17 162 -149 158 185 16 -159 143 187 -204 63 182 221 -56 148 31 229 204 111 226 145 15 -222 41 21 -112 81 14 107 -8 136 -111 -4 167 141 -158 -227 -141 128 -166 230 176 239 -31 205 144 157 -169 54 249 -193 184 -195 146 -234 -108 52 215 118 56 216 -70 -186 24 116 132 -57 160 193 217 196 -217 -16 228 -148 151 232 -103 206 192 -118 -187 120 165 114 23 -173 50 -114 -156 -23 27 -3 -206 227 -116 -41 112 -48 122 -40 -9 -10 -150 169 -67 -247 -244 -242 26 99 -145 -172 202 -160 -218 -224 164 -13 -229 -164 69 178 98 -176 -133 -89 149 188 156 -6 97 -124 175 -65 -177 -198 -192 -107 -91 -96 -250 139 -12 49 -7 70 -194 64 108 -179 -171 88 -39 190 233 -216 79 195 29 218 -210 -226 -168 124 -30 42 106 243 65 45 223 44 101 84 -151 46 5 40 -231 73 211 -113 -45 71 247 244 -212 242 -93 -62 126 -104 -199 -225 -58 12 8 6 -248 -51 -230 -37 100 166 104 -246 -53 -106 209 147 -154 129 117 30 20 200 -86 -54 -50 -28 -189 133 -94 -22 38 68 194 -14 -147 135 33 -72 92 191 85 248 127 113 -46 28 -25 -228 -100 -18 -34 -17 115 37 140 -128 105 119 -63 -101 -205 32 91 -35 246 -1 -126 -82 138 -174 -208 10 -223 -203 61 -181 -184 -131 219 0 -137 -43 131 -36 -243 -11 -68 78 163 -32 170 -27 43 186 235 153 -64 86 236 87 -139 -183 -73 -44 -26 -213 -167 -84 -136 7 -110 171 -214 59 224 94 -130 -143 -245 -178 152 48 -191 234 80 75 -2 -146 -20 231 -180 -119 1 90 83 197 -33 76 -157 -87 -29 -185 237 238 -215 95 22 -200 172 110 189 -120 -188 53 -115 2 39 60 -163 -196 -129 222 159 
TEST 27 ARG:-129 -183 -226 -11 22 -99 196 168 -162 165 -113 242 83 15 35 -225 -3 -211 118 141 -114 162 56 3 38 -150 -222 -78 24 184 -124 14 201 130 -171 235 -239 143 68 210 -101 108 98 -139 107 243 -18 69 70 213 240 116 132 -94 163 28 -140 114 57 137 -136 33 -89 183 -39 -110 97 -142 -17 -185 -22 180 -98 -25 -93 -104 227 -83 -12 -234 -243 -122 -116 -231 157 -220 -44 109 -119 -189 29 203 -37 67 150 -111 100 -156 192 39 -197 7 -165 214 207 171 204 -68 -219 181 -228 -233 -62 -20 138 -248 121 -58 -181 229 -48 -236 140 216 179 71 159 -158 -203 -246 -50 -218 73 -29 -178 -117 220 -212 221 -192 134 -213 -170 12 101 115 104 -223 205 -96 -199 247 23 -131 -193 2 50 -80 -41 90 43 -105 -133 55 -191 -92 -40 -109 64 167 59 0 208 106 -69 169 245 228 190 53 -180 237 -196 -249 -30 -190 209 -208 49 -31 125 80 -32 186 99 144 20 -153 -132 -167 -56 21 -15 -61 16 244 -88 174 27 225 -123 105 -232 246 -157 32 -176 -201 -163 224 230 -135 -200 -84 77 -10 194 193 74 -121 88 249 -21 -149 102 197 47 18 -35 -242 -54 -107 136 -100 -112 -120 124 -179 -206 166 185 -187 149 -247 -72 -161 95 -51 212 31 -85 -26 217 -152 93 -144 153 66 5 -4 -24 17 173 195 172 -42 -229 -2 -86 236 -244 -82 -143 -103 1 -145 25 -57 139 -166 84 222 91 -53 52 248 199 -28 -16 -240 -70 177 -151 113 161 200 -137 -128 -79 13 -224 -23 158 -130 -146 94 155 -6 120 232 156 8 51 -102 176 -97 -230 154 -126 -34 -207 -65 -195 -182 231 206 123 234 -155 62 218 58 187 226 135 87 75 160 34 -64 -216 127 89 -186 -67 178 -175 219 65 148 61 96 131 -173 79 -141 -202 46 -13 146 9 -43 164 211 44 41 -194 -19 -235 -9 -14 37 133 110 -8 147 86 -215 -66 -237 42 -46 -214 129 6 170 -172 145 -147 152 -154 -250 -227 -159 -169 233 82 4 142 -73 85 -209 -198 122 72 -75 126 30 189 -115 -127 -1 -63 -125 -60 -177 -27 -134 103 -49 -164 -87 48 -108 63 11 215 241 151 -210 -7 239 111 198 -76 -95 -77 119 191 -160 -221 60 26 81 45 -52 223 -74 -33 -148 -106 -205 -59 36 -238 -204 -241 -245 -91 117 -81 -71 -38 -217 -138 -174 76 54 -90 -55 112 202 -188 92 -168 10 128 40 188 -47 -36 238 -184 78 175 19 182 -118 -45 -5 
TEST 28 ARG:43 55 -49 112 -41 -245 236 9 230 -157 -119 -125 18 -234 180 -1 -250 -21 138 -84 118 -159 59 167 -242 -184 -24 61 -106 -20 -191 -228 -186 -74 152 164 -222 -103 -3 222 79 248 -235 -138 -105 6 220 -10 200 -154 -9 113 161 -89 196 -225 -170 -143 -15 135 -211 -104 -131 -18 -238 193 177 -230 110 -5 3 -94 -79 -59 -237 44 32 5 -243 146 -150 105 -229 -224 162 -73 126 175 153 -12 -81 78 131 86 -227 -102 -110 209 -16 27 207 142 -217 -226 203 171 -166 30 75 -43 -47 -181 -80 -141 65 240 125 -239 -120 -173 -83 -57 20 174 -42 -48 49 -17 -193 238 -4 -85 -161 94 -209 -34 -207 -153 -144 134 -97 -53 -216 204 -148 -177 228 191 -247 -174 -156 194 208 -240 69 -200 -78 -107 93 115 -112 -27 128 119 81 -134 173 -202 -11 -55 -236 -2 88 98 -214 38 -140 -188 -210 -205 114 21 -136 205 160 100 96 184 122 -124 -23 -58 -198 120 17 -218 -233 -187 12 -199 188 141 -28 202 109 83 54 -185 66 -196 89 249 -204 35 -248 246 182 -87 185 84 -165 -44 80 186 -116 -109 42 -56 -61 -19 40 154 91 -77 -13 4 53 -219 -241 37 -32 13 29 176 124 -249 150 121 -29 -167 -96 -168 -176 107 -30 106 -37 -163 149 50 97 -197 137 216 111 -118 221 87 -70 24 129 -190 -31 217 -132 19 247 82 -101 0 58 -203 242 73 -121 241 102 95 -69 144 -65 -7 16 -149 -36 181 -123 218 159 -63 199 -145 192 -155 -50 45 201 11 103 -75 244 -39 -72 224 225 -137 183 140 -189 34 -208 74 57 -175 179 -213 47 143 -146 64 10 151 41 92 48 -147 -215 -76 -93 51 -68 168 67 -194 2 -33 63 215 123 -130 -133 46 -192 -169 165 245 -183 -114 127 -54 -212 71 145 156 -51 116 227 -221 213 52 -88 -113 -40 -99 31 117 -231 210 90 101 212 -180 148 -62 -179 -6 232 -66 -108 -122 -220 -142 -71 214 -135 206 130 8 -128 -8 72 23 243 28 -158 25 77 136 15 76 -90 163 170 36 139 -26 70 190 -52 -98 237 172 166 233 7 -223 -160 68 99 234 -164 -82 22 189 -60 -178 -100 60 -129 187 -111 -67 -201 211 178 -206 62 104 -64 155 -162 -246 108 231 33 56 169 -45 226 -14 -244 14 132 229 -232 26 147 -151 -86 219 -95 39 235 -22 1 195 197 -195 -126 -127 -46 -182 -35 133 -115 158 -25 85 -139 -117 -152 -171 -92 198 -38 239 157 -172 223 -91 
TEST 29 ARG:93 -33 184 -11 -249 -30 245 -240 54 -64 -213 -221 246 -45 -246 -196 96 169 -189 -49 -29 155 -217 -90 167 -198 157 -153 156 -1 -76 -55 -21 207 -218 -186 -181 -167 187 194 120 -92 -200 36 231 -71 -97 97 122 242 -3 -207 -109 -183 -177 50 -239 103 -161 201 123 -112 -2 67 -201 -120 129 58 -179 -34 -72 -106 220 86 -60 163 -28 88 161 -108 224 -6 181 -144 -23 75 -66 202 -91 92 -117 208 -191 178 151 -79 -220 -205 -94 -73 -159 221 248 70 -128 61 132 -52 -188 135 -77 219 -157 -199 -238 14 205 -43 -232 -148 236 -22 72 -75 108 -202 84 159 -193 102 -211 -145 5 18 -164 71 15 175 -9 -180 131 152 -101 -222 41 81 21 -85 217 -248 82 1 27 -215 30 247 112 195 -149 79 214 212 146 37 25 -25 -129 -42 -110 -16 -241 40 69 171 -175 133 -5 -56 -228 -95 -57 47 9 -206 -80 64 196 -163 239 111 -230 -250 -119 48 -155 238 -86 -130 -18 -96 164 -231 66 -87 198 115 125 134 192 -8 -235 85 -67 -242 -105 230 -114 188 -121 -63 33 38 -115 7 -24 -210 -223 137 83 -171 -107 -116 0 -15 -48 203 95 49 140 11 13 -219 -54 -229 121 -59 39 -208 -36 211 -98 168 4 -47 22 62 51 -7 76 -236 -44 100 -111 -184 -46 78 144 216 143 -78 222 197 29 119 -83 -124 -170 12 154 -173 -118 235 -20 -176 19 24 218 26 -225 -233 -141 -137 244 -113 -226 -138 46 -132 162 -93 128 77 -168 233 -81 232 -139 6 -38 -194 104 90 74 -12 130 227 -125 -70 35 -102 177 -37 99 113 -182 116 68 243 -172 -154 -178 -14 234 -69 -247 -89 80 150 174 -126 -134 -140 215 -212 73 -103 -174 60 -58 240 241 -61 -195 -166 20 -209 172 -234 -243 -27 160 -68 -32 -244 173 213 -192 -39 136 -65 193 -185 -26 -35 210 -160 114 65 124 105 -146 117 190 186 -17 179 -133 180 -53 126 87 170 -150 209 23 -165 -100 -41 182 -123 110 45 -143 204 127 8 17 148 55 -216 228 -147 -151 59 -237 -203 109 98 185 -227 3 -62 -122 225 -204 -152 223 63 118 94 -187 -197 -169 -162 -82 226 189 176 141 107 -88 -135 -158 -99 166 237 -50 -51 32 158 -4 199 -142 200 16 28 153 -136 -13 -127 -31 191 31 229 91 101 43 145 -40 -10 44 -190 56 -131 -84 -245 142 183 -156 57 106 -19 165 -224 206 149 52 89 138 -74 42 34 2 139 249 -214 -104 147 53 10 
TEST 30 ARG:29 -193 80 58 -22 -74 93 -108 7 -12 103 -59 67 -132 183 218 108 -122 -84 -176 187 -112 -107 -223 140 195 -224 219 -192 210 -38 9 65 -158 -204 -109 -243 176 -159 -197 2 142 -250 -70 -94 158 -226 205 184 -225 86 -60 132 -184 -186 92 -56 -68 -131 169 -172 64 45 22 39 53 -162 13 145 -187 -238 -57 44 -36 60 128 -28 241 172 124 -103 -148 224 70 148 -194 229 125 168 -142 77 16 -212 94 91 -210 -4 182 116 209 107 -85 -25 -91 24 -82 -240 151 -130 197 201 155 -9 -123 72 -241 149 167 76 236 -50 181 -18 -97 -58 231 -96 129 171 -53 -49 139 -205 52 61 -17 66 133 -33 -52 173 -83 -19 43 153 200 3 -208 232 -64 208 135 -55 50 113 11 -138 166 165 31 146 222 -32 -169 -113 -100 114 178 -3 242 -23 -196 88 118 193 26 -1 14 -65 -161 -144 198 -155 100 -87 -31 -119 196 87 126 -195 30 246 -47 -106 130 96 55 42 -203 18 -234 84 -151 -45 248 137 10 85 194 1 -171 -213 -200 131 -105 170 -185 -88 249 -244 105 121 237 75 38 -86 119 -121 -66 -63 -137 98 41 -35 127 174 -164 -128 112 190 -143 -198 152 230 221 141 -26 -61 122 -135 -231 21 -11 -134 -116 -7 0 -30 147 215 37 -201 -170 226 144 -15 150 -246 46 -126 164 -150 -54 -147 89 25 -90 -235 -78 106 238 -21 -110 -219 -79 -24 -245 -124 -181 -104 -217 -248 -95 102 235 -39 27 -75 62 59 123 -111 36 163 -156 -237 239 -215 185 -157 -99 134 117 -44 -76 -221 104 -120 -236 203 207 -178 -233 109 225 -149 -190 79 120 -247 -71 -152 34 101 -92 -228 69 -220 -222 -27 -29 -72 -62 51 138 -2 -8 -175 -179 -182 -202 245 97 180 -140 -101 162 -191 220 5 12 214 20 -168 223 -229 -211 206 -51 -214 -125 82 227 211 54 -10 111 71 47 -67 -40 179 -239 -206 157 95 -173 136 115 40 188 -73 228 48 33 63 99 56 23 -118 -160 -37 -48 189 156 -46 -34 -163 -133 -98 32 90 -167 213 -93 4 -207 199 247 -153 160 -5 -146 -136 -6 28 161 -114 78 -218 -89 233 -230 177 -102 -13 -43 192 244 8 204 191 212 -117 186 -154 57 217 -20 -174 -232 -180 -69 -242 -129 -77 -115 -139 -127 -188 -141 -166 -81 -14 -42 -249 240 -145 -209 -216 110 83 -177 6 15 216 19 74 -183 -80 81 49 -165 159 202 68 17 234 175 -199 143 154 -16 -41 73 -189 -227 243 35 
TEST 31 ARG:-41 -106 141 31 -22 -209 233 -190 66 213 -33 55 147 -83 -23 -79 218 96 102 37 86 -65 229 -105 35 176 214 1 -153 6 -67 -138 234 94 128 -28 158 -35 150 87 82 97 -236 -63 215 -228 -39 20 19 -197 -112 5 107 -144 -16 -55 9 185 44 -166 -92 140 148 -150 -249 -244 243 208 -107 216 -80 -237 249 27 130 -141 -151 -149 211 -32 -243 71 163 -202 -66 178 197 142 -187 -217 -91 43 220 -181 57 -40 -175 154 -56 50 -160 91 -194 -226 -211 152 -88 -165 -1 190 -85 132 -75 -152 41 -114 0 193 246 -127 157 -191 235 -116 -234 79 73 -137 -134 -128 -221 -115 103 -148 101 -74 120 -6 -53 146 144 169 28 133 25 -119 21 98 -214 -155 -86 -227 240 182 156 -109 90 -118 184 149 131 248 -3 89 70 -70 -103 -52 62 38 -169 4 -68 -157 -48 -94 -186 34 -12 196 -54 164 236 -242 -96 192 -168 -8 42 12 -104 115 51 -50 108 -198 -183 33 -247 -185 -200 -163 -113 74 -192 -210 69 181 226 245 -133 210 -123 -44 -110 -139 -225 -111 122 -212 209 217 -15 -220 -81 166 173 -125 198 167 155 56 -78 207 -205 -31 92 -34 39 123 -170 -77 223 65 114 106 119 -130 46 36 224 -246 59 -117 -250 201 241 -145 -232 109 137 -159 68 23 227 136 -208 11 63 200 49 -230 232 -59 -146 -84 -45 110 -201 -171 -182 -176 -219 -46 -167 -215 -147 -173 30 124 -199 100 -82 26 -24 -189 58 -203 14 -36 112 -14 -95 -87 -224 199 104 113 3 80 165 -156 247 -126 174 -17 139 170 -97 -140 13 161 -213 -241 -122 195 -38 -193 16 219 -131 88 225 15 29 212 -222 159 -248 -178 151 -129 -21 52 -188 -102 84 238 -238 179 244 237 138 204 -223 -58 -11 127 7 -154 188 -43 -93 -2 60 -5 75 221 191 222 160 135 145 -235 -132 -37 -13 64 -69 -207 242 -19 22 -72 -216 -135 194 83 54 -90 -101 -25 118 -161 99 -206 -76 -47 171 239 85 -179 -245 -177 -89 76 -51 48 -174 -20 -26 -42 187 -172 -7 202 -231 10 -108 -57 93 168 -196 203 -120 81 -9 -60 45 -98 172 228 72 -229 -99 -184 -180 125 134 175 231 180 206 177 -100 -73 105 -143 111 -233 -240 -61 -71 -164 -18 183 -27 -29 8 -49 -162 -64 61 24 -121 17 -204 2 78 -62 67 126 230 186 189 205 143 129 117 47 -136 -10 -142 18 -4 -158 -195 32 95 53 162 116 -239 153 77 40 -124 -218 -30 121 
TEST 32 ARG:78 50 -126 53 23 44 -57 -12 -241 -102 -178 67 42 80 14 -61 147 139 -26 -228 -99 -237 177 136 -140 -245 -8 19 -240 103 203 -18 32 137 201 -88 -90 -5 33 -10 -132 -41 191 216 -108 -45 118 -1 164 176 36 243 124 108 229 -51 55 165 -30 8 -9 -119 -182 -48 -6 134 93 -160 -69 -94 94 18 -86 -164 226 -163 39 -84 172 9 -143 -198 -203 126 -188 -127 -217 222 -37 238 166 -238 96 -67 -68 69 -179 49 -93 194 62 206 -63 -23 92 -22 -249 -7 -171 156 61 -204 -14 131 -186 -214 24 -139 122 214 133 -112 -73 16 232 193 -83 -78 79 98 245 -29 -72 29 -137 -136 85 -28 -230 -44 -79 -39 249 -145 -71 25 109 -49 59 100 219 -128 171 -42 -209 -135 233 -170 -104 -118 -58 -38 -123 -80 -218 82 239 -149 51 27 -81 -15 154 123 77 162 46 86 -21 47 157 -85 -224 -17 205 213 159 -206 -207 -157 244 -52 125 149 -138 -54 -114 64 -107 -172 -77 -55 -95 138 160 45 -27 -246 -70 28 -117 146 -142 34 -103 247 -234 -106 130 -113 204 -173 129 231 -180 -109 -174 60 -239 7 142 -156 4 235 75 -248 -167 30 -169 -75 -111 184 237 188 106 91 -192 89 152 -32 -64 179 -105 -122 81 -19 -183 -43 114 199 115 234 -242 135 -190 101 175 83 104 -20 54 87 181 110 2 6 209 -193 -191 -243 221 95 20 58 90 173 -227 224 -152 -194 -236 210 217 -199 225 -13 52 -216 76 99 -226 183 -161 10 -181 35 -176 215 -185 -97 180 218 127 21 38 -40 -36 212 -92 195 -221 167 117 -47 202 -175 -197 13 -146 150 -150 -59 170 -62 -144 227 -34 148 185 163 -24 -195 155 168 105 116 -232 65 0 -35 -184 -131 -202 178 63 246 -100 207 22 1 -11 161 17 43 200 48 -231 111 187 -134 -82 192 -166 -233 220 -225 196 -215 57 15 -154 -220 41 -177 241 -89 -187 -162 -101 -147 -210 -53 -201 143 174 31 -33 -153 190 230 208 -87 -4 -110 -98 74 73 -247 71 -74 -250 -229 186 -115 -96 -76 102 113 -116 -148 112 -244 -235 242 145 3 -124 66 -91 -159 189 68 -151 -133 26 -56 -222 12 70 182 -158 56 169 -208 -2 -223 -141 -66 -155 -189 40 -205 -60 140 -130 128 -200 -196 121 -121 -125 120 -219 236 151 198 -211 119 -129 228 158 107 248 -168 84 97 -16 -120 -46 -65 -165 5 -212 72 153 37 -50 132 197 141 144 -213 -31 11 240 88 -25 -3 211 223 
TEST 33 ARG:-210 196 -20 -86 18 129 -78 243 193 48 -127 -248 -177 136 41 -4 98 -29 -173 206 237 122 8 -41 -63 -157 -165 85 58 70 11 -39 -108 -147 -103 -79 -22 -130 -240 226 29 -27 234 -146 163 16 -200 -211 131 -145 -242 -228 60 -179 -243 -23 -128 123 -73 -89 167 195 166 -214 -90 -30 -62 -19 -129 7 239 224 236 -42 24 -13 72 102 59 199 87 -48 -61 88 -150 -116 84 -35 -54 -70 -222 -229 6 -187 184 75 -16 25 204 -133 -238 -36 173 55 -141 -164 201 244 238 -68 144 40 145 37 -250 159 134 174 -175 -123 39 90 -110 -151 188 95 46 -245 100 -81 -95 30 1 241 -216 146 -207 -184 116 -11 -17 248 -65 54 110 -80 61 -101 -32 -198 45 -49 -152 -223 -167 -237 121 -2 4 -138 -142 71 -249 -59 -208 73 138 89 119 178 38 -234 -34 209 -171 -120 -131 -176 200 -139 -53 -201 62 -97 42 -106 -178 -230 203 -149 -202 -168 -169 -58 -227 23 242 214 -1 117 233 130 65 210 114 35 -193 215 245 246 187 21 -37 -44 229 120 -220 -232 155 -118 -71 -158 -57 -105 170 192 -154 182 189 -181 -225 33 109 -64 51 -5 9 -115 77 231 -26 -104 -96 -10 -76 179 13 133 -82 -28 28 -47 0 103 156 219 -40 63 -186 -14 -190 111 -180 -124 -67 96 -122 -213 -12 93 17 208 32 164 -107 -209 67 197 -3 86 -233 -188 -119 -55 177 205 140 -221 -100 186 -113 230 -244 -196 31 185 247 -191 212 -69 235 104 125 112 5 -224 -189 -156 -45 -218 -159 -43 -226 152 -87 -160 56 -199 -241 -172 47 -137 171 107 124 -153 82 228 127 3 220 -75 -194 -192 99 143 92 81 227 181 -203 36 157 151 222 158 50 -109 -102 -52 141 139 154 -25 -219 -83 -144 -205 153 2 -117 -50 147 -170 -140 68 148 198 -204 64 -51 -195 207 -72 76 -182 202 150 211 128 142 -236 -166 161 -74 19 -132 -93 91 -136 -206 106 10 -21 -143 -121 191 105 -85 -161 -15 223 240 66 -246 -135 -215 183 218 43 27 108 169 232 15 118 -66 52 225 168 -60 180 53 149 14 -24 -6 -111 -91 -31 -235 217 74 126 -239 160 20 -92 34 -33 44 26 221 194 190 -98 -56 94 -77 -163 57 -9 80 -114 176 -84 101 -183 -38 22 -125 -134 115 -174 69 213 12 -197 -247 -231 -8 -126 135 83 162 -7 132 78 -99 -88 -212 -18 249 113 -112 -155 -162 97 -185 79 172 49 -46 -148 -217 -94 137 165 216 175 
TEST 34 ARG:26 58 -114 -103 48 65 -50 -228 234 5 -61 -10 -213 -187 -86 133 10 -42 194 -68 -71 220 152 241 239 -28 -224 134 -93 177 -185 180 89 -70 14 203 -44 -223 -65 -39 -108 80 179 161 -113 -56 -15 -234 205 -37 144 18 225 -236 34 37 145 -226 -57 -115 197 101 88 -98 -110 4 213 39 62 -123 46 76 199 -227 170 -1 209 93 -204 6 45 -12 -165 -48 -100 228 -67 -235 -156 -167 -21 -179 123 -182 94 208 202 -128 81 -247 97 0 193 174 -248 135 245 183 -90 -246 223 169 -83 21 73 181 -41 186 128 -54 82 -97 99 -31 -192 72 -75 222 -49 243 240 70 41 -134 -120 -88 75 -62 201 50 210 -195 -79 187 -143 224 -205 -219 -184 71 -11 171 -244 -137 -118 8 110 35 212 -222 -51 -4 164 130 -171 167 -199 147 137 -231 43 158 -152 -186 -20 -74 -238 -92 57 -23 -82 -250 -34 3 160 -198 231 68 -40 9 -209 -240 -58 162 -174 -173 -45 163 -160 -30 124 -104 104 246 -5 166 153 30 91 87 74 -188 -201 -145 -215 178 107 -24 -89 -19 11 -85 85 175 165 79 192 122 -124 249 114 -225 -69 27 51 -9 -245 248 -55 1 -81 105 191 -203 12 33 23 184 -101 -214 66 -176 -127 235 196 -243 204 121 211 150 29 143 -102 -116 -202 -233 176 131 188 -135 227 -121 -150 -138 -221 198 96 119 -170 17 -99 127 -125 -178 -216 31 -73 -161 84 216 64 -164 -218 -33 229 -16 -147 156 47 -175 77 215 -109 182 116 -63 233 55 -129 -27 -239 -157 -208 141 217 173 109 67 -13 -122 -35 -126 157 15 218 -47 155 36 69 49 -76 242 200 56 108 -162 -91 -111 232 -53 42 189 -139 2 195 -142 -151 -119 -46 -132 207 53 25 44 112 151 -60 61 115 -193 95 -2 59 214 38 -77 60 -232 -59 -105 117 244 -78 -140 -146 22 52 -72 149 -229 -117 -168 -220 -155 28 20 106 -18 -197 -17 63 -169 103 -7 118 206 32 -163 -148 -43 -177 -211 -107 102 -6 142 83 40 13 -32 139 -22 -172 -210 16 111 219 236 -217 -159 -181 146 221 154 230 136 -144 -36 237 -212 54 -96 -29 120 100 140 -149 226 90 -106 125 -183 132 -191 247 -94 -196 -194 98 -52 -80 -95 -153 -206 -154 -166 159 24 -141 -87 148 -190 -133 -242 129 -158 92 -180 -64 -136 78 -200 19 -241 86 -237 -84 -3 -189 185 -25 -26 -249 -8 -66 -130 -230 7 168 238 -38 -131 126 -14 172 -112 113 -207 138 190 
TEST 35 ARG:45 112 146 58 -176 89 224 -18 196 9 -206 -125 6 229 -224 124 133 168 231 -57 28 -85 218 -28 182 -79 132 104 -29 -10 -237 174 -71 -201 101 90 241 -230 7 240 -1 60 247 -229 -217 -242 46 172 -219 94 137 61 200 -60 56 96 -131 109 -228 -152 33 77 102 -101 36 -161 220 50 -111 38 -61 208 99 -52 -126 35 -153 -26 -214 62 21 67 -47 -167 54 -174 -44 237 -37 -100 120 76 78 -226 -209 118 -22 55 -207 52 -192 -146 143 -147 153 -148 -231 26 214 209 3 223 -188 -32 213 221 0 39 -168 95 -124 -104 144 -103 -50 -173 -169 20 75 -91 -51 181 -241 -66 178 -63 107 156 -129 126 197 -59 -239 151 57 -69 -86 234 91 15 184 -132 -72 114 59 171 -162 -244 -6 -134 8 -74 -84 47 149 203 117 -248 -141 -30 -232 -87 27 -175 -166 -150 -199 -211 169 -67 215 31 97 -216 239 -68 189 -11 -163 194 138 161 201 108 -96 198 98 -212 -54 44 152 230 -75 134 -81 -238 100 53 -218 -222 -193 157 -109 -114 -136 -14 -202 -36 147 110 -235 -185 206 129 -121 127 -4 175 -182 115 22 87 -7 -189 -138 116 -197 -119 159 103 -31 183 244 -24 71 -102 -82 -139 16 69 226 139 177 64 83 -93 37 -249 -122 -177 -9 249 235 204 205 185 92 -115 81 93 -76 -142 -70 -198 -155 228 -48 49 248 219 -210 121 160 12 150 170 -98 -94 -97 -135 187 -180 -39 -208 -38 155 -21 73 -159 2 140 -195 -34 232 -144 -227 -196 79 -246 -234 -65 -83 -5 227 -20 -156 -58 -13 233 173 -89 211 -233 34 105 -118 -73 -55 -158 -3 -243 14 48 -113 80 84 51 -137 141 -41 -77 163 -78 -42 65 -53 179 -181 -140 -107 -16 243 136 -220 -194 1 -8 -215 -23 119 -43 180 30 113 40 -171 4 -62 86 162 245 -110 193 -225 -183 -112 63 -160 41 -92 17 111 -2 -164 131 135 24 -12 -106 -27 -184 242 -213 145 -247 191 225 -204 85 -128 82 88 -64 -45 154 -236 238 106 74 19 -145 199 165 11 188 130 -165 -186 -190 10 -117 -187 -123 -130 125 -15 -25 -143 192 -250 212 32 -170 -154 -19 148 -46 186 -99 -151 190 72 -221 -205 195 23 -95 -223 222 217 -157 -179 128 -191 -35 -108 142 42 -105 -149 -120 207 -116 -127 167 246 -40 123 -90 122 -88 158 25 164 -80 70 202 166 18 5 -178 -240 176 43 66 -17 -133 68 -200 -56 -172 216 -49 13 236 210 -245 -203 29 -33 
TEST 36 ARG:204 83 -69 11 211 10 64 -220 87 193 -115 246 -145 176 231 -89 23 71 -217 169 -175 115 -73 -63 26 238 -91 157 161 -74 -106 -45 119 -235 47 -97 94 -203 -227 190 -26 -59 -250 -152 135 163 -80 116 185 -53 -47 -168 79 49 233 219 -113 -205 -42 -1 138 5 -230 89 -22 121 -79 -23 -40 -226 -179 182 -176 223 21 81 -185 -70 -150 -211 151 -243 -21 -96 179 78 74 -24 196 -5 247 66 112 118 172 -119 137 -183 8 -219 -208 -32 -76 46 98 245 -154 -117 -195 -16 -103 -161 38 199 -162 34 3 24 77 73 235 -247 -58 -213 91 -88 -48 -180 136 7 213 -12 -84 128 75 -110 -207 -204 241 -234 206 -201 -60 -92 -43 96 109 159 -198 44 -126 -38 -75 107 -90 86 60 -187 -87 56 149 162 37 -192 -182 -190 -95 240 -82 -15 -135 -65 -157 -132 -202 58 221 -139 30 39 -4 153 -189 -3 -151 -174 117 -216 -239 102 -163 -128 -49 -191 -231 -41 -78 27 32 51 -172 203 120 -194 -105 2 -56 217 -130 -146 -249 -159 92 -94 130 -68 -124 -129 -36 -27 -33 -100 -7 42 -199 133 80 62 -160 -98 -31 166 18 -55 186 6 148 88 -120 -39 -108 85 -178 -114 111 131 95 -121 101 53 145 -171 220 229 243 -137 -236 150 -177 -167 19 0 17 -109 232 184 57 -233 -125 103 -134 129 -131 100 -246 225 -30 -196 -122 126 160 -158 -147 20 28 -37 110 177 -155 41 -6 154 65 -112 198 -232 114 139 33 125 -209 -46 -136 215 9 -224 -107 55 1 167 -164 170 207 82 -123 -240 187 50 -193 201 69 -72 -8 -221 -127 134 -149 -93 -81 236 99 146 -229 242 142 200 -222 -11 216 -212 141 25 248 155 -10 76 113 48 -142 208 -61 35 -141 -140 127 -50 61 104 16 -181 123 224 -35 90 226 -29 72 -144 124 -14 214 158 -169 63 36 -71 -238 244 -66 152 -156 -51 189 -99 140 183 -62 205 93 237 -206 212 45 29 227 164 165 218 -17 -19 -245 175 108 195 -244 -111 -166 -218 -242 -188 222 -20 -77 -57 -184 70 14 -64 192 68 -200 13 202 209 59 168 -34 31 174 -9 15 -118 -102 180 -186 -116 -52 -25 230 156 -28 -153 173 -18 239 -241 -215 191 97 -86 -228 181 -143 -173 43 -197 4 144 -83 -237 -223 -104 -170 -210 188 -248 -13 249 52 -2 -138 122 -85 132 143 106 84 -44 -225 54 -165 171 105 147 178 210 -214 234 -101 67 197 -133 22 228 40 -54 194 12 -67 -148 
TEST 37 ARG:-177 245 76 200 -215 209 147 11 -194 90 196 183 -121 120 32 79 57 -131 205 -143 -209 -39 -80 34 81 -160 136 -196 -155 -32 86 221 108 45 6 83 180 234 -227 36 41 237 -171 -217 169 42 70 -2 146 164 12 162 -135 77 150 -182 126 145 88 -156 116 -74 113 68 206 235 129 212 210 -176 163 130 -67 248 213 -138 -164 -82 -58 191 182 226 218 127 4 -104 -112 -139 8 -88 174 -216 -92 -241 170 58 207 -250 13 -97 -4 238 35 -93 31 14 -169 -111 16 -118 -234 -35 -53 -126 -79 189 -6 27 -128 -84 -55 -247 -71 194 -207 -149 -119 -37 26 246 18 50 47 203 -218 -157 225 -152 -109 105 -47 66 215 96 233 -44 22 -91 -242 -99 168 -40 54 -191 49 -8 -59 -233 -21 -239 -27 -142 211 -115 28 -73 15 -151 -246 188 -26 -192 3 -205 186 -162 -235 -172 202 134 -236 119 222 152 -90 -140 -249 208 -198 67 112 217 118 -42 -130 165 173 -212 -108 19 132 -56 -203 -20 123 -147 -146 -166 141 216 -10 114 -174 -195 -3 -188 63 -161 -122 -137 187 62 100 -18 240 -228 -232 -223 -197 -72 -110 204 92 106 99 -33 151 37 -60 -224 -213 -103 38 102 -168 249 -9 -62 -17 110 -22 43 -225 -5 -28 142 24 -102 -107 -76 -186 -11 155 -204 229 115 -81 84 -52 -201 46 -211 -34 160 -43 -46 172 78 -184 -16 -61 -113 138 97 -193 104 -185 159 73 153 98 230 48 177 -117 -200 -124 220 60 -25 80 143 -50 -48 94 124 -14 -31 154 -100 -127 109 -158 -19 56 133 29 -183 20 -148 1 -244 166 -116 -243 156 -208 -214 223 -237 23 -144 -63 69 -24 75 -7 107 -51 195 74 -134 -189 39 -120 -89 184 -98 139 17 122 117 82 -65 198 -220 242 9 241 -190 244 -57 -75 -145 -230 85 -229 -219 -54 161 214 93 -1 -245 -150 -12 201 -159 178 51 227 -222 -83 -240 -64 -132 -133 71 185 7 59 197 157 -114 -170 5 44 137 125 -101 193 53 228 -36 33 -38 -30 65 -221 72 -141 -175 224 239 -210 -94 -173 232 -77 -85 -15 87 -206 -202 52 -153 179 -68 190 61 131 91 199 111 25 101 247 -49 -163 -70 -165 64 175 236 231 10 -125 135 -248 -129 -29 -87 -226 -154 158 30 -66 -180 -23 -187 -178 -105 -69 -199 40 -41 219 95 -181 0 176 144 55 243 171 167 -78 -231 181 -167 -238 21 192 89 2 -45 -136 -179 -96 -106 148 128 121 -123 -86 103 -95 -13 140 149 
TEST 38 ARG:243 -19 -237 131 -244 -149 112 172 -236 -124 -241 -89 142 -42 -191 -10 30 -240 28 -58 -190 -22 -108 -51 230 -246 78 242 -97 161 -173 -154 -153 -100 245 -15 -14 213 241 -212 -180 -239 187 -9 53 -229 75 -164 -148 57 -68 192 8 89 -230 72 -166 -196 -199 -75 -71 -195 -158 144 81 102 205 32 -87 -32 -6 175 204 -63 -208 244 211 134 -179 56 -38 126 -66 -242 -187 -152 135 73 -222 210 197 37 -174 219 111 41 -218 82 54 33 -33 232 124 18 -181 -135 -142 -23 -155 -138 208 -123 25 249 236 99 -245 238 206 40 235 -105 -107 -137 122 -171 -47 -134 42 188 -65 -86 -96 -156 221 224 150 39 65 151 -79 -200 -43 -12 223 107 104 -133 -126 59 193 -11 -188 83 -235 4 -219 -215 233 199 -221 137 226 -49 132 154 216 87 -157 -5 162 130 173 -144 -231 156 -206 -21 -31 125 -13 -44 -223 -201 -205 189 163 -176 228 86 -91 127 -131 -110 140 93 -95 116 -121 -116 63 -54 20 109 169 -225 92 194 -247 6 -28 152 11 1 -92 -81 -150 -120 -56 -29 -73 -211 195 -198 180 160 -20 -145 -109 -194 -53 155 110 121 -182 153 -128 -99 -132 -136 215 -238 186 -76 -197 149 101 -103 -16 -192 13 16 105 -172 60 77 -50 -140 -57 177 -185 -113 -193 143 -41 24 248 47 -88 100 -90 165 159 141 209 234 201 -4 15 -165 -3 90 -243 -175 22 -147 97 178 -162 -214 -170 -249 -202 185 71 -84 -210 -220 103 55 -106 -160 -118 136 190 176 96 -18 123 34 -40 -228 157 68 174 -82 44 -207 167 -104 231 220 -59 227 -52 -177 158 -161 67 26 128 -48 106 -224 181 -217 66 198 43 -17 -122 117 12 58 51 -37 -141 -234 -67 -35 -64 119 -226 -69 -129 -7 -186 -189 84 -111 -250 -83 -127 203 -60 191 -112 212 246 214 -62 166 -159 7 -168 -114 239 -102 -85 5 196 -98 -184 79 217 -24 207 17 -151 171 48 19 184 -248 148 -27 -163 139 164 -232 -213 21 -46 170 -94 129 -119 115 -117 218 -25 -80 80 98 29 -45 120 113 -167 52 200 -34 -72 -233 3 0 -139 95 62 69 -101 168 46 94 10 -70 74 50 35 179 225 23 88 108 -93 45 -125 -8 -36 -2 -227 76 182 -169 133 -216 27 -78 9 -143 114 222 38 247 -26 -115 36 31 145 2 138 70 146 -183 237 -30 -77 147 240 -209 -130 61 -204 49 -178 -146 14 183 85 -74 229 -203 -39 -55 91 -61 202 -1 64 118 
TEST 39 ARG:62 -14 -49 227 -176 184 82 -16 108 60 -182 -37 102 -232 43 15 165 -139 -30 -172 -249 -90 -169 51 151 -198 37 39 -36 -215 -178 72 9 -7 -155 34 203 160 133 -85 5 131 68 246 -73 -124 121 215 207 193 -177 180 30 -75 -23 99 59 -15 -94 146 -114 -32 112 -227 134 -188 -96 -113 -225 -194 -99 -203 21 212 137 206 54 -248 -45 93 73 -166 136 204 18 229 116 27 226 -180 -164 71 -192 170 -174 168 24 92 -79 -183 -103 179 -171 75 245 66 -41 76 -17 -235 183 235 -226 -242 243 -162 -25 96 94 -111 87 216 -163 -104 33 -62 -87 -233 -231 106 125 97 38 49 79 147 -165 -48 -138 -3 -66 126 244 -105 -230 -244 -189 -80 110 141 45 222 -148 41 127 236 53 -210 -10 220 85 221 -211 -173 -128 223 -63 -71 -13 169 -236 -109 -122 -243 -142 230 2 74 13 -147 -84 -160 187 -129 -204 -24 101 -89 -125 -81 -202 -57 81 86 200 -20 -245 232 98 162 -69 3 -228 77 174 7 213 -126 -12 130 -161 192 -133 -222 56 17 -191 63 -153 123 36 -1 -167 44 -117 -58 120 -130 -34 6 91 197 -200 -237 103 16 105 -132 -83 -11 -40 -110 210 139 -4 10 -106 -121 158 143 217 -28 -209 -88 -60 -246 -149 107 -205 -123 153 -197 19 -64 -5 -55 -61 84 -68 -170 -31 164 -102 157 64 80 -193 -65 8 150 201 161 47 104 -131 67 -22 225 145 12 35 -136 20 181 -26 -27 48 178 14 -157 111 237 109 171 -107 -159 208 -234 52 -108 -184 -8 -54 -127 166 -218 119 46 50 -179 0 177 142 90 95 42 -238 -116 205 78 -212 202 -100 113 29 -181 148 -95 -150 -78 -229 -175 25 159 199 138 -72 57 -190 124 176 11 241 -137 58 247 -213 233 -70 154 65 248 -135 -195 -154 190 231 -56 -82 224 4 114 -152 -186 69 -158 -223 118 135 -47 23 -185 191 22 132 218 89 -217 219 238 -76 -187 -144 -207 -250 -146 -6 -2 -134 -201 -93 196 -97 -221 -92 -29 239 214 117 -46 -140 172 88 -216 -52 188 -101 182 -240 128 152 211 122 -224 31 186 194 1 -156 -50 70 26 83 -219 -38 228 -86 -43 234 -120 40 -112 -53 175 -19 173 -247 -196 61 249 -77 -51 -199 140 129 -145 115 32 185 -208 189 -74 -168 -115 -118 -220 -214 -206 -21 -239 -18 240 195 144 163 -151 -91 28 -35 167 -39 55 242 -98 -241 209 -67 -141 -42 -59 100 -119 149 198 -143 -9 155 -33 -44 156 
TEST 40 ARG:-138 -229 -202 -237 183 -135 -117 98 133 100 109 -125 -99 -48 -10 137 127 30 -175 204 -18 -168 -197 -21 148 189 -83 41 241 230 68 2 118 -162 141 -89 201 235 -150 -118 -79 -247 -57 -36 -198 -137 -91 -157 221 121 -145 -191 153 50 -173 -101 39 29 125 138 104 62 203 80 225 112 132 136 145 -249 154 51 -80 -78 199 -243 -84 -177 -209 83 57 -190 175 231 -133 -77 64 46 -13 -163 144 151 -212 192 32 -120 15 -204 213 182 18 12 -110 -1 173 -61 -136 -47 85 -5 -193 -200 -68 -97 77 -189 227 -149 179 -223 206 0 -233 -194 -107 -248 232 248 -24 -210 -38 7 -54 53 -127 -183 177 210 -166 -90 -70 -244 -59 4 -103 -88 149 142 -96 9 -30 -19 -15 216 208 -56 -181 -20 -27 24 236 -71 23 81 191 -225 -164 169 -115 37 -211 -66 -7 228 -112 -65 -186 -92 55 -240 218 92 58 -35 165 93 -172 56 87 -76 22 -226 -26 -235 1 -72 -85 -231 -170 -108 -98 -148 224 35 130 -119 249 86 -142 -55 89 -129 -185 194 -187 186 -62 19 207 78 -74 36 -139 212 -52 28 -132 -160 -32 172 111 74 -8 157 123 102 152 76 -152 -205 13 -230 -67 -227 105 -87 166 -109 222 44 27 160 116 52 185 21 -28 -147 -37 -100 168 -39 -41 134 -2 -49 -146 -14 -169 43 -17 3 -201 -23 17 33 126 156 129 91 234 -215 233 90 60 217 -58 -131 -116 -179 14 8 -53 242 -43 99 69 -51 -6 -242 -31 -3 -141 -176 131 -134 238 161 -73 202 -236 -159 200 16 42 184 110 -126 119 135 34 94 -75 -224 -234 167 114 63 -182 128 -124 -220 95 -241 -184 181 124 215 -22 155 211 65 162 97 -94 140 103 229 -144 -4 31 54 -81 73 88 -82 -208 -44 5 -104 115 188 164 -50 143 223 197 187 96 -16 -143 -192 -171 -196 246 -122 158 101 245 -113 -93 -219 209 -60 244 178 -9 49 66 -206 72 -40 -232 107 195 -153 150 20 -213 25 -106 84 -178 48 -218 219 -29 82 214 -188 205 122 61 -114 40 59 106 -222 26 170 47 239 -42 120 193 -69 -121 -128 -245 -207 -105 237 11 -25 -11 -12 -214 196 -95 174 -174 -158 -250 108 75 -63 -165 -217 -199 -156 113 117 220 -239 -123 -45 -46 -154 159 176 -221 147 -161 70 -195 163 -167 -180 -33 226 198 38 -64 79 146 71 -155 139 -111 243 45 -130 247 -238 -140 -216 190 240 10 -203 -34 -102 6 67 -86 -228 180 171 -246 -151 
TEST 41 ARG:57 -116 -109 92 44 128 -205 213 -42 -150 196 -25 36 22 -81 69 -8 -133 28 218 -134 41 -209 248 -139 242 -190 127 97 93 29 246 -78 124 -154 143 -164 -21 201 -59 -242 139 142 79 190 -208 -84 195 177 229 134 43 -87 -6 60 14 -44 -228 -158 -27 189 160 126 -4 -159 -129 86 -230 20 -235 107 -227 105 150 -247 -119 -185 -231 -115 -138 245 -192 75 138 38 171 146 32 215 83 111 -223 186 224 157 170 -53 24 26 131 -105 -118 -73 109 -248 66 -95 11 10 -189 -146 -55 74 -23 -92 -64 17 -65 5 -219 119 76 192 -13 -47 -29 -181 217 -108 -74 -114 -221 161 151 179 115 21 -7 1 165 -226 -12 39 -194 -191 -239 244 -24 185 100 -120 -216 220 -9 -123 -128 235 -195 -5 -201 129 -99 55 47 166 -130 120 175 65 -41 147 -246 -56 238 102 108 82 50 -39 -131 -212 90 233 -66 154 -176 -82 45 71 -236 -173 234 206 23 -48 -245 202 140 210 184 106 72 99 -153 12 -101 -222 -203 -122 25 -54 -145 237 -94 -57 -238 -165 -215 -147 0 7 -234 204 56 -156 52 207 27 -142 67 91 -20 149 -100 118 -90 -43 136 -124 6 -167 -225 -204 164 77 46 -46 -240 187 -91 -186 -143 -135 223 -58 -62 -16 -18 -31 89 68 -103 -141 64 144 -179 -98 -32 180 -148 -112 162 40 167 -34 -193 42 236 -85 -218 -233 -241 35 -68 54 -93 -172 -15 -198 -97 -40 227 -207 -217 203 -1 81 -229 -63 -38 59 137 141 -49 -210 -28 -14 31 188 94 84 212 -36 -168 112 15 78 -171 155 4 -184 -200 197 73 153 178 130 116 174 -151 123 176 -10 -155 -162 -196 198 133 -250 121 103 -35 194 63 -140 -69 -180 -188 33 243 226 152 191 95 -2 3 -160 -51 113 -214 -88 -182 -126 200 -80 -175 172 159 239 214 -11 -170 -157 117 13 -243 -127 51 -213 230 -61 -76 -161 -30 85 -144 249 -33 -104 30 122 53 205 193 -206 -77 -3 173 104 232 222 148 -60 -102 101 -232 247 -202 19 183 -67 16 -89 62 -79 110 -220 -197 -96 -70 37 87 -166 163 -177 -113 181 -111 -26 -107 -163 88 -22 -106 -45 -75 -249 98 168 228 -117 211 -72 132 -19 158 208 -137 135 -187 34 182 70 209 145 -52 -50 -199 156 216 -71 -136 -178 8 -37 -86 -83 240 -169 96 61 -121 80 9 48 231 -149 -183 18 -125 49 -152 -174 -211 2 169 219 -110 58 -224 221 -237 -17 -244 114 125 241 225 -132 199 
TEST 42 ARG:-203 188 28 231 -96 239 57 -124 200 9 189 -171 -197 -85 -86 -40 75 -41 -89 112 233 -137 -31 -91 -90 214 116 158 128 193 -108 -234 20 -14 -145 -188 232 109 -179 87 -239 186 -38 -242 -33 -22 137 147 237 69 -176 -81 -18 139 141 -113 -200 234 -55 -155 -199 244 227 6 192 -73 -229 15 176 64 -250 -158 32 -192 -4 62 -27 -57 -168 5 166 70 -6 -237 242 24 81 -19 -120 151 -46 167 -44 -216 -248 -8 -131 34 -60 -148 -25 -167 -58 89 -231 40 -67 222 25 238 142 16 -150 121 122 85 144 -102 -71 248 -5 -121 205 51 33 198 -185 -136 -114 -80 -50 74 209 180 -69 226 -34 -62 -1 77 -190 -166 115 -230 72 -61 49 -93 -184 -233 218 -32 -16 -79 -162 -128 18 58 208 178 -205 63 -117 44 37 -208 -214 95 56 -201 66 -240 119 38 249 -181 145 224 -243 -226 -24 -133 148 21 157 -76 48 -163 -232 223 26 54 230 50 159 2 -118 -68 102 -83 31 177 170 -17 -48 215 204 -132 0 172 -9 -95 -224 -2 221 -82 -195 120 -235 210 -29 -172 22 -140 101 240 -53 53 -212 -110 202 -104 -174 -146 123 -23 -156 134 59 -51 -206 -10 46 92 -139 73 -106 52 213 217 243 -236 108 136 196 -152 -47 -161 -129 169 -97 -45 -94 228 236 14 -78 106 -115 96 60 203 -182 -21 -194 -180 -147 194 -165 -127 -37 97 152 -88 185 82 184 -227 -119 -105 -125 -122 206 -178 -218 55 -169 153 -183 229 -39 212 -187 -215 -238 201 117 195 124 -26 110 84 241 -151 43 171 98 -100 -42 138 -65 -213 179 -15 174 114 29 -223 71 -241 175 182 -247 -7 -77 -219 162 -92 -221 -220 -87 -144 65 160 68 129 10 99 23 -225 94 132 111 -141 -35 -12 35 173 90 36 140 -164 -246 -101 61 -13 -116 -191 -112 -193 76 127 -30 220 113 79 131 -63 190 -175 39 126 -217 67 -66 -43 135 -98 -134 -143 -138 4 216 168 163 161 225 104 47 -154 -64 -210 -36 13 27 3 -160 150 -142 103 191 207 -228 42 183 88 -20 133 -11 118 78 -153 -54 143 107 165 146 1 45 17 -157 12 91 -107 -70 130 181 83 219 -84 247 246 -198 80 -189 -211 8 -135 -49 245 -207 86 -244 -52 154 235 187 -202 -159 -74 -149 -75 -130 -3 -186 -209 30 -196 156 -56 197 -72 -111 -245 211 -126 7 -177 -99 149 -103 -170 100 -173 164 -123 199 93 -59 105 11 -204 -28 155 -249 -222 19 -109 41 125 
TEST 43 ARG:169 136 215 -224 -187 -36 -111 -202 -101 100 -6 -26 -219 173 -68 211 7 -93 205 245 -32 -29 -116 -102 -74 -229 54 -53 -64 -137 -130 227 -163 156 196 -88 -221 38 37 -242 56 -162 148 158 -28 240 147 4 -73 -7 47 209 235 229 -49 -45 -84 -143 175 31 -42 55 82 -14 70 -140 -197 -115 -151 71 -122 -30 33 77 116 -236 -80 83 24 -142 238 -106 -11 88 138 -222 208 10 39 181 41 223 -39 -171 236 157 166 -2 -215 -90 201 122 -139 -66 -207 214 163 216 -226 197 -125 126 -94 -198 220 -231 176 124 42 22 -13 -203 -230 -194 -3 16 -136 139 -65 -206 14 -145 -210 19 -248 -38 -103 -63 106 224 133 49 -190 -119 -132 -225 230 167 -97 -112 -246 79 93 69 -51 168 135 65 74 43 -220 -87 154 -233 6 152 162 81 60 -31 57 141 193 -216 -62 165 -189 -247 170 248 185 -56 45 -117 -82 -228 144 -157 -71 114 -249 109 80 -169 174 -23 192 -67 48 98 -214 123 -160 36 131 233 94 179 104 -173 64 -47 91 115 -234 125 -58 -127 117 188 11 -209 -135 171 164 -41 -223 177 9 108 -155 140 -99 -79 172 -108 -148 118 244 225 145 -104 -86 -128 -25 102 186 92 68 1 127 101 -141 -144 -239 58 249 40 -184 -204 237 -89 -44 -177 -96 -161 -40 20 -217 128 -156 180 132 151 200 12 -200 73 53 -27 -60 -243 63 183 -199 -17 -126 -120 161 -238 -154 0 243 -205 -153 -20 90 -21 -55 -201 13 -164 87 203 -165 46 -9 159 204 105 67 -95 234 -124 28 149 218 -182 44 247 61 -178 -59 -34 -100 212 -133 107 21 155 112 219 226 76 -1 -185 -195 32 -150 -131 -83 241 -92 -8 129 -245 -138 -107 8 -241 -46 146 187 -43 -98 -237 72 97 26 -129 113 -170 51 207 120 -147 242 -69 84 191 -159 -208 99 190 -186 194 -16 30 -33 199 -113 -180 23 -250 182 -4 228 -70 160 15 178 -50 153 -57 -172 -191 59 -240 -179 95 -168 -85 -18 110 246 -54 35 -35 78 189 -218 -109 25 143 -174 -134 184 86 142 195 -110 231 -12 34 -15 119 -188 -123 -183 232 -19 -52 -5 -244 -91 -196 -48 -235 -77 137 -152 221 3 -166 -192 -213 210 217 -10 -176 75 213 -193 29 -167 52 -61 -118 206 85 50 96 -146 -181 -22 121 -76 66 222 -24 27 -37 202 -72 2 130 -158 62 17 89 134 -175 -75 -211 18 5 111 -105 -212 -227 -81 150 103 198 -78 239 -121 -149 -232 -114 
TEST 44 ARG:-196 -184 -248 94 81 211 -234 193 -144 160 -32 -228 177 93 -76 31 -58 -7 129 190 199 -70 247 -88 143 203 -81 -69 -19 7 -133 187 229 -21 163 226 33 -237 134 -100 -107 231 -63 57 -12 101 48 28 -154 79 -147 130 141 145 191 96 -165 -125 -5 8 174 -175 128 -2 103 60 166 50 -16 -227 111 42 -111 -159 59 -143 70 -89 66 -98 -52 -44 161 -172 -54 132 1 -190 97 -80 -24 -250 18 172 -90 -37 112 -109 215 228 -71 -198 116 30 54 148 236 -223 49 -120 -203 -20 95 246 -224 -9 -157 -62 51 39 -11 -210 248 -139 -238 -97 14 -197 -116 188 -112 -146 195 232 152 233 -129 131 -82 -150 -243 73 -136 -161 -77 63 140 102 -201 185 126 -65 -92 45 -155 98 201 -230 -166 149 -124 86 -106 -145 2 -50 37 -29 80 -131 114 171 -183 92 -117 -42 -110 109 77 -207 -4 -96 -28 169 68 -213 -10 -249 133 208 -222 -86 -14 137 165 138 -176 -40 -173 249 26 220 -114 -220 -171 -156 69 122 -43 88 151 -108 64 56 121 87 125 58 0 -209 184 32 -105 -59 106 -41 -18 -104 -66 -87 205 150 183 -245 -75 -122 -186 -204 176 147 -126 -191 162 -22 20 -199 36 -194 -141 -8 243 -67 -118 -127 218 78 83 -123 -202 146 65 -232 -221 44 -48 -45 207 -79 -168 -1 52 21 -93 -149 -47 -200 181 -72 189 89 -212 155 -246 235 144 -73 -3 182 -51 -113 -188 -219 -34 -216 124 -56 99 -132 22 -214 10 -138 19 -167 179 136 -195 -180 200 213 -218 -208 -99 -135 -25 209 216 61 35 4 -49 219 -233 178 217 40 222 225 212 -35 -115 -39 90 -151 104 -229 -242 -140 156 -179 238 110 76 153 -181 227 210 -162 -38 113 -95 -169 72 139 -153 -217 118 16 24 -55 107 117 240 34 142 -6 -158 224 -30 164 -64 -103 46 -185 -244 192 -240 -163 -36 -61 135 237 194 -189 100 -178 -247 154 186 -142 -170 6 234 67 11 204 -27 -85 120 127 -23 27 -205 -193 53 -130 -33 -239 -226 13 5 -164 -119 75 108 -53 170 -192 47 158 -74 -182 -134 -94 244 23 168 206 17 -148 -78 -177 -241 12 -102 214 230 115 -128 157 84 -121 -231 -215 -46 -13 25 197 -26 -31 105 15 43 82 3 -60 175 62 -225 167 -235 -137 29 -206 -152 221 71 159 173 -83 180 123 -187 -211 -15 -236 41 245 -101 119 242 198 -160 85 223 74 -84 -68 38 202 -17 9 -57 -91 55 -174 239 196 91 241 
TEST 45 ARG:-232 212 144 141 -129 246 111 -94 142 -48 -193 248 -47 -175 30 13 88 -155 -102 -1 -121 139 -233 231 -110 -22 -236 -223 -70 120 92 -196 -88 -124 -68 -55 131 65 0 163 -190 43 26 -72 185 -43 -35 -139 -98 -63 140 73 -80 69 71 -13 230 83 -208 -24 -61 -159 127 -170 89 97 -207 205 244 162 -16 -229 -210 119 -79 -187 -46 -19 -108 68 -116 221 -50 183 217 81 -152 -106 -230 -150 157 -36 -171 3 110 -197 107 -73 91 -209 204 224 210 -128 -26 189 -195 186 160 -219 -164 -211 -25 37 -226 199 115 -142 -178 239 -163 -54 116 238 -123 167 -191 176 -247 38 165 -83 -122 95 -2 240 -10 -166 -177 -198 -11 108 -125 25 33 155 -204 -169 76 236 -148 -42 -31 -69 -188 -234 86 40 -182 6 177 148 164 218 -60 32 -32 -200 -71 20 87 9 -109 58 -86 1 -143 159 -243 181 132 -117 -181 -205 -231 -194 -154 -241 57 99 211 -167 16 -7 -214 -238 11 -189 249 23 -145 -244 -39 -240 113 -140 172 114 51 44 237 80 -114 135 34 -174 47 191 228 170 -52 105 143 -113 -161 -34 -93 -87 -40 -127 -215 -9 29 -28 -45 146 171 79 -130 -218 17 -29 219 -97 -250 -101 -132 56 -67 202 124 169 233 18 -100 -228 96 -179 216 145 -165 235 -56 -237 195 93 -82 223 -8 -192 -76 -44 -99 61 104 -249 128 -183 -158 42 -77 -118 -85 72 41 77 21 125 -23 -30 112 123 -62 149 -115 243 -119 54 220 -199 175 -246 118 156 -66 241 -245 10 134 4 -185 28 -134 -59 -172 -239 27 -38 49 94 -53 213 63 194 -151 101 2 -224 173 152 90 136 -135 -74 78 -202 -12 196 -27 -149 166 -126 -146 117 24 -213 -235 174 208 -220 -137 -75 122 242 -242 147 -168 106 179 -95 103 -89 222 151 59 -20 50 -111 19 153 -131 67 -91 -203 -18 184 109 7 182 121 -201 -156 -136 -221 -58 154 -227 -65 -112 48 192 -157 133 201 -248 15 102 -153 -212 -133 232 198 22 226 -6 200 130 227 -15 193 137 203 66 -51 -180 39 -78 138 45 75 -144 5 -176 158 -186 126 225 -104 35 -206 -216 -141 -81 -103 -4 74 -33 84 100 187 -107 129 234 62 98 206 197 178 -5 70 52 14 -120 -138 214 -217 -96 8 -3 64 -37 12 -17 -184 -64 -49 229 -173 46 245 190 82 -57 85 -160 55 -222 215 209 180 60 53 -92 188 207 161 -41 36 -162 31 -90 150 -147 247 -84 168 -21 -105 -225 -14 
TEST 46 ARG:54 -49 201 211 175 -85 -68 -136 -183 -99 -20 -18 -37 203 117 12 108 228 223 87 22 -173 -83 220 6 -157 46 -70 224 167 76 136 216 101 135 -161 18 132 -190 157 -200 107 -213 100 94 -111 226 133 192 16 -205 218 -133 -66 126 77 145 13 62 37 23 114 -88 -246 -174 -11 -72 111 92 -208 -214 139 -233 184 41 -163 53 31 -64 -29 127 179 -215 25 181 144 64 131 125 234 47 164 48 14 -100 -152 -248 -232 -197 190 -74 129 -96 0 152 241 -225 97 -115 35 -32 205 -35 57 -1 -226 52 -238 243 217 42 -10 155 -47 60 -5 -129 -106 -148 -89 116 148 -140 10 85 232 -44 229 -107 188 -153 -249 -189 -92 -36 -61 -151 -231 -149 68 -52 -94 70 -191 -4 -176 238 -26 -203 93 -156 -105 -145 -69 69 -116 174 79 237 -142 -126 -21 -220 -76 9 67 112 -38 65 -160 -198 -143 -2 128 176 -17 -209 231 -230 240 -167 98 -162 -137 204 21 150 -180 159 178 -159 -78 72 -242 -33 29 -250 -165 -22 45 91 103 -150 -186 -193 -141 -110 169 -67 122 -42 -124 -15 123 19 198 120 -169 -46 27 143 208 -240 187 -8 247 -53 239 -158 214 -84 -114 61 -128 -245 -41 141 28 245 59 -179 189 -9 -91 -45 149 51 191 110 -144 84 -103 160 -125 -210 -98 -239 74 -146 -139 -199 56 134 158 -117 109 -168 -227 -59 -241 -234 -25 34 17 -135 -108 -58 219 -244 -82 185 -3 -102 80 -224 -147 177 165 11 -118 153 55 106 -192 20 -181 50 -39 171 -172 249 186 -54 156 -211 -30 210 230 -97 102 193 40 180 63 30 -187 -222 194 83 -229 154 246 -119 -243 200 -104 7 75 -75 36 -247 4 2 -235 -206 -212 105 95 166 86 90 -166 15 -71 -60 151 1 212 -216 -43 -101 -127 -188 196 121 -170 58 142 39 -131 -202 -228 -81 3 227 225 183 81 213 -196 -138 32 -132 -80 236 96 -24 119 -184 -79 -31 -236 130 38 -12 242 73 -40 199 -23 44 -223 66 146 182 222 -48 -219 -34 104 -121 33 244 124 -178 -7 221 -207 82 137 -6 -171 -50 -123 -19 -27 215 -182 -87 -62 8 -194 147 -204 -90 113 118 -56 49 161 202 -164 -65 -155 -63 138 195 -113 -122 -177 71 197 -175 -218 140 248 173 99 209 -73 -86 -57 233 -134 43 -51 24 -154 -13 170 88 -77 -120 235 -14 172 115 -28 -112 -95 -109 -16 -93 -195 163 162 -185 -237 78 -55 26 207 -130 -221 206 168 89 -217 -201 5 
TEST 47 ARG:129 76 -171 -168 -29 -84 197 87 68 1 228 239 -51 78 -145 5 236 -200 137 170 -85 -81 125 -23 88 13 -176 -91 38 -35 132 -209 248 12 -132 -239 121 -36 -135 -134 -122 -237 -108 -231 -249 243 238 -121 73 18 -235 52 -39 -2 241 165 -211 54 -191 -63 -24 -146 123 -59 -234 -164 -182 -129 109 -8 164 244 -177 249 173 223 184 79 -97 31 114 201 -222 60 -96 142 -147 -130 -250 -82 -17 94 -172 -175 146 -120 3 -64 -102 -233 163 213 -46 15 194 -115 4 126 -106 -125 166 -181 -77 9 130 207 -28 169 106 -207 149 -3 92 107 134 17 21 -80 221 -114 -205 -160 -139 199 116 151 36 -236 72 -58 -163 -228 -202 -194 86 -188 -229 93 -44 41 -180 -238 -133 85 -26 99 -162 47 -34 57 196 120 147 89 55 45 203 -220 -157 -38 -79 28 -199 26 -152 91 30 -203 -245 189 111 -33 -86 -111 -195 -4 27 140 -173 115 -165 -210 -41 139 -99 50 193 145 187 34 185 -148 175 -56 -95 -128 -52 -49 -76 -184 124 -196 -69 219 -223 -57 -25 -179 29 159 -11 117 67 61 135 -55 -21 -107 -65 -143 -37 -18 -187 214 -161 220 -13 -66 71 -244 98 211 35 233 -1 -126 141 104 63 33 131 -217 10 136 119 161 235 65 7 -169 -12 138 80 6 -241 206 -101 -61 153 32 172 8 204 -141 100 112 -117 -31 -50 191 -167 108 192 -156 -204 -230 -14 -78 96 66 171 -123 48 178 -68 -53 -22 143 -243 44 212 -242 2 -40 -192 0 82 128 205 -201 -213 231 -5 40 157 56 215 -45 -30 229 -75 23 -206 -83 51 -193 245 188 -224 -144 180 222 127 176 -118 -214 97 95 14 168 -100 -150 -219 133 200 -215 -48 -94 -174 -232 59 -110 177 -227 230 186 217 -105 -87 84 -138 218 202 -20 224 11 25 -104 209 -27 -186 -54 64 182 208 -109 37 227 152 49 -93 -72 62 53 -247 237 -92 -32 -212 113 195 -151 43 154 -197 179 -246 -154 148 -153 -248 -112 42 -124 -47 -43 158 -7 246 -225 20 -178 81 -74 -155 155 -70 216 -142 181 83 122 -60 174 -127 144 -149 110 -10 -98 -71 -113 -240 226 -42 16 198 156 -62 -6 -137 -136 -158 -226 69 101 -103 105 -159 -189 150 -116 -89 22 160 225 24 -170 -16 46 247 -185 -19 -198 -140 -216 70 -183 39 210 183 -119 118 103 90 240 -88 167 -190 -218 -221 -208 190 102 -67 232 -131 19 162 -15 234 -9 -73 75 242 -90 -166 74 77 58 
TEST 48 ARG:-216 43 -244 75 -146 93 96 -201 34 -179 241 181 -160 191 -139 -204 -92 -58 -143 -21 95 137 123 -89 110 51 189 -116 -189 -222 190 -191 -9 -125 192 210 179 -79 247 68 -170 -242 -114 -78 -59 -27 13 -134 73 -91 -105 148 -73 140 173 -185 220 -122 228 -227 142 -162 84 -188 -238 -76 -80 209 135 -23 -101 129 25 91 3 26 -117 107 165 24 -130 16 -209 -165 -247 237 -74 207 -41 -50 232 119 -4 37 -239 27 186 -86 97 -240 54 -63 -37 -149 -131 86 180 -208 -175 -192 134 230 -198 -197 -233 -103 154 -148 45 162 -48 -203 -224 -82 -138 98 104 -167 234 117 -112 63 -61 -60 -234 204 42 -171 -39 -223 83 -230 147 4 15 184 -33 -210 -218 -71 -36 92 94 146 -154 60 239 -161 85 136 -199 -42 -29 -43 200 150 159 125 -93 -200 40 -207 50 -106 238 0 -166 -97 -156 -90 227 -235 226 214 -141 236 31 218 -144 20 -213 -159 246 233 143 5 175 -153 17 -113 -8 -123 9 102 -77 -172 -85 -137 -13 -22 19 -142 114 171 -249 -6 208 242 -187 -108 21 -219 -232 101 -46 52 -81 -184 87 -231 128 -151 64 -183 -202 -51 193 113 69 78 -110 -25 14 -14 126 33 47 -44 155 -145 46 57 112 231 -40 153 6 160 23 167 -229 -193 76 -55 -69 177 -109 144 -95 -250 -169 163 61 -248 72 152 244 53 -84 182 -186 36 70 -158 7 -30 -19 -28 176 -180 55 158 178 -7 194 221 199 -246 225 118 -20 103 223 139 -102 188 44 49 161 -150 -236 -72 -94 -133 122 141 217 -56 219 -212 156 22 205 1 151 -155 -205 -45 -57 99 59 56 196 131 -206 67 -196 -194 48 145 -177 90 -181 28 -140 -17 66 -136 -15 -243 224 -241 211 248 -70 -67 81 -1 -53 -64 -98 169 2 10 -16 120 213 133 32 -115 80 89 132 -121 -217 18 240 201 -124 38 -31 -47 172 215 111 216 62 243 -178 157 222 -18 164 -83 -119 127 -118 170 197 -220 202 -211 -237 -49 -68 106 29 -88 -225 -157 -221 -11 203 138 116 -195 30 -52 -228 105 -214 212 108 41 -32 -100 -168 -38 8 -5 -190 -226 65 -96 229 82 195 -26 -215 -104 -10 249 109 88 -152 115 -135 -132 35 -34 -147 -174 149 -245 -182 121 100 124 -24 77 -54 187 -120 198 -2 79 183 130 12 206 -87 235 71 -126 11 39 245 74 -62 -164 168 58 -173 166 -12 185 -128 -3 -35 -176 -127 -99 174 -129 -111 -163 -107 -75 -65 -66 
TEST 49 ARG:114 -102 179 93 -65 30 -14 -204 231 191 77 237 144 -85 61 -39 75 -7 -223 -231 203 106 -109 220 -108 15 -143 -11 163 -220 -240 32 101 -187 -114 43 44 129 -138 -140 14 199 113 76 145 68 -19 -113 -24 -210 -130 132 -194 175 181 -191 204 -236 23 112 -127 37 140 -166 7 178 -86 56 42 41 -159 -90 224 -81 -207 168 91 234 -69 -17 94 225 -139 -232 -247 98 -218 200 239 10 128 229 184 100 247 104 -205 -13 -15 59 47 -79 -116 -71 -250 -160 -54 212 124 -111 -77 -147 188 162 -84 -32 73 -189 -126 -135 -34 230 -123 96 60 109 139 -93 -18 -222 17 158 -16 -186 244 -176 137 245 151 -91 -192 -42 -68 110 55 -212 -92 157 -121 201 80 -29 169 108 222 177 107 -188 54 -184 -106 215 136 160 208 -5 -197 240 166 -58 165 48 83 -55 -98 88 -215 -67 -78 119 138 -214 72 -201 -148 192 133 193 -61 154 -10 20 -219 -44 -173 -211 117 -87 164 -82 2 -45 -38 -185 152 33 -25 21 118 78 -142 69 22 -209 -103 11 -97 196 -132 241 -47 -95 202 13 12 -134 -129 -146 -66 120 -33 -239 -56 -89 130 -208 64 -145 -203 95 62 -216 -217 -125 -53 -168 170 -183 187 -60 115 -49 167 143 31 24 205 216 -167 39 49 141 52 210 -153 -225 -221 -245 -22 -213 -104 -21 -4 116 103 67 58 -74 -157 3 126 156 25 232 -175 233 66 -165 -141 9 -117 -249 -43 -100 155 -227 146 171 227 -137 19 -177 -94 28 209 131 217 -233 97 -158 -62 -242 -163 -169 -238 -52 235 -174 -156 207 -12 36 -30 -237 34 -63 242 92 29 -235 -80 18 190 228 -28 -241 -199 194 236 -172 -8 -181 -150 -162 -41 -107 -70 -2 -64 -144 5 159 -27 -151 -99 248 99 70 111 -26 65 -195 147 173 142 50 -59 -136 -224 -112 223 -226 183 122 -154 238 -161 -244 189 249 63 -23 74 -171 1 -6 206 195 -75 -88 -248 38 -131 185 -50 -48 45 -133 219 -9 57 -196 -110 221 -76 134 -73 90 174 -180 182 213 -1 4 -119 -234 26 -170 -200 71 176 198 89 -96 46 -35 -105 35 -57 -149 -46 87 218 -20 -83 -243 -72 -51 180 243 197 81 102 -120 211 -228 127 -193 -37 -115 -128 84 -182 0 -118 135 -202 -230 125 161 -229 -152 -164 172 123 121 40 -179 8 186 -246 -36 226 51 -190 16 79 53 -198 86 148 85 -124 -3 214 -31 82 -206 153 -178 6 -155 -40 105 246 27 150 -122 149 -101 
TEST 50 ARG:-228 10 141 -149 -167 238 166 102 -230 -129 174 -132 246 -91 -71 -118 65 112 170 233 220 -244 -34 156 155 -25 -235 -73 110 16 -33 119 0 118 38 -153 196 -96 -1 -109 -238 -159 159 231 78 9 -49 -21 178 23 -29 -163 21 -189 -112 -172 108 62 11 98 76 1 226 162 -59 46 130 -227 111 210 -57 -97 242 -193 175 103 31 86 -162 -66 -161 179 -70 197 105 90 -246 84 -243 68 -100 218 -92 148 212 69 -240 -223 -179 235 -77 -212 114 -93 79 -98 -191 -120 153 163 -177 -207 -22 185 -146 245 40 87 -62 -75 -19 -55 -158 -37 -63 -234 -131 206 53 -16 168 97 95 136 -214 43 -8 57 22 -194 116 128 -208 -41 -200 202 -241 50 -128 61 -17 13 -48 225 -165 -176 243 167 37 144 222 228 -221 213 28 32 149 8 -203 -110 35 -198 133 26 109 -217 -166 92 -84 -250 -211 232 219 -152 -95 58 113 176 17 39 -15 172 -119 -60 -20 -188 -192 184 -81 -142 -145 -135 -173 -42 -58 211 29 -226 -225 -197 -137 75 194 195 -233 -13 132 6 123 66 107 -89 217 -72 2 158 60 -154 -232 115 -127 45 83 -143 183 -24 239 67 -206 34 -31 41 -30 229 173 216 161 -2 165 134 -85 27 -130 -219 -156 51 -242 182 -32 124 -27 209 -182 7 131 -134 -133 19 4 199 93 -170 154 -76 -220 171 73 234 -218 150 129 -139 -181 -164 247 -54 -80 -151 160 -103 -148 -65 221 -160 187 -125 49 -201 -5 96 -196 89 -111 190 214 -82 52 200 36 -190 -123 -61 -215 -144 -157 -204 -216 -39 101 80 56 249 74 -210 -115 121 -43 215 164 157 -247 48 139 -78 -79 -56 -150 189 64 -180 -178 -231 -51 -64 106 -140 3 244 44 -99 198 -169 223 -107 203 -174 -74 -23 248 -87 127 -209 240 -94 140 191 120 71 -249 -184 -236 -147 177 -3 100 126 81 143 -106 -68 -124 -121 -88 237 25 -67 241 -44 -171 -53 -116 181 72 91 -168 -175 -141 54 -185 -11 207 -90 -46 30 -35 12 -248 -138 122 15 -239 -126 82 -105 201 208 63 204 -104 137 99 -6 -4 18 59 -213 -117 -199 -18 -7 -114 -155 193 146 -113 -47 230 -108 47 188 -45 -86 -101 -136 -229 135 -183 -187 236 224 180 152 169 -224 104 -36 -122 -102 227 205 -12 -202 145 -186 -205 -237 5 -10 -14 33 55 -195 138 14 42 -222 151 117 -245 -26 24 -69 192 125 -40 -52 85 77 94 142 -38 70 147 -28 -83 88 -50 20 -9 186 
TEST 51 ARG:237 -116 54 105 -106 156 96 173 -72 -221 55 219 -70 -6 -169 -80 -35 141 249 -241 191 -112 56 -206 127 3 134 186 70 83 106 205 19 -120 199 102 113 74 20 -2 52 197 153 -211 -126 84 -114 -125 232 221 -242 -229 208 -94 34 -151 104 -69 -136 -105 32 193 92 28 180 116 -78 -66 -245 -154 -122 4 -131 227 -141 -3 228 75 -21 137 -42 -20 -79 90 166 -171 -243 -109 -191 33 89 -175 -44 144 198 -49 212 42 -179 62 -26 59 -158 -13 9 25 -207 185 226 -59 207 149 -205 -195 -150 -54 7 -224 82 -239 -91 -144 215 8 177 222 58 -234 -129 112 236 -61 10 172 85 -111 168 -90 110 -86 18 146 -127 128 -219 -227 241 60 -39 78 -34 -214 -192 -53 -93 -161 -92 171 -30 5 -170 -15 -146 -28 200 23 65 -223 50 41 -38 -196 139 243 -201 -40 30 36 164 184 86 -74 238 -85 -96 -121 -32 -178 176 -14 -167 43 165 -160 -182 -132 -102 15 -130 -139 158 -77 -4 -123 147 79 213 216 -203 -68 151 129 -149 240 -249 -108 181 -23 -22 -148 247 122 40 45 -153 121 -247 154 -43 -75 13 -89 69 -25 -163 100 155 87 -222 -45 220 162 -172 0 -101 -216 -9 -5 -67 -186 -128 148 -88 22 49 -142 120 174 -198 -134 142 -204 -248 114 -110 167 161 12 195 -250 -194 225 175 -237 47 188 107 -16 179 187 39 88 -29 -159 -51 72 242 -10 -11 -238 -181 11 -215 -37 101 46 -47 -98 119 -137 -95 -71 -63 -103 -57 66 189 -115 -138 -152 -119 -187 233 135 192 204 202 -218 29 -31 -185 124 209 94 16 -174 -220 -41 1 -246 -210 -156 81 210 2 132 -188 6 -176 -73 -124 -147 133 217 -180 138 -202 26 67 218 -118 63 -24 -240 -18 -33 95 -84 44 183 -7 -168 -199 -58 131 -83 31 77 140 -56 -97 115 -193 -164 163 -46 68 64 -99 103 -87 -173 38 71 -208 -133 239 -165 169 14 182 245 234 -177 109 145 -200 230 -233 76 143 -27 -113 -244 246 229 -145 -48 123 -104 136 27 157 235 91 -65 -225 170 -183 111 214 98 24 97 -226 203 -50 -81 -184 190 -19 -64 80 -52 -1 206 61 -232 194 -100 -36 51 160 130 -190 -62 -162 126 -82 93 125 -76 196 -189 150 -230 -209 -217 118 178 152 -212 244 -155 -157 -231 35 231 53 201 -228 -55 211 223 37 -143 -140 224 -60 -235 108 -17 99 -12 21 -197 117 -107 -117 159 -8 -166 -236 17 -213 73 48 -135 248 57 
TEST 52 ARG:9 -80 113 -221 45 162 247 222 206 -243 28 -60 76 -143 -109 -59 52 -135 -3 -196 5 145 30 199 -97 135 -42 -174 157 -162 24 41 47 60 229 80 106 -149 70 236 -164 -103 140 232 -110 158 103 137 107 2 -26 49 23 -70 183 -157 -25 6 136 179 44 220 -24 -121 112 -242 32 -71 235 110 -16 -84 190 248 -140 -236 231 -187 20 -131 -147 -114 97 99 -83 -56 -96 111 -132 -52 147 -92 54 134 191 121 89 -94 -138 -181 182 -226 -183 -214 -36 249 -93 209 161 -233 69 221 -133 -230 -123 84 -88 178 -61 -37 -218 198 -195 -104 85 -75 -247 218 95 245 217 -152 165 -7 -23 62 181 114 -155 -57 39 53 86 116 -22 -35 177 -43 212 169 244 -148 141 79 -65 -74 93 224 230 -119 -125 210 -33 -184 -91 -99 -129 51 -161 -163 -209 25 130 -55 -216 -27 -219 156 123 -31 74 -167 170 -197 -19 196 16 234 -82 -10 0 -89 -238 129 -144 -122 171 131 -177 149 184 -39 -150 1 -87 -81 -151 -137 122 -201 102 193 82 35 -32 27 34 188 -202 -95 133 11 -17 214 -20 146 -158 -239 -41 187 -166 -115 -18 -34 100 168 77 -213 175 -156 185 119 55 151 -229 81 94 -5 22 219 71 -231 160 -235 -98 -90 241 -227 -207 -45 -145 104 -169 118 -79 -250 -120 233 -172 83 223 -62 72 -245 38 -53 195 138 13 65 -40 -130 37 -160 18 -14 213 150 127 -225 10 176 17 -134 -68 115 -139 26 -176 -188 -159 -77 -193 108 -101 143 -215 4 40 96 -112 90 -240 242 172 21 19 -4 67 124 -248 -12 -9 46 -73 -11 -237 -210 163 120 -63 -126 -208 57 -50 58 166 92 68 -116 -175 -249 192 204 -118 -241 -141 -168 -6 -76 -72 -47 -179 -111 194 225 -58 29 226 155 -180 243 -124 215 59 186 -154 -211 -189 189 139 -246 56 87 31 -13 -190 240 -203 -204 -108 33 227 -85 61 200 -105 203 208 246 152 180 78 -2 237 207 144 48 -106 -46 -107 -244 -67 73 117 -28 101 63 -199 3 88 8 -206 -170 12 -222 42 -182 -127 128 126 -198 -8 -165 14 -15 -200 -54 -223 -64 142 125 -86 164 -153 -1 202 98 91 -217 -178 -128 109 -49 75 228 -48 -146 -191 -192 239 36 -100 -29 -186 43 64 -185 -212 167 153 132 7 -171 -220 238 105 197 15 66 216 -224 -113 -234 -228 148 50 -30 -66 -44 173 -136 -205 159 -78 154 174 -142 205 -117 -69 -38 -232 -194 -51 -21 211 -173 -102 201 
TEST 53 ARG:17 -229 -164 190 98 129 -90 122 -84 175 -39 -238 -127 161 -89 47 150 15 154 114 137 -227 89 118 -177 -204 126 -208 62 -49 232 199 188 -205 -170 -43 -236 -176 172 -248 168 69 -31 -182 238 58 68 197 212 -123 153 25 -76 244 -74 -61 -12 -110 -125 -47 218 115 -98 67 127 90 185 -11 -218 52 -128 -27 149 49 56 165 -86 61 -88 227 -193 55 -156 186 -4 -18 28 76 -67 85 0 -59 -212 -112 51 242 73 86 29 -32 -129 195 -159 -153 213 -201 -178 130 -80 235 -171 -188 -3 -36 -108 247 133 34 4 145 10 -22 106 -196 194 -109 19 -203 -219 112 -187 -8 -239 241 134 -35 -250 -48 174 -77 -209 53 71 21 -246 -33 -173 192 -155 240 -143 201 225 196 -102 -198 30 162 -184 -9 87 -111 -99 22 -10 38 70 -85 164 117 -214 -134 -14 223 -228 237 82 -68 152 -186 -136 -121 -105 -2 -225 -206 -131 176 132 135 209 -19 -151 -75 -1 205 -46 178 -119 219 -240 -55 -42 187 59 9 -91 39 -126 151 101 -44 -26 198 163 -161 -132 -73 144 94 216 226 243 121 183 248 -34 217 -70 13 -197 11 -64 -235 6 95 105 -230 75 -249 119 156 142 -45 24 -194 -24 42 -174 33 155 -72 20 7 233 77 44 -15 48 -41 239 -167 -54 -154 245 -166 -244 27 18 60 -53 84 160 -104 246 206 -242 -216 -50 -233 -93 147 159 -37 -145 -215 80 91 5 193 -97 113 96 54 109 32 146 131 -148 -142 35 14 45 203 23 92 170 31 -199 -114 -5 -139 236 -51 -69 -65 -38 -192 -189 -92 180 43 93 -100 107 -118 -152 214 -224 97 211 -223 210 -116 -158 83 -30 -83 179 249 -190 41 12 111 148 64 103 -245 74 -66 -222 182 -94 -185 -172 -147 46 -120 -160 123 -183 207 -232 57 -162 -95 -247 -63 -87 -135 100 99 191 -107 -106 81 63 -226 166 140 128 -117 158 72 -62 3 124 102 120 -16 -56 8 110 -23 -210 -175 -20 224 136 -124 -122 50 -217 -243 139 2 -138 -79 -25 -113 -81 -181 -78 108 -169 116 -103 -146 -82 -40 228 -179 -180 221 37 181 -150 -231 26 -220 -13 65 -144 -137 1 189 -101 184 -202 222 215 229 -168 169 -58 -200 -29 104 -237 143 208 230 -71 -241 -149 -163 -140 200 173 -96 -211 141 -191 204 138 -195 -165 231 36 234 40 -28 16 202 -52 -17 -207 177 78 157 167 125 -130 66 -141 -221 -157 171 -60 -115 -21 -57 -234 -7 79 220 88 -133 -6 -213 
TEST 54 ARG:-5 217 -7 -39 160 -37 140 -139 -100 -61 -64 229 -250 191 185 -171 211 -243 -2 124 -35 -14 235 -103 -166 -91 -22 -42 30 -12 -48 194 -229 -68 -247 -4 179 188 84 -194 -216 68 -142 228 119 15 -246 236 -75 52 130 -227 -213 -230 -244 -97 -128 -173 77 69 -204 -168 67 -46 167 242 -109 171 -206 203 -141 -228 43 -44 41 -164 48 -45 90 -71 93 -126 -125 -200 -74 -41 26 172 -188 -53 57 -238 91 -105 105 -138 143 243 116 -26 -52 -28 -18 -95 66 86 -23 -15 -10 -151 6 190 70 -69 -90 -135 133 -121 5 -190 97 7 -16 146 -145 -104 246 -205 -179 -161 166 205 51 -148 96 -24 46 76 212 -67 -65 -245 20 44 189 186 -140 182 154 -226 -158 -214 -170 208 88 -169 72 82 -154 209 108 0 64 109 -63 11 -236 -56 -40 247 110 -92 231 63 -6 128 -84 -186 157 4 12 176 240 31 14 -58 -98 -66 -106 145 245 -144 132 -225 -149 -199 -192 -20 81 201 -123 58 125 21 237 -47 -224 -215 -249 -130 -70 -112 35 -108 55 104 16 -122 78 -156 121 -116 158 134 -93 17 -1 248 244 80 196 53 1 221 65 200 39 -136 227 -19 239 -107 -21 156 153 177 27 61 -127 -185 -72 199 -134 164 -187 40 -183 -146 148 -131 192 219 -177 18 -118 161 -25 24 -233 -82 19 -57 -110 -160 37 127 230 -85 202 107 32 -101 -176 -178 9 83 -76 162 163 -73 45 -182 170 -172 -209 -211 62 204 122 183 -239 131 -175 60 225 139 -191 234 115 -13 -137 -80 150 -33 -159 -27 47 -217 -189 102 -157 129 168 -51 -240 -31 -124 -241 -163 178 -150 -198 103 -167 147 223 159 -83 -219 79 13 -36 -184 100 -79 206 92 99 106 28 117 137 249 -117 74 98 -162 -132 -195 193 -54 -203 -96 -32 220 214 -222 -218 -155 -232 -88 50 -201 173 -60 169 222 238 141 149 54 -29 71 101 -193 -212 -181 233 -8 -62 126 42 165 118 -34 113 -119 -43 138 -220 -196 -77 8 213 181 -30 -102 218 -17 -165 -94 -111 94 -3 -207 -55 22 23 36 136 -59 -202 -197 33 -210 195 216 10 25 -120 151 210 -248 -115 215 -153 -223 34 187 -231 -174 152 59 -147 -78 73 241 -113 197 -208 75 49 226 -99 198 142 87 -87 144 -81 -86 -50 -38 -237 -234 135 89 85 -143 -180 -49 -9 232 3 224 56 207 29 -242 -235 -114 -89 -133 184 -129 175 95 38 2 -221 120 -11 111 123 174 155 114 -152 112 180 
TEST 55 ARG:-236 -107 19 -146 -248 133 74 -31 188 -132 -14 85 159 -58 112 -64 -247 36 124 9 61 218 -182 -38 -67 -126 -108 -240 -32 -215 -10 -48 183 98 -19 160 49 -228 167 -138 17 70 -127 -155 -17 83 -202 42 -153 171 -198 -151 0 -110 -77 18 122 -226 -100 140 -199 131 195 79 174 -44 113 33 35 109 168 90 45 -187 239 209 -115 23 -105 29 47 28 60 63 -1 14 -171 -13 -34 -125 -50 214 170 -78 -224 68 -218 242 -121 125 -219 115 -18 105 41 237 -123 148 67 234 -175 -232 241 -15 -145 1 132 -185 3 96 -178 -60 86 -242 213 -194 -206 176 -87 249 -8 -37 196 -91 -172 20 57 -23 -2 -97 -22 2 34 -36 44 -74 69 77 -213 143 50 206 191 -113 173 -40 212 -137 -57 226 147 51 -201 6 127 219 11 -245 220 -193 -52 58 -190 229 -3 -183 4 73 -140 126 200 -76 -66 -231 221 16 222 66 -96 -142 55 -61 248 -24 -144 -186 -83 27 236 -174 84 -79 -214 103 104 40 53 64 24 -159 217 -82 -170 -223 116 -207 121 -63 -191 -49 -85 -33 -131 -160 -234 175 -210 201 102 -233 -229 230 -92 -227 -154 95 -28 111 88 -211 54 -86 93 -136 -205 -53 -109 -133 -147 110 -192 -84 -11 223 -80 130 142 211 -89 -68 165 -244 203 -156 76 -135 32 89 -167 114 -128 -149 -112 -111 -176 -130 7 193 -184 194 -168 247 164 118 81 -88 108 -99 -20 8 119 166 -47 -12 -103 244 231 155 -166 -114 -95 -180 -250 161 15 -139 -235 -225 -161 -106 -241 156 197 157 -75 -39 210 228 -195 -188 31 -158 -71 62 -62 -116 -203 215 65 184 129 -181 -157 -212 -9 106 141 -70 -216 150 123 10 -104 -55 -46 135 -150 -177 -239 -243 189 -119 46 227 139 -164 -238 22 -42 117 235 186 101 -73 -246 -51 99 172 158 12 94 -162 -43 246 -200 216 192 -124 -173 -65 199 -222 128 -122 -221 -169 -143 43 -35 -21 107 169 144 -56 5 -98 187 38 -7 -217 -26 225 -209 -5 -4 -189 162 -204 72 -90 56 180 48 -165 204 137 179 -179 -220 -45 82 198 -93 178 243 -152 233 -163 -120 -41 59 -230 -6 37 30 -101 136 -134 -59 138 -117 97 145 -208 25 151 185 21 52 163 207 71 153 245 205 182 190 -148 -129 13 -16 177 80 146 -118 91 78 134 224 100 202 152 -72 -29 87 39 -197 -81 232 92 -54 -196 -141 149 181 -30 240 75 -94 -25 -237 238 -69 208 120 26 -27 -249 -102 154 
TEST 56 ARG:-223 148 -73 225 89 -72 -203 -219 -14 145 104 -164 -177 -212 105 -90 -115 -24 -179 -53 172 -60 -196 -116 203 218 -117 -163 -141 66 64 -144 46 222 78 -120 -68 44 107 128 -245 191 136 -224 -66 -148 -121 154 -69 -161 -210 39 176 -15 -64 215 -4 -241 -32 -88 -217 -156 220 96 159 17 50 -226 242 195 -40 6 93 200 -103 212 -139 74 -231 143 119 -35 -2 156 111 237 -238 224 -27 175 134 -240 114 -243 -30 24 -48 -46 -25 -89 -191 -194 -136 235 181 208 86 -171 85 -101 -236 198 47 -39 -174 -165 -128 -213 87 -84 -180 -76 -41 115 109 -31 -47 45 59 36 -145 -57 -33 121 -38 -160 229 246 112 -96 -63 41 127 -133 -229 130 206 -135 230 123 -45 -153 -143 197 -134 248 131 -198 -214 126 -239 18 -247 84 -216 -81 92 182 -87 99 -56 98 163 -110 73 -16 169 129 -8 -166 162 133 -127 -195 -17 236 -200 -112 51 157 54 209 -98 -237 -52 -122 234 -123 29 -173 204 -80 -126 192 226 -74 122 160 -10 -199 168 -193 177 -232 -94 183 -184 125 -138 -5 233 -178 -119 5 -67 23 -129 194 102 184 -244 205 21 -147 228 -50 170 -207 135 33 238 227 150 82 -104 -19 -107 153 240 -157 75 -59 -97 71 147 16 -233 113 11 -18 37 -3 232 81 -170 -36 211 -102 116 -49 52 221 166 -124 -172 243 -125 -230 108 -149 97 -235 -75 -146 -91 -118 80 -248 214 132 -188 158 -29 140 -77 0 79 -181 171 -12 -113 103 76 185 -227 -82 -142 -62 100 -22 -234 48 -152 -37 -85 -206 56 -218 -222 -169 190 149 70 63 -20 -54 -114 19 -225 241 -249 249 101 -215 53 -106 -246 -71 -208 25 -28 10 -220 137 -99 -175 94 -197 30 90 15 117 60 210 88 -21 -65 216 -201 -61 -183 -44 173 -11 -100 -202 -150 26 -151 201 -167 -186 -108 124 138 -86 -95 35 67 83 179 57 32 42 219 72 167 151 -205 -83 27 -140 152 -92 118 40 3 161 4 187 231 -185 49 62 13 178 -1 7 139 213 -228 69 244 -182 -6 65 144 -250 14 -189 239 188 141 193 -79 61 -137 142 199 -34 -211 31 -192 -159 34 -13 -9 -109 174 165 207 -131 106 91 -221 43 22 1 -158 217 -204 164 -51 -111 95 120 20 -55 -78 -130 12 9 223 55 -242 -187 146 8 -7 202 68 -93 38 -176 2 -105 28 -42 -190 -43 -209 110 -58 180 -168 77 -23 247 -154 -70 189 186 155 -162 245 58 -132 196 -155 -26 
TEST 57 ARG:-243 -147 130 234 92 36 -234 -132 165 193 -187 67 -120 -206 -20 227 -235 51 123 -72 -128 248 113 -111 -240 19 -161 -239 -201 119 -8 -57 242 95 89 -231 94 100 137 66 75 118 138 -163 61 230 -233 -249 47 247 41 62 186 -105 -48 -246 -210 246 144 228 153 13 141 25 170 59 -179 -169 -97 -124 -146 219 132 -29 -47 160 202 73 -116 34 81 -144 101 79 146 -172 226 176 163 -106 -63 149 -25 -224 4 -112 9 143 187 -15 -66 -197 -175 -93 -191 71 111 -82 197 -192 180 24 -41 -14 87 -225 49 -67 -23 -6 -86 -77 14 15 44 -181 -75 205 -92 -59 190 -217 57 110 -100 -244 -162 232 -170 -145 -4 -173 84 -35 -84 -117 196 145 -16 -237 213 -85 211 -189 -31 175 114 20 217 173 -28 -18 -160 218 18 -110 -2 -80 177 236 -135 -89 169 26 -166 139 -250 -195 -60 183 -174 -139 -39 -198 -73 207 125 -188 106 -61 -153 -129 -178 12 212 -118 45 206 -115 39 -229 -164 136 16 178 181 -102 201 -151 -222 127 124 184 116 -134 195 -22 -196 -37 -46 76 239 -177 117 17 -212 156 -180 -236 -148 -142 11 -190 -90 189 -158 -143 -99 -94 229 -91 -182 -42 216 129 203 -226 42 -159 154 -58 105 -137 -220 188 162 74 221 131 72 0 171 152 93 33 -245 -213 80 52 -214 107 -87 -211 142 225 96 -78 -10 -113 -238 185 174 -199 -74 -215 -56 198 -193 -51 120 158 -221 220 241 46 179 222 -183 60 1 -71 -247 22 -70 -123 161 -223 102 -186 31 -219 231 -138 -185 249 157 48 204 199 -149 23 -12 224 2 -65 -9 -202 122 223 90 -30 -95 -126 -79 77 -127 -140 191 -38 -27 243 103 238 -104 -50 108 121 194 -36 -150 -155 192 58 167 91 38 -17 -3 -21 88 -207 -131 99 135 -194 -7 -152 109 97 -165 -24 -168 -154 235 104 40 98 29 -34 -136 210 115 32 -133 -44 -98 6 148 -242 85 -216 -45 -49 37 -108 215 -1 3 28 -228 182 -230 68 128 -19 214 86 -11 -203 -248 54 -62 -55 -76 -81 -54 63 134 -114 240 30 208 -32 5 -241 56 55 -96 209 69 -122 126 -141 -209 -200 8 -40 -232 -171 -208 82 -53 83 233 -33 112 237 -26 159 70 -43 10 244 27 7 65 -227 -157 -88 -101 -103 164 -13 50 168 -205 -52 21 -184 -156 147 64 -130 35 200 53 -204 172 133 -121 166 43 140 -119 -107 151 -218 150 -69 -125 78 -176 155 -109 -167 -68 -83 245 -64 -5 
TEST 58 ARG:230 169 -97 114 -101 113 147 176 226 246 -213 -232 222 -174 142 -32 158 -115 236 -160 8 -19 11 -73 -190 95 160 69 -84 48 -67 209 -121 -98 128 187 -17 221 67 -140 55 111 -206 56 195 191 -31 -187 -75 -179 -112 -126 -163 116 239 -168 -148 189 211 -231 238 -58 155 156 206 2 98 -234 -151 -156 85 -23 -123 -146 37 -39 -194 115 -225 -33 -142 -133 -248 129 -235 -107 100 -193 218 87 57 -62 -42 -202 -29 -57 167 -70 149 -88 -40 -134 -104 24 71 104 213 -6 -117 49 -182 61 -56 -130 -132 64 -25 -64 217 -164 -95 248 241 -157 240 190 -11 -92 146 -108 -116 -147 -18 -236 -82 23 122 -103 186 159 -166 72 229 235 -24 -118 -9 127 75 12 216 -238 94 177 0 119 -205 -63 76 -27 -188 -74 -43 166 -229 -152 31 92 -177 -185 -124 -90 112 162 -230 249 -211 161 -221 -20 62 -28 -52 -61 188 65 -244 -150 -138 -8 182 185 247 -145 -54 -89 41 -2 124 110 184 21 197 125 123 -99 -47 -65 154 60 68 3 -196 -105 -203 -137 148 -7 -125 -48 -80 -44 89 -38 -212 1 202 -106 32 78 44 91 152 145 244 63 50 96 43 194 83 -241 80 27 -83 -144 -16 -165 93 -208 141 101 -158 233 143 109 66 47 208 234 183 -135 -210 -216 -214 153 77 -217 -85 212 74 175 -53 -169 107 -55 -215 192 -86 -154 -189 225 -66 223 -94 -246 -76 105 -143 82 -141 88 -3 232 38 17 -247 -172 59 136 9 164 193 -219 -183 -120 -50 -250 207 -233 42 45 137 -131 179 196 -218 117 -239 170 203 52 -91 -199 -228 -15 132 -36 -171 6 138 -192 237 -223 19 4 205 219 -198 -184 -136 -237 -175 -59 -60 -181 36 144 -220 198 26 -170 140 28 180 -51 201 58 172 171 173 -249 18 174 -102 -180 214 30 70 7 -191 -77 33 -119 -128 106 -35 -162 -186 -4 39 81 -240 224 -41 -204 -139 220 243 -153 53 -30 -176 -222 126 -155 -22 -72 231 16 -49 25 29 -10 14 -79 10 20 199 -71 86 -200 -37 103 118 -127 134 -96 15 54 -78 242 131 245 -26 -45 168 120 -159 227 -245 -113 73 -68 -81 204 200 5 -197 -46 -87 -209 -224 -178 35 228 -69 -1 -114 133 108 151 215 -5 79 -13 -110 165 -149 150 181 157 46 -93 99 -111 -207 34 -173 90 -226 -227 -100 -242 135 -109 -129 163 102 178 210 -195 -161 51 -167 -122 121 -21 -201 -12 13 130 -14 97 84 -34 139 22 -243 40 
TEST 59 ARG:-156 214 -92 246 -149 -84 -21 -190 -73 77 50 -182 112 247 215 20 138 -198 -195 -209 54 91 -171 -58 -43 -141 -234 130 -96 170 212 158 -116 -104 -164 177 -163 125 -152 163 203 71 63 218 -44 -181 181 240 -63 -35 4 122 58 -249 57 206 -136 -189 172 -154 238 -157 140 29 101 49 153 -218 -118 -119 -83 -123 219 175 21 185 -196 200 25 -50 -102 189 -140 -166 -148 -113 -214 13 -79 -201 -226 81 -172 -174 92 131 -1 -42 -28 159 148 -86 -132 -48 52 -97 136 -144 -225 -36 -105 211 188 -111 -129 31 -120 -158 -216 -45 190 -162 -20 73 -68 105 -170 -169 94 -161 39 234 -115 35 227 176 -127 -110 47 80 -54 -150 -215 107 -23 95 111 237 -188 154 -178 -175 41 -121 150 56 -82 139 213 60 -229 78 245 108 -47 217 -125 -18 149 27 22 102 99 137 -153 3 -70 46 -93 -99 -31 -78 96 162 -239 98 -210 -245 202 -202 216 165 -206 -75 166 -247 36 28 -16 161 133 100 229 -213 -237 242 160 51 143 -211 210 -200 -108 236 26 -10 61 -6 97 123 114 -41 19 -94 -2 -194 197 8 147 228 40 141 135 129 -29 110 -32 -117 -185 224 -248 184 126 -69 -95 230 -66 -37 75 222 232 -173 -11 195 -4 70 106 -67 -89 205 -179 -193 90 -232 -192 -236 -103 85 120 -231 -106 -7 201 171 221 -135 45 -61 72 196 -146 249 -191 88 168 -241 87 186 34 -5 -17 -100 241 2 15 -91 194 -176 -212 -134 208 -243 -222 -101 -87 -131 -122 -250 68 118 157 193 66 127 -155 18 11 -177 -98 76 37 -9 -203 -180 -223 173 -126 128 178 -25 1 103 -39 9 0 164 -228 33 220 -55 -220 65 55 -143 -33 -81 -49 -139 -85 32 -168 183 192 -221 59 -112 -137 93 44 -124 -217 -138 -90 -77 -197 -130 204 -56 -230 -186 24 43 -38 -128 109 225 144 -19 -165 167 -3 231 -242 223 -145 145 79 -235 -208 67 233 5 -53 82 -30 -65 191 -74 -64 174 89 42 182 104 -27 -51 -187 124 48 -114 -22 152 -14 132 62 -240 14 226 -24 10 12 -8 209 -167 -71 -133 64 119 16 198 239 -142 142 116 53 69 235 169 -59 17 -147 86 -224 -184 23 -199 180 74 243 -57 115 -238 244 199 -246 -205 -233 -40 -80 248 -76 -15 -72 117 -88 151 38 -26 -12 84 -109 -46 83 -227 113 134 7 179 -62 -219 -60 146 -244 187 -52 -183 -204 -107 6 121 -34 -159 155 -207 -160 -13 -151 156 30 207 
TEST 60 ARG:94 -212 -14 168 152 -176 -53 -157 -136 105 -8 -18 -202 -90 -221 75 108 78 3 171 -198 -250 170 -96 -64 -224 -42 -104 20 -167 -88 -76 -127 200 -232 -119 -11 -217 -150 -133 208 -81 5 70 120 126 178 -87 -44 -97 -137 -181 114 -131 46 241 135 -20 32 91 225 54 195 182 10 238 -47 -223 183 142 29 27 110 56 149 214 177 -208 167 -56 -84 101 125 2 -116 -82 -101 -165 155 -155 122 -189 248 61 -203 49 109 -9 -147 219 -118 161 -12 166 42 -83 50 -222 -122 -239 104 86 -164 -15 -241 82 215 175 -144 16 -177 11 133 -28 -94 193 -54 -65 102 -141 -195 -22 -2 -13 -244 132 157 6 246 76 -61 189 -213 74 -128 -246 -41 192 -32 172 180 -74 204 188 -160 58 163 -154 28 -149 153 63 -145 -69 60 226 -66 -23 -151 124 -89 -62 242 45 118 127 228 162 24 136 -113 -1 173 236 217 -207 234 96 -153 -27 165 199 -174 55 -73 239 39 -134 144 212 90 -57 -192 -242 85 207 249 51 -163 245 112 184 -7 224 59 148 151 -196 57 -190 -46 -126 -71 -228 143 -243 -123 -204 145 -30 -85 48 -59 -36 -175 -80 -75 222 164 -225 8 233 232 7 134 -211 15 140 99 1 -35 31 95 235 -215 216 -130 203 -206 81 -218 -103 -210 -120 159 -16 121 -111 35 -79 9 -43 -152 -121 -158 -146 -93 67 -169 -248 -200 41 23 72 66 -142 138 -91 -55 -240 -67 83 111 -99 146 14 -37 -178 -72 -114 -135 187 -4 160 62 -26 -156 -184 -229 237 -112 -235 179 113 -162 0 169 247 -51 117 -183 40 36 -226 227 -77 213 107 -238 -98 -78 -125 -100 -95 -143 150 185 -236 52 77 -227 -247 243 -6 -187 -234 218 -179 -124 -21 -45 34 186 231 116 -233 119 -132 -231 71 -180 22 -199 130 205 -172 19 -29 -249 21 -49 -52 -105 -110 220 197 147 -70 210 -194 244 -148 154 -19 137 97 -205 -230 -138 206 -193 -25 73 209 68 156 -68 26 53 -245 100 -171 -39 -50 131 181 38 -201 198 223 201 79 158 103 -58 190 -159 -31 -237 25 240 -60 202 115 -219 -168 65 -10 -63 -17 194 93 -3 12 123 -109 30 -115 -170 -107 -34 37 -5 -106 -191 -129 106 -197 129 -33 -117 -24 33 -185 18 47 98 -182 64 176 -188 128 -140 229 -186 139 230 -108 221 -139 -102 -40 -161 92 84 80 -92 13 -166 44 141 196 -220 43 -214 4 -173 191 88 -48 -216 211 -38 87 89 69 174 -209 -86 17 
TEST 61 ARG:209 238 -214 90 12 -62 -244 123 172 43 49 -143 -76 165 249 53 158 -240 -232 -97 73 162 205 37 -128 109 3 110 -139 -154 124 -245 133 -51 97 -80 219 -93 -89 119 58 231 -117 233 -9 222 239 0 206 -171 38 195 173 -200 -234 96 -145 185 -166 -184 21 179 45 -149 -2 -155 157 111 -132 -163 155 47 -210 -222 -150 147 -45 208 6 5 -201 -42 9 -7 101 36 164 202 -146 95 -164 145 117 79 -179 57 236 68 -237 69 229 -20 -3 -25 -12 -165 -196 211 86 199 232 141 152 166 151 -1 169 31 93 160 -10 -144 -226 -185 26 149 -173 -216 65 -172 161 243 76 2 4 -83 34 -142 87 127 210 218 -147 128 177 -91 -236 -157 60 198 41 -107 103 -27 148 -55 -68 13 92 -189 212 80 189 11 -114 142 -190 217 -34 216 -177 20 137 1 144 -187 234 -213 -122 -52 72 235 -21 -66 32 -239 42 -46 -101 -186 -153 -96 192 -243 -116 -135 -65 -60 61 191 -137 156 167 204 66 18 -94 201 88 -22 180 186 116 51 -70 -99 140 -50 -119 35 -4 -40 -36 10 -102 24 121 -61 82 -217 70 -183 -44 223 227 220 -74 -152 -125 -28 -223 -84 224 242 -192 247 -218 -32 245 -156 -48 -106 50 -31 187 126 -202 -85 64 -160 -219 214 150 -175 -24 -130 -86 163 139 -176 108 -100 203 27 44 -87 -182 -26 -205 78 -250 -204 194 -18 -59 23 -8 115 104 -148 -105 106 -209 -14 -194 -158 153 -248 102 193 -151 138 99 174 19 -29 71 52 -230 -13 7 120 221 -225 -81 143 -168 -229 -103 59 55 -231 -203 -136 -249 83 67 190 98 188 -242 -17 74 8 -71 14 -170 -174 184 118 226 -118 122 91 -197 -140 -108 84 -126 22 -178 -112 129 -224 178 25 181 -75 94 33 -215 -16 -79 -227 17 -19 16 135 154 113 -233 -54 -162 -109 -104 196 -141 -207 -193 -92 -191 -56 114 237 -131 -110 207 182 175 107 -161 244 183 40 131 15 215 -88 -169 -49 -38 -159 -181 -69 -195 112 230 85 -221 -33 -6 -123 -113 -37 81 100 228 159 168 136 -53 -167 -111 -82 -188 -134 56 -208 -247 -5 -198 39 -238 29 125 -63 -246 240 -98 -121 75 -206 241 134 -212 132 -180 -90 -67 -95 -127 77 62 246 -199 -23 -129 -220 200 146 -73 54 197 -124 -47 30 -30 170 176 -241 -228 105 -64 -77 -39 -211 248 -120 48 -35 -15 -58 -57 130 -115 -78 -133 -235 -43 28 225 -72 46 -11 171 213 89 -138 63 -41 
TEST 62 ARG:172 102 165 184 -97 120 194 -212 -148 -161 185 -163 203 80 -235 -145 200 -146 138 96 -156 215 -68 -159 -5 -250 44 -211 4 -36 -164 17 106 -118 158 34 198 -28 -186 -224 88 51 141 50 -115 68 245 -233 123 58 -21 -105 -6 -243 -178 81 -24 186 228 40 -83 212 -29 21 -45 211 -65 164 -48 -221 37 145 -185 -123 -139 67 -199 161 -106 -89 98 -79 -170 -51 -214 -1 -193 197 -245 -231 -166 -202 -137 -111 247 90 115 177 209 -16 -80 -237 46 216 -61 10 -70 -149 76 -30 -144 38 -241 -207 56 -69 -219 24 -101 208 -136 33 210 -96 14 66 43 -38 182 35 -85 87 -244 99 73 -81 191 83 -215 -147 -86 225 -103 -249 -107 119 -187 -140 -133 220 -35 -180 222 207 -26 243 -60 71 -192 150 -109 -204 61 -91 163 -183 183 -134 230 213 167 5 234 -46 132 8 -42 170 219 -165 157 205 108 121 -191 -122 32 -132 129 -206 -151 94 204 -200 206 -2 79 -171 -141 -117 135 -76 -47 -11 -209 162 47 -8 137 237 -110 248 53 239 -239 84 3 -173 85 -37 -138 -213 235 92 -222 36 -93 86 60 -179 -162 -22 128 113 -158 48 -189 -197 155 -41 64 114 20 27 174 101 63 22 39 -23 107 153 133 -150 -143 -120 218 221 -57 54 190 142 238 -195 126 -27 28 188 25 -242 -248 -124 189 13 -129 229 -18 -55 15 -128 -34 127 -73 -63 -246 140 224 -98 26 160 233 -234 -196 -77 -53 2 29 11 -13 100 -50 -225 -4 -99 -119 122 77 30 -155 244 -102 19 -14 -126 -168 23 173 -74 -210 -218 89 193 -236 156 -112 57 -25 -176 -71 236 -15 -12 149 175 144 116 246 16 18 -7 -194 -84 -58 -229 179 166 -88 -94 -56 -228 -208 31 -217 75 195 -95 249 82 -240 -127 49 105 -33 -87 -130 -19 -142 -167 0 6 -82 242 -31 -152 41 240 -32 -44 -184 139 -153 148 -54 -72 -9 -78 42 -75 112 125 52 196 -90 146 12 231 -49 -198 -135 95 136 151 -17 -157 1 124 69 159 97 199 178 62 -3 192 223 -169 -125 232 -113 217 180 -154 -172 -188 -52 168 93 117 74 -174 -43 152 181 109 72 187 -108 -20 130 -232 -160 -201 78 -66 147 110 241 201 134 -226 -223 -247 -67 -100 -40 70 91 -190 -230 9 -62 -116 -59 226 214 59 -64 154 -182 171 -39 -205 227 111 103 131 -220 -177 -238 65 -175 -121 169 -10 -114 118 202 104 -227 -92 -104 -216 -181 -131 45 143 -203 55 176 7 
TEST 63 ARG:-68 54 79 -193 -154 -187 -88 109 47 -23 -190 73 98 167 -30 176 184 -219 -97 -22 183 37 -238 -151 -183 67 -27 -200 -147 1 26 229 -194 131 129 -161 -16 -31 -115 -210 -164 44 -34 -65 -103 24 -121 122 121 -177 -73 -59 -2 -128 240 -250 -132 111 20 188 138 -62 -63 212 171 -102 182 194 55 160 -157 146 147 19 -99 7 -87 175 -94 215 -213 -221 225 -32 61 -229 29 -217 -153 -170 50 64 42 75 -136 115 117 -12 246 187 10 41 -13 137 -72 39 -21 -39 -75 -143 -8 40 123 133 108 14 86 231 211 82 116 189 72 -207 23 28 45 25 -197 51 174 -214 -225 -14 -78 31 143 -79 38 198 -112 17 63 -11 -185 -82 180 -235 -248 191 144 35 -58 158 -146 -100 77 208 66 49 -57 -104 -24 140 193 -191 94 -231 -116 -29 177 -168 -108 15 136 16 236 -118 -125 226 80 -232 -126 12 -101 92 -226 -222 -110 120 -175 -216 227 85 -243 206 -66 -242 -43 192 -40 -236 53 168 247 48 235 -188 -120 6 214 -158 4 -249 238 -159 217 130 -211 -155 -139 142 223 -20 99 -70 11 145 148 248 -124 32 -81 -209 88 -140 172 -69 -239 -76 -28 -233 245 -48 -95 149 62 166 -61 -230 -53 -247 105 -71 -35 164 132 84 112 153 -162 -205 -148 -174 244 -74 104 2 -198 -189 -114 249 0 -44 220 -47 -37 216 -246 95 -86 -215 5 74 -234 69 103 100 -113 234 101 197 219 -195 213 -127 -160 -117 224 22 -25 -56 228 -192 156 155 -173 -137 96 141 -96 3 165 -3 201 113 -180 -77 70 -152 190 118 -218 110 200 186 8 243 199 -85 -91 89 -237 -204 185 -55 -178 -67 -142 -51 -181 -83 -64 18 33 -220 237 128 78 -144 -186 170 -9 -38 87 91 -54 135 97 -176 221 21 -33 -106 -201 -45 -80 60 -163 -223 -50 -135 179 -145 -92 -89 125 -196 -123 241 -98 -199 204 126 202 232 81 -156 -42 230 -17 -5 -141 -206 173 -109 106 152 169 58 -134 157 56 -84 -119 -6 13 127 102 -4 -179 71 27 154 -172 -149 222 210 239 -36 -212 195 76 -7 203 -1 -52 -130 -49 68 233 159 -208 119 -129 46 163 139 -122 -184 30 162 -182 -133 -203 65 -18 -244 134 114 -19 -10 181 207 -111 -166 57 151 -241 -41 -46 161 -245 -138 43 218 205 -171 242 150 -165 59 -169 52 178 -150 -15 -228 90 209 196 107 -107 93 34 -202 -90 9 36 -105 -167 -227 83 -131 -60 -93 -224 124 -240 -26 
TEST 64 ARG:-172 11 243 21 58 -35 63 -129 126 160 -1 174 -36 206 37 -98 -155 -10 -207 -94 55 88 8 -205 -37 129 -152 -91 -188 183 33 226 -77 78 115 242 -166 -147 -6 -41 -109 -79 -121 244 135 -232 177 -71 -246 121 -105 4 -175 153 18 145 221 76 -170 -42 0 24 -139 -4 -92 -249 -189 -211 -149 -108 -51 -12 43 -133 139 234 -81 -55 133 167 39 -20 -148 123 -63 134 -15 -125 -106 -25 245 141 69 164 -181 193 -83 -13 -142 -85 83 -112 -31 17 -130 229 52 205 176 -62 51 34 -225 188 95 -194 -216 197 -150 -138 -184 14 -76 103 54 -186 169 -197 172 -59 -144 -169 207 -220 -245 -185 -183 237 92 -157 227 102 -237 -132 35 248 192 211 -120 94 -214 158 -90 109 -235 46 79 59 -123 171 220 198 -5 44 140 84 73 -17 -103 125 225 -7 -111 -23 233 149 -97 -190 6 185 131 -164 -240 215 -102 -56 -8 -191 -27 -88 90 -177 97 -203 -174 -165 -19 111 124 101 163 57 -162 -159 -78 -223 165 -113 -248 49 81 -179 118 47 246 -250 214 189 -86 146 29 -178 -45 175 239 -75 143 61 -228 45 28 -210 12 -119 -161 -52 -208 -213 -54 -200 -14 130 155 -73 202 -209 -196 -100 223 -87 -47 -26 -215 138 162 50 -69 9 195 60 -58 -16 -218 -18 -50 20 -128 152 -137 -38 67 1 -65 179 -146 191 -124 -39 116 16 -154 68 75 -60 210 -231 -64 -163 151 2 147 -29 80 -80 64 184 194 -234 -134 -242 -195 -117 -173 144 -136 82 -32 106 100 98 186 -84 26 -244 7 187 -48 132 -224 32 -247 -2 -153 30 -107 127 -167 13 -217 -24 231 -30 178 117 -221 -104 150 -115 122 -126 93 217 -204 222 -158 -49 230 203 -127 -182 -66 219 -151 -101 199 128 213 -99 -11 110 -201 168 -40 228 218 -180 208 -243 240 137 209 190 120 -176 -145 113 119 96 23 -96 27 -192 38 -160 89 -61 77 157 56 -44 74 -222 216 -68 236 166 48 -114 -34 -3 -202 -156 -93 -198 108 65 156 42 -135 -141 -241 36 114 148 -219 25 170 99 235 -239 -226 -199 3 -72 -22 -122 232 -21 200 86 105 -238 -131 201 212 72 -57 -140 -33 -116 22 -70 19 159 -43 249 15 161 142 -67 112 -110 -233 -53 66 180 53 -212 10 31 204 -74 136 40 -229 62 71 -118 -89 91 182 -28 -171 -193 -95 -46 70 181 87 -187 -227 85 -82 196 -206 238 107 104 -168 241 224 5 173 154 41 -236 -230 -9 -143 247 
TEST 65 ARG:-175 107 -33 135 119 -196 139 -244 7 80 2 207 -36 193 -97 -121 -80 106 -236 -202 -69 14 -166 -114 197 -62 204 -223 77 81 -133 -222 -213 -135 40 -83 -207 160 28 -25 -129 87 -174 95 -186 71 -102 -28 101 -201 -116 -191 156 97 155 33 -44 210 -225 -111 -107 -220 -165 -17 48 17 -190 66 72 56 245 18 82 -180 118 -130 30 -185 -210 -53 -156 -168 -212 11 -193 205 247 202 240 -211 46 115 16 83 -50 -106 25 -143 -181 -79 -153 -9 121 -8 -163 246 -162 13 165 -216 -3 86 227 -34 -155 125 127 129 188 42 126 35 -142 -96 -56 -78 158 103 -230 -45 141 -160 146 89 201 -209 -231 130 -126 23 194 -57 -157 10 230 22 200 -243 -115 38 -87 -235 161 172 -38 133 116 -245 47 44 64 -250 92 132 108 -82 -233 244 94 212 117 63 -241 206 -205 -127 -61 181 186 124 -242 -49 -117 45 -81 88 -20 -86 -172 198 170 -149 180 143 -197 -48 -150 8 -194 67 -177 113 98 -6 -47 224 51 -113 190 -123 36 120 -110 -173 157 174 -146 -120 -171 100 20 -170 4 234 -136 140 -132 222 -43 -31 90 -30 -39 112 136 57 123 134 69 -1 -52 176 -214 93 -226 -219 185 -161 -118 -54 152 -189 -167 -237 -204 -147 -16 58 -13 232 218 -128 0 65 29 60 233 -203 151 110 -91 166 -228 -98 -238 -101 238 -138 -232 221 -21 5 171 226 -208 162 -198 114 -119 179 -140 231 184 -90 -240 70 -32 169 249 191 102 182 175 131 43 -234 -77 145 6 -74 -122 154 -125 -104 149 -144 122 34 -112 -199 78 3 237 216 -70 -195 -137 49 -176 -108 -221 99 26 -68 248 153 79 147 -139 -65 -192 -26 -247 -200 192 105 21 243 164 -15 -14 75 24 -105 -10 -84 -22 109 -71 -179 39 -183 -73 52 -151 229 -46 203 68 163 177 -215 144 -23 -55 -67 -169 -89 242 -248 -59 -109 -5 -184 241 -35 -40 137 142 -18 -217 225 -131 213 -24 41 -239 85 37 -72 -7 236 -12 220 148 189 -41 -164 128 187 199 150 167 -152 138 -29 -88 27 61 196 -218 173 62 219 209 -145 -92 32 217 31 96 -19 53 104 -188 -11 76 -51 -148 9 -100 159 73 -58 91 -158 -124 -93 -246 55 1 215 -2 -178 84 -159 -99 -4 214 -229 -141 -227 -206 183 -76 -37 -60 -63 223 228 -249 15 -154 239 -42 74 -27 211 -64 -103 59 111 -182 -187 -66 208 -224 50 235 -134 195 -85 12 168 -75 54 -95 19 -94 178 
TEST 66 ARG:220 191 198 -148 199 -110 -211 23 74 46 249 65 -155 -126 39 -70 6 109 69 -8 76 13 125 100 62 -116 -210 -104 -202 -40 18 47 187 218 -75 224 -242 -164 -189 -142 24 200 -243 194 2 -222 247 9 -44 -17 -97 -5 143 59 227 4 149 -219 -53 87 -72 172 -234 78 96 50 -33 -93 85 -10 -62 244 202 63 -125 -144 -233 -238 -136 153 -25 -229 229 -35 -201 189 176 -216 -61 -45 211 51 221 -29 165 -98 162 -244 133 -231 -58 -206 -99 131 -128 30 -15 -31 108 15 -66 -43 32 -152 -85 -81 95 161 90 77 -117 129 -9 116 175 -76 -113 -13 113 -227 38 -102 160 44 105 -194 -84 207 -21 169 -101 -132 -247 -145 -156 -38 -26 81 151 -190 -162 93 28 10 205 203 -4 66 -20 148 -147 184 -250 192 -245 163 -214 150 216 86 110 147 -215 91 0 209 -187 17 14 -174 -77 -55 -137 -28 -48 231 168 -149 152 174 82 137 -170 -153 31 -111 122 3 -173 -41 45 -100 -176 -7 -165 -94 -107 -241 -82 73 -54 72 -184 -108 -3 155 193 64 -19 232 173 132 -172 118 -237 60 -89 -74 230 157 -195 99 -161 21 75 -207 181 -129 -198 -221 -205 -112 12 52 -83 33 136 -51 27 146 102 -228 -14 121 145 -168 -71 -36 141 -119 36 -22 70 34 222 -57 -208 -223 7 126 223 43 -169 -218 8 20 115 -16 -167 -49 242 1 -78 -248 -220 -224 -134 166 -30 80 -91 234 241 197 -109 140 182 -154 -171 128 -135 -151 -199 -50 -18 -203 245 -186 164 40 215 -159 114 -196 130 201 -2 104 144 185 57 237 -141 49 -138 -37 -235 -87 -65 -103 94 58 5 214 79 -56 123 -11 -39 -67 235 120 -131 -179 29 159 117 154 -114 119 54 -27 -60 190 106 92 103 213 56 -32 -191 -122 178 -163 -6 107 -197 -175 83 16 -232 138 238 135 -124 196 127 226 167 68 -139 53 -143 -246 -204 -200 248 -183 239 -130 -59 -80 -166 22 183 98 -240 89 180 37 -118 -105 -140 -146 212 156 -236 -213 19 246 -181 -158 -123 35 240 -23 101 -192 -188 112 -239 217 124 -217 177 55 243 233 42 -177 -127 111 134 -178 -230 179 -86 67 -68 -73 186 -63 170 61 88 228 84 158 -90 188 219 11 -249 -133 -69 71 -115 -52 -120 -182 -64 48 -193 208 -92 225 -34 -95 139 -42 -226 -121 26 25 97 -47 -1 41 195 210 -150 142 -212 -24 -88 -209 236 -12 -180 171 -96 -46 206 -225 -106 -79 -160 -157 204 -185 
TEST 67 ARG:-40 79 -129 -193 -188 155 -134 66 -84 224 119 -42 133 -167 93 -150 -224 -208 47 -109 -185 -145 -110 -29 83 -244 54 55 95 -170 -223 -33 28 37 -8 -246 165 207 -65 -108 131 21 -82 146 -62 193 -162 38 -27 134 196 114 6 68 -159 103 -183 -247 31 203 -176 97 236 -85 49 136 121 -69 175 192 15 225 -235 -20 -102 129 220 118 88 209 230 -104 -98 142 -99 -231 246 157 77 -137 -206 -212 -91 152 243 91 158 -168 -86 59 232 -127 210 -70 -245 135 112 -230 -184 222 -248 173 3 52 241 -146 64 -122 -219 27 -48 -51 125 -194 174 -140 218 -160 176 -155 35 -182 113 160 242 108 -148 -60 80 100 144 -164 -77 -10 231 215 -209 -15 171 72 205 219 -242 -121 -2 197 249 33 -152 78 128 -28 -9 166 24 247 -94 69 -21 -198 -173 116 -149 4 143 211 -207 -87 235 213 0 -226 -131 107 -105 159 -116 23 -119 182 44 84 -233 -52 -163 50 -47 18 237 -25 90 -93 200 -14 109 45 -90 190 138 -186 -243 -125 162 13 111 117 -179 104 7 -126 57 156 -143 170 9 -217 -221 -195 153 63 233 169 -220 -215 -113 -43 -112 102 -76 -17 -63 -189 -232 -56 94 -234 -239 -107 -175 217 8 20 -88 -249 -55 -147 22 101 -153 -169 140 -204 81 17 -13 216 -81 137 46 226 -222 212 126 177 -218 58 -178 -78 244 75 41 185 245 -100 240 -192 82 202 -5 -79 163 85 2 86 239 25 -216 238 110 -128 -225 -1 -36 194 -73 -50 227 -61 234 70 183 147 -106 -22 179 -174 -199 -203 199 5 -166 -154 -229 -171 191 -177 -7 -30 -26 -120 -57 -200 76 -181 -236 -95 -196 -214 -237 40 -132 167 71 105 -117 -144 186 221 -180 161 181 -4 195 178 -130 34 201 -103 204 -97 30 214 -227 -165 127 168 -6 -38 11 -54 -197 -32 -75 62 -157 132 73 -238 -89 148 -18 -3 -12 -141 -136 123 -240 -67 -80 -156 149 -34 -158 189 1 -71 141 -11 151 145 99 184 -142 -37 -59 172 -41 -187 -58 48 87 164 -213 198 -123 61 188 -45 56 -31 -74 26 -114 -190 -53 -139 29 -49 51 -151 -35 16 32 60 206 124 36 154 39 -101 -124 -118 10 223 180 -68 98 -211 -115 -44 -111 -64 -23 130 -66 122 120 -92 -46 139 187 67 89 -39 43 115 150 -205 42 -72 229 -133 -210 -228 -16 92 14 53 19 -241 -19 -83 248 -96 -138 -250 12 74 -24 106 -161 -201 -135 -202 96 228 -191 65 208 -172 
TEST 68 ARG:186 -126 124 244 132 -218 172 52 108 128 125 228 60 88 -168 -48 -167 118 -210 227 226 -191 -95 -196 61 -49 43 -64 138 -97 148 -146 243 -211 -39 23 -36 145 153 -54 -62 -161 21 162 129 18 1 85 -240 -72 -103 -205 183 -112 134 246 225 -159 38 -11 230 220 -202 -37 26 7 -139 11 41 50 42 237 -175 -154 -30 161 82 -80 -148 -232 -128 8 -177 -222 -145 179 136 9 -84 154 -195 -156 -207 86 -201 -81 -214 180 181 150 -117 -17 72 91 -215 -216 -42 58 -5 -234 208 32 89 -56 81 -203 -33 189 -16 -132 -165 -86 80 -198 -226 68 -87 -208 12 30 -123 -106 -66 -162 -23 169 94 47 234 205 -121 -114 182 5 174 95 -188 170 214 147 24 -115 -151 217 -83 -138 -163 -217 198 142 -125 -158 -172 155 135 -249 119 112 -35 248 -22 -144 -13 141 166 2 178 -68 -19 63 114 -133 51 -31 -225 64 99 177 57 -91 238 -51 -142 -169 -27 -6 48 27 22 -59 -166 34 -104 -99 -41 -250 -204 -220 100 127 188 -26 -111 -107 -8 139 -187 10 62 -24 -247 -7 209 71 176 213 98 126 207 45 -12 39 35 92 106 14 -63 206 -25 -73 -40 15 -192 -29 187 242 193 130 185 -219 -58 113 -10 -183 -149 -118 239 157 131 -102 116 -45 31 90 -141 115 164 212 -190 -179 245 -55 13 -100 -157 222 163 78 211 -135 -237 103 -241 -124 104 19 -69 167 149 232 -120 -116 44 -61 144 194 49 -136 -28 -178 190 -152 -131 -171 -180 -153 3 -96 -44 146 53 120 201 247 152 202 -244 -164 121 231 -230 175 -109 -94 67 -193 158 -15 -245 74 -243 151 160 -221 -147 -113 -71 33 105 -67 -140 -212 -239 241 65 16 -52 111 -50 216 -46 -229 -236 -182 -186 -176 -173 200 -60 93 -233 -231 -21 6 -47 210 224 -82 37 -174 70 -110 4 -122 -75 192 -65 204 229 40 -76 -74 123 -197 -143 83 156 218 25 -38 -238 -4 223 -89 36 -137 240 195 59 159 -150 -2 -77 46 -246 -242 171 173 140 -223 184 196 -9 102 -101 233 79 -224 -227 66 0 236 -134 191 76 -1 197 -32 -200 -194 165 -53 143 -181 221 215 -129 -18 -228 249 -85 55 -185 -235 -170 -14 -98 -88 -79 77 133 109 -213 -57 87 97 -119 199 219 75 203 -90 -209 -199 -43 117 84 -130 56 54 -248 29 235 73 110 -206 122 168 28 -189 69 -92 20 -127 107 -105 -184 -160 101 17 -93 -20 -3 -34 -155 -108 -70 137 -78 96 
TEST 69 ARG:-106 -164 -221 12 217 -196 121 -107 -9 -118 249 -129 244 190 233 166 106 -218 -63 -207 149 39 205 17 -130 59 -124 147 5 35 92 239 -141 135 -34 -48 203 -133 58 -140 172 68 200 52 -149 219 -234 71 -112 -173 -222 213 -181 -96 223 -220 -236 -74 -183 38 -55 110 -246 112 -120 -44 -126 -121 228 -4 -235 197 -110 -161 -137 -111 48 -2 45 -16 -225 36 -122 78 81 46 23 -163 31 79 153 -116 -176 198 -245 151 -75 -77 137 227 50 126 94 -30 -99 37 152 171 -49 90 -85 -188 -152 242 -21 -46 -108 236 100 -247 -167 154 -61 -39 -166 -226 104 122 101 0 88 67 91 -103 -86 99 128 194 246 115 -36 63 -1 136 -205 120 13 133 -35 -38 60 -20 -142 167 -150 103 19 15 -250 -22 -33 156 -91 82 -197 -31 214 -58 -249 -10 211 -115 26 195 41 11 -238 -138 -60 -82 -72 -53 -195 -228 -23 -206 165 57 -203 238 -160 222 215 111 178 -223 -113 -25 -18 188 247 7 218 189 105 -100 54 -15 -119 -17 44 243 -244 229 -201 -159 -42 -3 28 237 235 116 -27 -8 -233 192 -54 -45 161 207 175 42 -198 169 -194 -87 208 4 -177 -248 -193 204 109 -109 -101 -40 206 -56 -216 184 143 -11 73 226 -41 -105 70 53 139 138 -88 212 2 -132 199 14 125 174 -241 118 245 202 -123 177 64 -190 113 -136 -184 -212 -73 9 -189 123 -156 146 86 -29 -227 -24 -104 -84 201 230 -26 -239 55 119 -175 -147 49 -6 193 -217 -51 -66 -135 -170 34 47 -139 -65 -19 -210 -94 160 185 56 22 -59 -28 -171 84 95 51 224 -146 -199 -7 89 -242 -185 -151 80 -192 -5 144 183 -95 -230 -52 6 -78 -168 140 -12 -47 16 -13 155 -90 21 114 163 97 -169 -224 72 210 -208 -144 87 -232 117 -229 40 162 -80 65 159 -143 -127 -102 124 -178 -214 158 148 -69 -117 -92 170 -172 96 -240 186 241 -162 74 -71 -213 131 27 -209 -182 209 83 221 43 -165 -93 179 -153 191 -200 -231 -50 85 98 10 -215 -187 -134 3 225 18 -62 -131 141 234 196 -158 -145 -64 181 61 -179 1 240 -81 -37 -202 -89 32 -128 -154 102 -68 232 -186 -174 -125 168 220 -83 -191 66 -237 231 142 -204 -43 -70 248 76 -157 157 24 134 20 164 -180 75 176 -76 -14 -114 173 -219 77 180 -148 -97 30 29 187 127 62 69 -57 93 216 25 -98 108 -211 -67 -79 132 33 145 -243 8 129 130 182 107 -32 -155 150 
TEST 70 ARG:-29 20 29 -152 -92 -106 -173 224 -211 -171 79 179 -101 207 -121 108 -103 -182 -242 -220 -248 42 -214 -151 -4 110 -48 230 69 -155 16 -131 -108 71 117 127 152 -18 -100 -230 150 -210 43 -125 -226 -158 -163 4 -183 54 -68 22 -112 164 200 34 -13 -166 -99 -144 -104 166 37 -205 19 175 190 155 -93 -54 149 41 248 -203 -56 210 -146 -53 21 -149 73 206 -84 -78 -124 36 136 246 24 168 -154 25 95 220 192 187 148 -222 -6 142 -153 3 -181 -234 132 102 189 130 90 -212 -170 -145 14 -80 94 137 -243 135 249 98 196 -50 -97 -197 115 -86 -194 -102 105 -72 -180 215 -239 198 -187 243 31 -85 1 -204 -74 -228 81 -20 -200 57 -52 156 205 112 2 -64 -1 -184 -233 85 172 240 -143 -87 128 5 122 64 -60 -219 58 87 -16 -140 -51 35 -36 -42 -117 -70 -208 242 129 -196 222 -237 -245 201 -10 -46 -81 204 -130 -119 27 160 147 167 197 51 -39 59 7 -62 -232 109 -195 -236 50 -161 -156 -7 97 11 157 245 63 231 214 -209 39 -185 -26 -172 228 176 -37 225 -177 -34 213 88 56 48 72 -186 119 227 124 -201 -115 -69 -28 -132 -206 133 62 -136 -83 202 53 221 178 180 -71 -150 114 184 0 -229 55 229 -59 61 -135 194 236 101 9 52 -94 107 47 -198 32 -217 106 8 -223 -141 -137 103 140 -113 165 30 -238 -90 234 -109 232 -96 -167 -128 -225 -244 -21 -15 173 -235 -17 89 218 -215 -111 65 -129 -89 -66 -11 -118 -55 -40 -134 -5 -127 44 244 163 -65 -199 145 -30 -250 209 76 199 -31 -193 193 -114 146 162 170 68 -120 -32 -190 10 -247 77 144 -14 80 38 -77 -61 217 216 23 185 -147 -207 158 -110 -79 70 -192 -164 46 233 -41 15 -24 -189 159 239 154 238 -246 -49 -188 26 -107 28 131 18 203 183 86 104 -218 118 -157 182 -3 82 -231 -33 96 -191 78 191 174 -224 74 138 -241 134 151 247 -12 -9 -76 -202 123 75 125 208 -27 237 99 -179 100 161 -116 -142 -176 -216 188 -126 -95 143 211 -138 186 67 -221 -175 -98 235 -43 12 -168 -162 -133 84 91 -82 60 33 93 121 45 -88 -165 -25 -213 -47 -178 -58 -35 113 -160 212 -23 219 -159 -91 17 -73 169 -240 177 126 141 153 -139 171 -148 -174 -169 120 195 49 226 -38 -123 6 -19 40 -2 -44 116 -22 92 83 13 -75 111 223 -227 139 -63 181 -45 241 -249 -122 -57 -67 66 -105 -8 
TEST 71 ARG:223 126 56 14 -198 -68 197 41 -155 -222 24 -238 10 95 -49 63 28 -180 120 214 -51 -205 -159 135 59 190 -27 -116 241 116 -93 -189 112 89 -177 -75 191 -127 -131 33 4 119 -124 54 22 -19 -227 -230 -34 -143 157 167 229 -70 -193 213 -77 -22 186 -78 77 201 108 -228 123 -244 -181 -150 -24 57 222 -236 185 -196 169 -52 122 139 -233 -125 115 -202 174 -139 -58 -123 -200 -111 -100 148 233 -18 -231 206 -81 26 236 184 -87 -85 -15 -146 -171 188 72 -173 71 -79 130 -55 46 246 -242 -165 40 -114 16 -199 140 88 -108 93 -250 238 -57 216 90 32 -132 -218 -66 156 198 70 17 -48 -156 220 -142 -237 82 173 -84 -151 -12 35 -217 -209 210 -37 45 104 74 -188 -211 61 -197 -4 -91 34 -166 -98 -86 142 -39 153 -137 165 152 99 -136 -249 76 -117 226 -225 -47 -46 -107 79 -21 107 -20 121 -6 -118 -32 168 111 -99 -128 131 114 -247 239 141 154 73 -38 -185 -8 -182 242 -204 -186 177 -223 -239 23 230 231 42 204 -40 187 53 -134 113 -178 224 248 -219 -154 138 207 -106 101 180 64 218 -33 -122 -67 103 -31 166 44 160 -248 -88 200 -172 55 -235 -90 127 -17 19 176 78 -168 -5 38 -105 12 -103 18 -69 -184 221 171 228 -73 92 -101 -61 225 149 217 51 -112 65 -192 -11 80 -120 -169 -160 -10 244 -95 3 49 110 -30 -216 133 -113 243 -214 -224 39 -59 -161 -7 -208 194 -109 -148 96 -74 163 9 -43 -44 209 66 -191 29 -26 -163 151 124 -145 -23 -243 -212 237 161 -195 -152 25 37 211 43 48 -92 196 -119 -157 170 -245 98 -240 5 232 13 -82 -97 117 50 75 -65 84 227 -56 144 -60 94 -42 219 155 -9 86 21 31 -190 -83 -234 175 -35 -28 -2 172 -63 8 58 -36 147 -25 -144 -71 183 -215 -104 -140 179 102 81 -14 240 129 146 0 -115 60 -130 -138 15 106 6 2 27 -72 128 -220 -149 -213 215 249 145 -179 -141 199 -41 -121 -62 -126 85 150 -53 -45 134 -153 -133 -102 100 -207 -201 136 -96 -158 -76 132 -167 245 -64 -210 181 -226 -129 -80 -110 7 -162 -203 158 52 -89 -174 68 247 205 30 159 -164 -194 203 162 208 67 118 83 -13 192 1 -187 47 212 109 -50 -229 -94 20 -147 -135 -246 -232 -221 -16 -1 125 69 143 195 62 -3 202 -175 235 -206 164 -29 137 91 -183 105 -54 182 178 -170 189 193 -241 -176 97 87 11 234 36 
TEST 72 ARG:189 163 -188 -13 81 56 -178 -189 -123 103 15 170 30 -60 21 44 -219 -107 -5 179 -246 65 -225 -119 -161 -95 -202 55 -54 18 102 -8 69 -25 74 -92 169 -29 225 118 -99 147 -245 233 -100 23 -229 -158 -120 -7 136 -15 -6 -30 184 -236 50 -127 -179 132 -97 -57 -141 -241 -41 185 -59 110 -213 183 131 -83 -105 134 10 107 159 193 -71 40 226 249 121 -117 86 39 2 -192 53 -235 -98 235 228 -144 -162 -228 133 -174 -89 142 16 -132 137 162 -2 -88 -55 20 79 -160 -207 -136 108 72 -91 42 140 -216 -40 224 64 -43 -172 25 24 -34 144 68 248 -204 122 172 166 -247 -176 -242 -78 -156 115 -170 151 27 -86 -185 141 -212 174 -210 112 -38 -80 -131 31 13 231 198 218 -32 181 -157 146 -214 91 75 -84 -201 -62 5 199 -69 -137 -45 -67 -114 -238 222 87 41 -37 -209 114 205 -112 -96 -36 168 -154 -135 -26 22 223 37 -193 59 -14 99 153 -42 -149 227 -180 -65 113 -24 213 219 -175 230 -11 -183 -195 -90 217 7 4 143 -150 119 67 -243 241 -152 116 155 -28 148 -128 -126 -73 -77 -198 61 -206 29 154 -211 -58 -240 -142 161 200 49 97 3 70 -106 -3 -163 54 -148 83 -217 76 191 8 221 211 -124 150 -52 90 178 57 100 206 58 -79 240 -194 197 0 -68 -164 45 -165 128 -223 194 216 -237 -61 48 28 -205 6 173 -208 188 47 -9 152 -33 73 93 -72 95 182 195 124 -221 -23 229 -171 236 26 -147 117 34 -125 -233 101 180 78 -134 -231 247 -39 85 -168 167 -110 -64 165 -121 196 -159 246 120 36 109 -138 -63 -224 80 -222 156 207 -187 -130 60 -218 98 -19 96 88 -70 238 -184 -122 192 123 -129 145 92 -250 -104 -151 -17 220 -109 -46 94 62 -239 106 -155 -1 171 -196 -113 -115 203 -4 234 175 66 187 160 1 -203 190 139 -215 -31 -10 -186 -103 -200 177 209 -44 -197 -21 208 -93 -35 12 -76 -182 71 -66 158 130 -230 -49 -101 105 164 -227 14 244 204 -234 -140 -85 -116 -75 -169 52 -133 212 -56 -167 202 32 243 214 245 135 157 35 -47 149 239 111 -244 232 -173 -191 -51 215 51 33 -82 -220 186 -248 -87 -74 -111 242 -181 176 77 210 104 -81 -145 43 126 11 -146 138 -94 -177 -190 -22 89 38 -50 -199 201 -53 -18 -16 46 -20 -118 -249 127 82 -143 -12 9 17 -102 -139 129 -48 -153 237 -232 -27 84 19 -226 -166 125 63 -108 
TEST 73 ARG:192 -249 -192 -84 218 193 82 -128 -231 63 -120 202 30 86 -117 -238 -55 181 132 -184 -243 135 136 185 -244 -27 42 -107 -1 167 -127 234 203 229 -105 -151 65 -148 22 -101 -140 -15 -232 195 245 -41 79 21 3 -234 224 94 105 184 -155 248 97 10 -121 -42 -66 66 188 141 -142 31 -59 23 -191 166 147 -201 133 -163 24 -18 13 59 39 -222 -150 -7 -100 172 107 163 55 -58 -206 -21 70 -245 -85 25 -108 43 -123 -237 241 -106 -86 191 165 -239 112 -103 -138 -217 177 200 -54 32 -152 -37 -95 -227 244 -209 -60 222 -250 44 239 155 -119 -38 -161 183 -193 81 -109 83 118 -125 102 -202 -247 -126 -211 -220 -80 196 -129 -20 41 -214 225 -185 -136 58 169 -160 -64 106 238 -43 125 154 -194 119 182 -204 -36 223 -186 37 -10 -205 100 28 73 109 235 150 168 -233 -216 -93 -197 131 -133 204 -189 130 -70 -48 249 212 -149 217 84 62 -4 -132 -145 -79 123 -178 149 51 -147 60 151 -40 -78 144 -45 -33 -199 -190 -162 99 35 56 -67 -52 236 -34 171 68 113 219 -90 48 157 173 116 101 207 226 38 216 231 159 -91 -81 -157 153 146 -224 -110 -240 -12 34 -146 72 92 2 199 -188 -73 18 16 -11 180 61 158 214 91 -9 49 -139 29 14 -3 -229 -187 -26 -83 220 -242 -69 242 -22 246 46 230 -134 47 -61 111 33 -170 -111 -130 26 -235 -32 -156 40 80 90 -223 121 162 -74 -218 -180 -179 140 138 -87 232 69 175 -175 -176 -200 54 205 -172 110 145 -246 -181 -68 -165 143 -131 115 -169 122 -92 -210 -166 209 -236 98 201 179 -30 160 -76 -113 -19 -65 67 -173 -203 20 -6 -44 -25 -171 -31 -122 50 -104 93 -230 45 -13 -137 137 -57 187 -88 -71 5 126 27 19 64 -112 88 -124 161 -39 198 -144 -118 114 53 -135 215 -177 -23 -51 -114 -94 -168 127 74 190 186 -99 -75 206 -89 -153 15 211 76 104 -226 -115 -46 197 -49 120 -29 148 178 4 -47 -35 36 237 -2 243 164 108 -159 233 -143 -241 170 -98 210 -17 -14 -215 247 77 -196 -212 52 -208 -56 85 -228 89 8 78 134 129 75 -221 -96 11 -167 240 -50 228 87 -62 189 -82 117 57 -77 -16 7 0 -116 -72 -213 194 152 -63 -174 221 -102 -219 95 -154 -24 -8 142 103 12 1 -248 156 227 139 -195 -207 -97 -225 174 128 208 -28 -164 124 17 -53 213 -141 6 -182 -183 -198 -158 96 -5 71 176 9 
TEST 74 ARG:-50 181 -160 30 -118 87 67 165 126 234 18 -80 -139 -65 -99 -237 210 199 52 86 -186 4 -23 128 -90 29 136 191 -92 -149 -250 247 -150 -48 -175 -61 -5 35 -54 85 -84 222 -4 146 20 -39 1 195 -173 -133 -76 89 25 110 -127 -14 -201 -191 -3 -93 231 -114 -197 -119 -226 235 -245 -27 -213 -51 -125 -154 27 95 -49 16 96 82 -146 115 -70 41 -124 99 -143 134 223 5 201 -231 -224 -115 -9 147 38 -101 19 -122 66 -233 135 227 -82 121 88 -159 -211 156 173 105 200 -246 60 51 -202 -1 -179 49 -91 249 -44 -236 107 241 71 -220 69 -178 -193 177 15 -97 -37 174 63 -199 151 -232 -132 12 218 -96 39 -190 55 102 -69 24 238 72 -59 170 65 -87 28 -46 132 150 -26 17 104 47 22 164 -89 226 -221 97 -151 -188 -2 229 -243 -192 75 33 130 -162 84 61 166 109 74 -204 8 124 76 -207 137 194 -111 176 -167 -239 -145 -163 145 161 -169 228 131 -113 -106 -155 10 -140 245 -185 -214 -158 172 93 113 -112 -16 11 -228 -247 219 182 -137 225 98 -210 40 -209 23 -18 46 -244 83 202 205 -20 -222 -203 -218 56 -136 103 -103 -161 -45 -194 54 59 -104 148 64 -147 112 -21 171 -74 -79 -67 -229 -157 180 -129 186 78 -172 70 -249 -177 -24 114 -242 108 -81 -58 -141 -31 -17 43 -128 -182 -8 -120 32 125 154 -117 -165 -123 142 -77 94 211 0 239 -94 77 -131 81 -109 -83 188 -57 -28 -174 -130 192 138 42 -95 -34 183 189 -7 6 58 224 -217 196 -144 -86 -60 -219 -13 -78 159 31 -108 -63 -168 152 133 242 158 187 119 116 -32 -10 90 233 -248 143 7 185 -25 -42 106 -156 149 204 -227 237 44 179 -152 -164 120 207 -235 -126 129 -240 -105 163 -88 -55 45 -176 -12 169 -195 9 244 -64 -142 -212 2 50 212 -98 -35 243 -110 213 209 197 178 -205 -72 -181 215 -187 230 246 -241 -100 -40 57 240 -53 36 -66 157 37 168 140 62 -107 -166 236 141 -234 -102 -38 118 -171 -73 -36 -184 221 220 21 13 -6 117 -230 155 14 -183 -85 -19 68 232 -47 -200 -11 175 -135 -206 34 123 80 3 248 91 -215 -238 -196 92 190 -180 144 -22 153 79 -208 -43 100 193 167 -15 -223 111 -153 -52 208 214 -33 -116 206 198 101 -216 53 -138 -148 -134 162 127 217 -62 73 139 184 -56 26 -75 -30 48 -198 -68 -121 -225 122 203 160 -189 -71 -170 216 -29 -41 
TEST 75 ARG:-89 211 -23 67 195 72 -138 62 -46 -218 41 127 112 -7 86 75 -114 83 -143 -85 166 9 -187 -122 19 -25 161 249 91 241 25 138 -69 209 -181 -133 217 191 -110 -196 -193 33 -200 37 -158 118 -201 84 158 155 162 3 -77 220 69 -202 -165 -51 110 -13 221 247 59 -153 152 202 -14 89 -239 -66 15 100 -83 185 -203 240 -183 105 -142 -115 -111 148 -120 113 184 147 -48 28 -19 -230 8 -211 61 122 -56 92 212 -37 -225 -28 -60 -155 231 40 -139 98 139 -3 198 60 104 38 -101 115 -250 48 134 46 164 55 53 -135 -164 -4 -108 -217 68 132 -64 -100 -149 238 210 24 -244 64 -30 -219 -103 -245 -73 87 111 203 -81 18 -173 102 124 -42 -141 -172 -150 -208 -70 30 81 74 -36 -124 77 93 39 17 -24 -88 -75 -189 90 -119 -192 -179 76 -112 -215 237 -18 -126 146 -147 -29 -194 205 -154 123 222 179 234 -113 20 -8 190 -57 167 125 248 153 97 -152 -222 -134 57 187 -31 -104 -178 236 -161 -78 -243 -109 -121 176 13 213 -232 -39 136 -144 157 -220 150 -105 42 -241 -12 51 131 137 230 -76 -53 196 -228 244 -92 -240 -20 159 2 174 -207 165 117 219 35 -198 -59 -186 52 45 243 -209 -107 -159 94 -86 -195 -233 208 129 -55 -130 54 -237 -43 14 22 180 10 -140 -248 189 172 -210 107 -21 145 228 103 -45 -10 -50 -2 -35 -27 232 47 133 -182 -98 149 32 26 -214 -58 -33 204 -176 -74 -127 223 -185 235 -206 -82 -171 -246 -160 178 188 177 -52 43 -93 -61 -84 29 85 -62 -116 -174 4 194 -156 -49 207 128 56 -205 -47 175 -229 70 -16 226 182 -212 -102 -226 225 -151 6 -167 79 82 36 78 156 154 -72 126 109 -236 21 216 -128 171 -96 -63 245 -216 -5 -99 -184 -204 -1 -145 -80 -231 186 119 31 5 -242 -38 0 -79 -15 201 34 -136 -170 -95 88 140 1 44 -65 224 95 227 -180 120 173 229 -71 -106 -40 -97 -41 -118 -190 -125 151 215 -163 233 -44 -213 99 242 -131 -227 80 -175 200 -197 -148 -11 163 -68 181 143 -6 -247 -191 -54 170 -238 -22 -223 -132 -9 206 -117 160 -17 63 11 239 218 114 12 -177 -249 23 214 193 199 16 192 121 197 27 106 -235 183 135 169 -166 130 -123 101 -91 -129 -221 -137 142 -26 108 -168 7 144 96 168 58 -199 -32 73 141 -87 246 65 71 116 -169 -224 -67 -90 -234 50 49 -188 -162 -34 -157 -94 -146 66 
TEST 76 ARG:-88 -206 57 168 -64 -208 -139 72 -144 113 -163 140 -4 -102 0 -215 247 160 170 109 51 215 -72 171 -19 44 81 -143 -62 -164 137 190 69 -52 227 219 240 43 58 1 -221 -66 -224 -116 -171 246 4 84 181 238 -80 198 98 73 -209 -3 -84 60 -151 -127 -41 -22 -21 -82 -198 54 -111 205 -10 -126 -129 147 5 10 169 -250 163 214 -65 -42 -169 64 -191 202 118 188 -58 210 145 172 -240 -242 -122 185 -234 211 239 71 37 -47 56 -92 -108 34 46 -247 -55 74 212 180 -239 -99 -212 128 166 -35 -184 7 -172 -112 -98 165 47 -176 -16 -155 -153 148 102 -96 30 149 78 -89 221 -31 -79 -192 86 187 -132 249 244 -120 196 75 -177 -160 -238 -18 126 226 90 232 59 -43 -230 67 -165 -86 -228 111 133 220 -161 96 -162 14 103 -34 -147 195 3 94 -109 112 21 154 -138 116 -193 127 -113 -49 -32 -105 -245 106 124 32 130 -8 -136 -154 131 192 42 -60 153 15 193 -51 -130 151 -48 85 213 -26 -73 -216 66 -28 -121 61 -142 141 122 123 22 -203 -135 233 176 23 -170 76 -134 -13 132 194 70 -90 31 -11 143 -244 -235 -25 -180 -194 157 27 -12 -50 -214 -185 53 87 33 242 -76 -56 121 -70 -87 -246 65 93 182 -249 241 208 -103 -152 237 -114 243 -7 -36 223 -67 11 -29 -95 231 248 235 -188 95 229 80 173 174 -236 6 206 -93 -5 55 161 117 216 39 -27 17 68 -178 158 -17 -69 -71 -220 -131 -225 204 -148 18 -159 -150 -45 183 12 -24 -226 -85 49 224 101 -190 159 -137 -168 135 129 -38 -119 -167 -40 -179 167 -181 -104 19 -189 -59 142 110 -6 -156 -53 114 -78 -182 82 -133 138 -15 92 234 134 230 104 162 189 -9 -231 120 62 -2 -100 217 -30 36 -232 -107 -20 200 -125 -101 203 -68 178 -157 -23 -217 199 184 45 186 -237 89 -210 35 236 245 108 50 -202 -61 -46 125 -91 -81 -37 -211 -233 83 79 -44 -1 197 -219 201 -97 -197 139 -166 91 105 -201 -243 -106 -74 -140 97 207 63 179 -186 -124 -241 228 -118 -33 156 -227 24 -207 29 -195 107 26 -183 -54 25 100 175 9 164 -145 -218 40 -39 28 218 -57 146 119 77 8 -117 -174 155 -173 -213 -77 -196 152 -223 -128 -222 -94 136 52 13 150 -199 -14 -63 -146 225 99 -149 -175 -205 -158 38 -200 -229 222 -248 -123 20 48 -110 -141 16 -75 41 88 191 -115 -187 -204 -83 115 2 177 209 144 
TEST 77 ARG:-244 50 232 -56 -72 -22 -216 183 -113 147 -200 -45 -166 95 44 230 -246 114 31 132 -126 150 -223 118 137 171 -52 -224 128 -161 -210 192 2 -234 -34 202 -146 65 203 228 -159 224 148 110 -232 200 -105 -43 -71 -26 -1 129 -23 117 170 138 -206 -107 -12 -10 -163 -96 -3 -239 -104 184 -160 -110 64 0 27 -128 -29 -32 122 -145 -185 -86 -14 -187 -98 -2 -155 245 7 180 -13 152 58 -195 181 -95 81 -204 87 198 89 -78 -240 -249 85 51 33 225 -190 -173 -242 169 90 -168 115 -147 185 194 244 -175 -144 178 222 233 97 -152 -213 66 -58 139 104 -177 48 -93 -176 96 -25 -157 -44 -192 226 -199 -219 -94 234 193 -140 154 -248 -42 -201 111 -90 23 -164 -19 142 -67 173 -196 -133 -82 -228 -97 -172 -203 153 -122 54 -212 -79 -112 -208 197 -227 22 -48 -87 69 -38 80 -225 121 -153 172 -198 10 -17 -151 -181 209 -100 -165 161 196 -131 238 -150 6 55 -174 191 113 -57 -236 188 -36 -70 -16 -202 -31 -11 -250 248 -69 -18 -118 25 242 -68 1 84 18 210 -148 30 218 -125 175 164 -120 131 220 151 -47 -154 143 199 176 -64 47 -85 240 -33 213 -91 -51 126 -40 -101 124 -6 -178 249 -9 -114 -162 53 235 -102 -180 -4 -103 -123 -92 98 156 -221 100 136 -109 -53 141 236 229 174 125 -182 -211 -8 145 135 68 -214 -24 -21 12 19 -193 37 -139 46 -84 214 -46 -215 -218 -237 -124 106 61 231 -81 -220 237 28 177 -134 -7 79 133 91 239 -183 120 -116 -233 20 -238 -137 116 182 108 -99 190 -229 186 76 3 9 -80 201 99 212 38 -247 -194 70 -76 -230 -243 21 72 205 -39 -205 -136 243 -88 75 -143 -63 -169 -135 -191 163 82 -37 -119 -245 13 -115 -142 144 215 -55 32 -27 -74 -111 204 -60 -20 83 35 -186 134 -50 15 219 36 189 211 16 -129 17 8 52 -179 -106 179 -73 -158 -188 221 127 146 40 119 -132 63 107 43 -65 162 -149 41 208 -209 -226 -15 158 159 -231 -54 -89 -167 71 -62 165 123 5 11 101 92 -75 -66 4 -207 -156 102 -28 167 206 -108 88 94 -77 227 73 74 49 93 109 57 155 78 -127 24 103 56 39 216 -197 -41 45 -49 -170 -35 247 246 241 112 26 42 -141 -83 -121 60 160 223 86 67 -171 157 -189 207 217 140 105 149 166 -235 -30 77 168 -217 62 -117 59 -222 -138 -241 14 -59 195 -184 29 -61 130 187 -130 34 -5 
TEST 78 ARG:248 -178 -84 234 -17 35 -150 249 50 84 -60 177 -227 -212 -231 -185 189 123 -37 98 170 -114 235 -149 163 117 121 -248 237 16 -164 -49 42 239 77 -6 -162 -25 233 89 -155 -100 -108 -196 110 21 22 219 6 164 243 174 232 12 173 -67 -39 113 204 -89 -158 -176 78 -106 181 94 104 -2 -36 -77 140 -64 -102 202 179 -40 -143 125 -63 106 8 -241 -183 -22 -29 -232 223 -236 225 30 -235 -88 -66 161 -141 229 236 -8 -107 126 -205 206 -211 20 40 165 51 -219 244 157 -186 -83 -73 -1 -187 139 -138 -120 0 -125 -243 152 -18 60 -175 129 150 24 -244 -13 -199 -132 226 -242 -137 -20 65 71 -26 -190 145 73 171 -61 -86 33 141 59 -207 -223 187 1 38 37 -131 -47 48 227 -220 -115 -239 -41 -172 -216 -27 54 -95 -74 46 47 247 -194 -230 -184 39 -4 132 162 -119 218 95 -16 111 105 -105 31 -229 -30 14 172 3 -156 -75 136 -134 -3 -182 7 93 -159 -201 130 -139 -9 191 17 208 83 193 -179 -246 -160 -81 228 80 -31 155 197 -10 -195 -154 -152 74 192 87 -135 -173 108 149 107 182 -177 -193 103 -93 -121 9 -206 -123 133 -145 -153 -118 160 101 43 203 -48 216 -50 -53 -52 -169 -215 118 -222 178 -68 -12 212 217 -59 26 109 -78 -24 72 -170 -129 -202 70 -62 167 -163 -146 114 -99 -28 -58 142 221 100 -72 82 -180 -192 -35 45 -249 62 -87 4 198 -90 27 -203 166 -76 -110 -147 -57 13 57 -44 -213 220 124 41 11 61 66 -14 112 -128 -233 134 -79 58 -65 -112 -250 -208 116 -245 92 -109 -228 200 215 -171 168 76 44 -165 81 -122 -142 224 127 -166 -224 -210 -71 222 96 195 -247 -56 119 -92 -85 -7 23 184 188 18 241 175 147 -237 -140 -209 -111 -218 214 148 231 10 153 -157 131 -19 199 25 176 -33 -204 -38 99 -91 -97 56 146 156 -11 5 -101 2 -117 91 29 15 19 207 240 -127 -200 63 144 86 -181 -197 53 196 -21 201 -167 -104 -23 -80 -94 102 -70 -136 -133 -55 138 -45 -189 36 -234 -174 -214 -113 -161 -217 49 180 159 -225 183 -168 128 -34 64 -188 28 -238 186 -98 -15 158 -96 211 69 230 151 90 209 75 34 -116 -198 67 -130 -69 32 143 88 -5 238 55 -42 -32 120 210 -240 -144 -126 242 245 -226 137 169 85 -82 -51 -148 190 122 97 -191 -43 -151 246 205 194 -221 -46 -103 -124 115 -54 68 135 154 52 213 79 185 
TEST 79 ARG:-165 227 -111 221 -176 184 -110 165 -101 246 232 142 241 31 13 179 -187 -135 -112 135 85 -248 228 46 93 26 146 -43 -124 -96 -15 173 -40 -48 -68 220 -37 129 225 -44 -170 103 -79 212 64 106 22 39 53 -41 -11 182 -26 -59 -125 -192 -237 -209 -194 122 11 171 150 -132 9 -64 -141 89 101 29 61 185 -31 27 75 -219 42 107 153 -19 123 57 -22 181 -249 -102 145 65 -185 -42 17 -10 83 231 32 115 -229 54 141 0 -86 210 -116 176 110 -238 15 213 -217 -163 25 -114 -142 105 12 162 242 -155 -13 -204 -145 207 -190 183 -222 -122 160 -16 -140 -235 55 -246 24 111 -160 -195 -49 -60 204 -9 -74 1 -34 -100 47 -232 157 205 70 68 -123 -38 100 -172 51 137 98 49 -191 34 -175 180 -14 -181 50 -30 -103 -173 211 -83 -216 -198 -78 166 -77 -128 191 -139 36 -244 237 19 -18 196 216 -85 208 94 67 -91 -58 -218 28 -148 97 217 229 -25 -215 127 -107 44 -231 -56 -12 -33 35 20 -21 -183 -153 203 -233 -230 240 37 3 -206 214 144 96 -164 223 -65 -178 -67 116 143 -168 -133 10 -109 76 187 -221 188 -121 45 -70 -243 119 -82 -188 -75 -169 155 -55 177 206 130 233 -28 249 -45 -225 72 -227 95 131 190 148 -23 -89 81 -184 77 -240 201 -71 6 163 -69 238 -36 193 56 104 215 73 2 21 154 -117 197 172 62 -1 -162 132 121 -202 -137 234 -205 -211 239 118 -52 -7 134 -152 80 87 -167 -47 -5 -99 -134 -138 5 128 4 175 60 -73 -93 -90 -127 -98 -27 236 -115 -203 -150 244 -35 -57 120 -46 -66 -154 18 -72 -208 169 -108 235 -17 58 147 -88 -2 -95 66 84 79 -180 23 -32 -76 -166 -84 -151 -104 -92 194 74 109 168 -179 -144 -130 164 199 71 167 -20 218 86 -171 139 -207 -199 33 43 -118 192 -223 -193 -212 -226 174 -220 -239 -236 -149 -53 52 -29 170 152 -196 59 -6 -177 149 -106 -39 88 243 -3 159 248 209 114 -247 -189 91 14 -24 -214 -250 198 63 -182 -228 -97 -158 8 117 -50 99 38 -80 226 126 -54 -213 186 -4 136 -81 -186 78 102 219 41 245 -126 -129 -120 178 48 -241 90 -119 -51 69 -245 158 202 138 -87 133 7 200 -197 82 -159 92 247 -147 151 222 -157 -113 -234 -224 -105 189 156 -210 125 -136 -8 -131 -161 -174 -146 -94 -201 -200 -62 140 112 195 40 224 108 16 -61 -156 124 -63 -143 30 161 -242 113 230 
TEST 80 ARG:110 -210 107 37 223 211 66 15 93 -205 48 -190 98 59 137 82 71 242 200 21 47 134 155 249 128 97 -193 -169 171 246 77 -48 138 96 -38 29 -17 -232 -202 -231 -199 -203 172 -242 -92 141 17 -168 -5 -102 -36 -119 61 -228 45 -74 -157 -212 139 -141 191 -54 202 -233 51 -49 190 1 116 140 115 168 -248 -182 89 26 -121 -247 238 -66 241 -171 113 -177 108 135 40 0 65 206 -167 -208 -20 -216 -250 -201 182 233 148 -86 63 79 -148 -28 42 -229 5 4 207 60 201 38 127 70 -175 212 -100 -15 19 -90 -131 -41 161 -50 -240 -76 -7 -227 -143 -185 -81 147 136 -83 -35 157 -34 -144 -122 -14 72 -158 -237 50 -89 105 153 118 -104 -218 -225 -19 122 52 188 158 -85 -71 177 143 -215 -103 -114 -140 -59 -64 -11 -234 126 24 -78 162 219 -223 173 178 73 114 -96 129 -224 225 -69 -149 119 159 181 231 167 95 -52 164 -12 -156 7 -8 -139 -195 49 -187 64 239 101 -173 -150 -23 92 10 -60 117 150 -65 85 -130 -246 -128 80 187 130 215 -106 35 221 111 34 205 100 -3 216 -135 -161 184 16 166 199 -99 228 -180 -111 -226 144 -155 224 123 33 -40 -137 -10 -164 142 131 -73 -46 -241 -43 236 -207 -117 -194 87 62 20 244 146 86 76 3 67 183 84 -183 133 185 -189 194 -184 192 -112 174 -110 196 28 12 99 -72 112 217 68 -197 -21 193 -32 120 -186 -214 -93 -125 -162 -230 154 14 -147 -79 245 124 25 160 27 -6 -145 30 -136 243 227 -27 74 -124 -115 -58 -4 -45 -245 -25 -55 218 91 -219 -57 -209 203 198 32 -33 55 88 -134 -18 -9 222 78 -123 -244 11 104 -204 -47 235 -163 169 -170 240 -198 -39 -222 -94 -56 -53 41 -108 197 -154 -235 -146 -82 106 -138 204 -174 -238 2 189 53 -80 22 -181 18 132 39 13 -67 57 -13 -26 179 186 -206 -217 -160 69 43 8 -151 36 -126 151 -31 -63 -132 -172 195 -178 6 213 -101 75 -51 -1 165 237 248 -166 -77 149 -221 -243 230 232 180 -88 220 175 109 -211 -142 -191 -107 23 94 -29 -239 -129 -236 -97 -68 -105 145 46 -118 176 229 -200 -213 -120 234 -116 54 -176 -159 -62 -220 -95 -61 -22 -188 44 -133 210 103 209 214 31 163 83 -109 90 -87 -75 208 -192 226 156 -179 9 -91 125 -44 -153 -84 152 -42 58 -2 -30 -70 170 -16 -196 -165 -98 102 -127 56 -249 -24 -152 121 -37 81 -113 247 
TEST 81 ARG:74 28 -228 -245 35 -150 -92 -24 22 -61 199 -81 183 32 233 -30 241 55 -218 222 -163 248 -188 121 100 -48 68 72 -26 189 159 138 61 87 107 -184 208 12 -80 -77 -106 123 -117 -41 9 50 200 -242 38 49 -14 -229 230 -45 166 -176 41 16 -120 155 -4 10 173 -39 -33 -1 -10 245 14 223 177 -233 172 -44 249 -28 165 -37 -236 -134 45 180 -101 117 91 -223 -93 -148 -91 15 -234 -169 -16 -104 147 -96 193 212 -199 -168 -212 -12 209 -64 95 178 186 158 -227 -65 -225 190 -118 -151 157 60 -132 101 -205 -144 -95 -197 40 5 146 -6 92 135 108 96 -154 11 48 -182 175 66 234 -231 3 29 -75 142 -190 127 203 -160 140 246 -158 36 -36 220 94 -32 167 -15 -97 -79 -47 242 -179 -206 57 -9 -129 -128 -105 -82 8 -19 -29 39 -60 -109 236 -98 81 226 -201 -232 84 -207 67 -237 69 168 71 161 145 78 85 63 -22 120 -3 -204 181 -248 -131 -145 33 152 237 -239 53 113 -208 -222 -136 -55 126 235 -178 -220 -194 51 -46 -20 6 13 -216 -137 -186 202 122 -88 218 211 -90 -159 -166 -121 -189 144 52 238 171 -35 -54 130 -244 201 21 -89 133 132 -133 -71 -167 -198 24 137 99 -164 83 243 -196 -69 -221 64 143 7 -173 -72 -217 169 -240 -147 -209 -138 -83 27 -42 -153 -183 182 136 -224 -5 -192 192 154 34 106 215 -123 47 111 -181 184 -157 125 -62 -187 -66 -141 225 -52 156 -142 160 149 151 -235 -115 -74 -112 56 191 204 150 97 131 77 25 -238 196 224 -127 -226 -103 -40 -111 -152 90 134 176 59 141 76 -94 -146 44 -85 -43 -219 206 188 -11 -2 -171 -31 129 -180 112 -57 -34 139 -122 -241 -84 -70 46 -27 -25 110 -213 217 -193 227 179 -116 -124 26 -177 185 -38 247 42 80 213 -59 98 162 198 -100 -174 -113 -203 128 2 174 214 4 105 88 -139 -99 239 231 93 -23 1 163 -149 23 170 62 -191 58 119 86 -155 -250 19 -170 -73 73 -78 -249 118 -107 -86 89 -130 70 164 -162 219 -58 -200 -140 114 18 -195 37 43 229 187 -102 0 -161 82 -7 -56 104 -49 -51 -13 20 -76 -135 -108 103 -247 -53 216 116 -50 -21 54 -215 -87 79 210 -67 148 -110 -175 102 -156 232 -126 153 -165 30 -143 240 244 65 75 228 221 207 115 197 -63 -8 -243 -202 -18 -119 -68 195 31 -125 17 -172 -17 -214 -230 194 109 -114 -246 124 -185 205 -210 -211 
TEST 82 ARG:60 118 102 26 -34 -237 -221 -186 158 4 62 23 156 165 37 -152 -157 -117 -207 20 -214 -100 220 243 235 125 95 111 2 -206 80 212 86 48 -25 -21 17 -112 -150 -105 -145 -18 -232 204 -15 6 207 110 217 61 94 -71 -28 249 -119 189 -102 50 122 35 52 171 -118 -247 -241 216 -202 15 -193 109 131 -2 -68 -106 90 -80 177 22 101 218 -97 231 199 79 -246 233 -61 142 -154 29 157 205 53 -120 143 -138 -176 -123 185 -85 -249 84 45 -136 73 76 12 -11 130 44 -169 104 -58 -92 -111 59 -54 -10 -218 -183 -78 114 13 -83 -108 -162 56 -76 -37 -42 -20 93 11 64 159 38 191 -187 -124 197 223 187 -115 19 28 -231 89 55 -167 152 -38 238 178 -158 138 166 -7 -16 213 21 77 -50 41 115 -8 -201 -205 144 -116 -127 -19 -98 -39 -213 -143 -224 -87 198 184 119 123 -55 -170 147 -230 -125 229 -88 -227 -63 153 103 7 -17 88 163 74 137 136 -233 -32 -238 70 -82 10 140 -190 214 246 112 81 245 -5 107 -222 -219 148 -4 98 -191 1 46 -168 -45 -67 -135 39 -216 -189 190 -185 -96 -177 8 -51 -159 25 161 169 31 83 -62 99 -151 -31 240 -156 -172 -24 -236 33 -174 151 -129 -197 91 186 65 146 129 -59 75 -229 208 78 -75 -226 239 -204 -40 -36 193 117 135 154 155 9 120 -196 -179 176 -248 -141 -49 -139 63 -90 108 -104 162 230 24 -203 -160 -225 -245 -244 192 211 -234 -184 -148 -178 42 -13 -153 43 -41 -86 234 3 -52 68 228 126 -48 -93 -46 121 97 132 -22 -235 -212 195 -142 149 66 -163 -23 30 248 -210 -53 160 182 219 -35 244 40 57 58 47 -73 -211 -99 -9 -6 -199 106 -69 5 188 -208 -240 -95 -133 206 -91 69 85 -173 183 -128 -195 -175 -29 51 87 0 170 34 -217 49 200 145 128 -14 27 -47 -43 -192 139 -165 -134 -243 224 -130 105 -89 -131 209 -84 -114 -79 164 172 -223 -200 141 -171 173 133 -3 215 -182 72 -161 -164 14 -132 32 127 180 -94 194 100 -27 150 82 -103 -101 -166 -26 179 -109 -12 -122 -155 113 203 -56 -65 -1 196 116 -215 201 67 -121 -194 -74 181 222 174 -220 221 236 -147 -140 -137 232 242 -77 167 -70 241 96 36 -181 -64 -30 16 226 202 -81 -146 18 -180 -239 168 -198 227 -110 225 54 -113 -228 -60 -107 237 124 175 -250 -33 134 210 -44 -209 71 -188 92 247 -66 -57 -149 -126 -72 -242 -144 
TEST 83 ARG:154 139 -134 -97 -148 -198 -230 161 229 -117 -194 100 -78 -205 244 -179 -242 50 -220 -98 226 51 -201 0 -135 181 -143 17 87 70 -239 -118 -77 -227 195 -177 171 192 186 158 -213 163 23 -172 -39 224 77 216 -243 149 -79 174 68 89 -113 59 -141 136 -238 202 30 197 159 67 -144 -178 33 241 -54 236 245 -100 131 -63 -37 152 -168 43 -29 -4 -196 106 -161 3 -16 -48 238 -52 86 103 -249 239 -170 56 -28 -158 121 57 -3 -195 -162 128 223 188 -183 -166 -159 92 11 22 5 65 115 47 155 85 -66 -229 -244 -165 -40 66 27 -236 134 144 209 41 122 179 -123 -225 24 -19 -160 81 -8 64 -17 -83 98 -124 246 -12 84 204 -72 180 -21 -145 -218 166 -130 -81 53 125 227 -84 52 61 -204 -41 -30 -226 -38 78 151 -73 -58 114 -155 211 112 -150 -188 -149 14 -228 215 220 -197 -164 -53 124 247 189 -151 108 -62 -221 120 157 76 74 -59 -9 150 -116 145 -82 217 -99 7 -114 168 218 -214 63 -106 185 225 -128 -76 -127 -26 -199 6 -245 -174 -110 -20 -109 -129 -140 -211 -75 -42 36 -208 96 55 13 -86 -33 -215 -186 9 126 102 104 -34 72 60 110 -187 -156 -55 -32 164 -233 -23 232 -207 -50 73 79 -89 148 -90 170 -108 -18 203 82 -173 -94 -203 -237 -7 146 -120 212 -70 4 -22 -60 -92 -24 199 210 -2 -153 -10 -95 175 -182 91 230 -219 -216 -167 147 -122 10 184 25 29 -138 165 -217 -103 -61 -200 129 -31 190 -88 132 -36 35 -171 -125 -71 -115 -180 118 -222 119 -240 -163 -47 97 -176 71 -69 44 -210 -112 162 -104 237 -13 -51 221 48 -107 8 -209 -212 -96 187 -181 -224 143 -85 -5 80 243 69 32 31 235 -11 99 -87 -67 -6 19 -132 206 -15 -121 54 194 -147 117 -146 172 105 -234 -235 107 -232 -206 -80 177 40 83 39 -190 94 214 140 95 208 20 191 37 -68 16 -133 -250 -131 18 231 -49 109 248 -154 207 -248 2 113 101 178 -111 -43 222 234 138 -57 -119 62 169 -142 58 -169 -101 93 -223 42 88 160 233 198 -189 240 -137 -246 183 90 -93 -202 -91 -192 -27 201 176 -44 -56 142 156 -1 153 34 -184 45 173 193 -45 75 -102 -139 -241 -191 26 -157 -14 -152 12 -46 -231 -74 123 21 -64 -247 -136 -25 127 -193 116 46 -35 -65 -175 213 196 137 182 111 28 205 -126 38 -105 249 200 1 49 141 167 130 228 242 15 135 -185 219 133 
TEST 84 ARG:194 -25 -67 -69 -28 47 -11 239 173 -18 -99 199 -76 -143 156 -177 -110 -221 -151 101 -8 -109 -138 65 140 249 227 73 138 -197 -118 121 98 -75 -85 -74 -34 -15 -54 -203 182 -169 -242 85 -232 27 71 10 150 -97 -103 205 159 29 210 59 152 200 57 -131 164 -37 174 -172 -81 146 30 -84 -105 -210 -32 -193 -62 69 211 -230 132 -56 144 128 -238 46 -191 74 -229 -160 -146 8 92 -128 9 20 -194 14 103 81 84 -149 232 107 -231 -106 183 12 -213 -165 48 17 -119 -23 220 -60 -164 -7 -115 -30 -35 62 -57 -53 158 -192 -36 -135 21 68 208 -137 -147 -215 115 -90 1 -183 88 -209 -133 114 22 -134 -141 -80 -157 246 87 -116 34 -31 76 82 -73 238 -207 219 -93 -162 -111 -239 175 122 -218 104 -145 -61 237 -144 212 -26 214 -43 -189 -168 40 -233 -9 -178 -158 90 231 -206 161 -154 -112 -156 0 135 -187 207 72 -159 23 -198 224 -88 118 -20 28 221 19 55 217 78 26 35 187 -201 153 235 218 -205 24 -40 127 -89 -102 143 222 226 215 -65 198 -129 -228 204 151 -216 -17 206 -188 13 154 186 189 -200 -87 -86 108 -152 -173 -50 -124 -130 5 -199 136 -79 -96 -78 7 50 38 -77 -4 106 209 -104 -247 -47 -42 25 95 -222 -52 -248 223 202 236 -63 243 155 -123 61 -46 86 -170 162 196 141 -29 -237 -91 110 -204 191 33 -243 -217 36 -161 -136 111 -49 157 42 -132 -142 234 49 -140 56 -19 -236 -202 -180 -226 83 -148 242 96 -83 130 15 126 131 79 43 -174 -208 97 -108 113 -126 203 -21 -114 -22 -182 80 3 -117 -44 -190 -224 133 -179 -55 6 244 77 145 -139 -14 -51 170 -166 -41 -212 -241 102 120 193 -186 -195 -122 -33 184 -219 241 -211 -16 109 16 -153 195 165 116 -39 18 -95 -185 -71 169 119 100 51 -59 248 -113 -175 -150 -12 -245 129 -234 -167 -246 -38 -5 -45 -48 197 -98 63 -227 99 -2 -82 -225 -235 177 112 117 11 216 -171 66 -10 147 44 172 137 -94 39 4 168 -27 185 37 -66 -155 -13 -127 240 167 -176 201 142 -223 54 -240 -72 -107 94 -6 -3 160 149 -68 -120 229 64 -244 89 60 192 -101 67 32 181 -184 -181 41 93 134 -1 245 171 -100 176 -125 -163 163 125 166 52 75 105 -250 148 178 53 -92 -24 233 225 139 -214 45 70 213 31 190 2 -220 124 179 230 91 228 123 -58 -64 188 -196 180 247 58 -70 -249 -121 
TEST 85 ARG:-20 104 -114 66 136 116 234 -125 120 87 -49 -233 1 -176 -141 183 -66 -158 -105 -43 -202 150 -173 -126 170 -148 -118 54 191 48 117 139 -41 -84 -116 -208 -101 -178 24 7 124 -23 123 16 18 -76 -119 -232 222 -25 -12 -146 242 232 -5 -40 -179 162 159 147 -85 -155 -226 -212 -130 32 -19 73 199 -142 152 -24 -14 -46 -37 69 213 208 74 -122 -52 186 -9 -29 -98 -163 29 13 2 -70 46 -224 -71 -11 246 91 151 101 17 43 163 -54 -220 137 228 -248 -80 -221 -164 -187 -244 -16 -79 134 160 65 -13 -1 219 135 233 -62 190 122 112 148 -117 -42 218 165 80 -82 176 223 -180 -108 129 -113 95 -228 235 175 -171 145 -81 -4 -67 -91 -157 -86 -50 140 110 -201 33 -189 195 82 211 -103 157 -69 -192 -123 143 76 -207 -65 94 125 -243 214 210 -168 50 -247 59 -109 229 -238 -139 -135 -120 -94 249 118 -215 248 12 103 245 25 -147 179 -149 105 27 -225 -241 203 217 202 -87 -8 -2 -222 -214 236 -229 -190 -111 225 188 -30 35 -136 41 -17 154 -242 -249 -53 14 -10 5 -132 201 61 138 83 -33 -177 -213 -156 146 22 -169 113 26 -159 -131 128 -240 -138 -137 -210 243 107 36 161 -219 132 8 164 -48 -153 -28 -90 23 58 184 -58 -127 -96 -231 -174 -36 -183 30 -154 97 106 89 21 -32 239 167 127 200 71 -245 169 166 -143 20 68 205 193 197 -45 -95 -22 -64 -39 247 98 70 10 -128 121 119 40 -115 -191 85 90 -246 -188 -6 100 -211 204 56 6 81 -74 67 0 -230 88 84 226 141 -175 178 -27 -129 155 -170 -223 -167 -134 75 86 133 -38 224 -205 9 3 -51 -203 92 49 -104 221 131 244 45 96 198 -89 34 11 -195 -186 -47 -34 -216 207 -182 241 -107 130 55 -59 79 231 -121 216 -193 209 -160 -55 -75 -237 51 53 -152 -21 126 -77 189 -44 158 180 31 215 62 -204 168 102 -92 -3 230 -145 -26 -57 237 -206 -140 52 -73 220 240 -18 -83 212 -72 -61 172 194 57 227 -217 -97 47 -181 -15 -100 -63 206 192 108 4 -235 -144 187 -88 -209 238 -106 15 -68 37 64 -161 -185 -239 -110 -200 185 109 181 -124 -196 28 99 -218 -133 -165 -199 182 -102 -162 -151 39 144 -99 -150 -236 -172 42 -7 -56 -112 60 -35 -198 196 -234 -60 78 114 -166 93 77 142 -184 153 -197 -31 111 -93 19 -194 72 174 149 -227 173 177 171 115 -250 156 63 -78 44 38 
TEST 86 ARG:202 225 -180 11 -12 -105 173 -247 -4 -119 -63 169 221 -195 -108 57 -231 -203 195 -77 114 147 165 152 -71 33 163 102 186 107 43 -164 231 97 74 -32 -236 -141 -75 -135 119 28 -83 135 -210 180 4 -74 -206 -226 164 -85 -65 239 136 -21 -184 -202 203 29 8 160 130 -181 162 -152 58 -191 185 200 141 -244 103 -185 -19 127 -49 -86 -129 -10 -50 -110 177 -15 94 84 67 156 139 -67 206 194 10 -34 -246 98 -9 144 248 89 -46 -148 47 -147 240 -17 191 73 238 -172 -160 -116 -40 53 -173 -107 -240 -96 -217 -196 -163 -229 -37 235 81 117 -99 93 -186 70 -114 -26 -208 -22 -188 -60 -158 -212 -225 -90 190 -175 64 -156 -81 -133 148 121 168 -245 -61 45 -197 -233 -42 249 -48 -200 -138 -136 187 247 -221 -224 -7 36 56 85 -35 -143 220 -211 2 154 227 198 -232 -52 -179 83 210 -155 100 -36 181 -237 76 120 13 -182 211 95 54 237 245 -205 -69 105 -82 124 66 171 -92 -27 7 -95 -220 176 39 204 -109 -51 50 110 -199 -33 188 48 -132 46 -24 193 236 -201 230 63 132 113 31 -44 -20 -28 -215 -216 224 197 -250 1 205 22 -103 52 42 -118 -59 175 -241 -134 216 -213 -100 71 69 170 -214 34 134 72 -68 234 153 149 208 44 59 166 -166 14 3 -112 -153 -1 37 155 -157 215 -150 21 229 -94 -190 -165 -62 -238 -115 -222 30 212 125 -127 222 111 -144 90 -177 243 9 -14 116 -87 218 12 -30 62 19 -18 -120 68 -234 -174 16 -3 -139 -124 18 80 -55 -31 138 -207 -187 -98 -228 228 -56 -78 -64 -106 -72 179 -113 -122 150 172 -38 -176 51 209 -104 32 189 -11 137 15 -84 207 126 129 -204 -76 -8 -192 146 112 -169 -183 20 -167 -25 -159 183 -70 174 -66 226 -209 -230 5 -89 60 -178 65 151 79 -80 -137 -54 41 158 -142 -235 -227 91 161 -97 -16 -218 -131 213 -248 35 -171 -88 24 246 77 201 -126 49 -53 -242 178 75 -111 -162 232 -57 109 86 131 25 123 38 244 -29 -239 -91 -23 143 -130 128 78 -101 157 -223 101 17 233 -47 -128 96 -39 -146 108 -43 -198 -41 -5 -140 6 -13 115 88 27 -170 0 167 214 -79 142 219 -58 104 217 -125 118 -154 -219 -193 55 -161 -73 159 -194 106 -249 -2 99 -117 92 87 184 241 196 -149 140 -123 223 61 23 26 145 192 133 -145 242 40 -151 -168 -45 -102 182 199 -93 122 -6 -121 -189 82 -243 
TEST 87 ARG:-104 50 63 -44 58 -161 171 191 84 25 161 100 186 246 -68 -90 225 -75 -52 -167 115 -39 -169 -59 148 -121 -184 2 4 150 170 -115 -18 249 245 -14 -16 1 226 -83 -33 -192 -178 122 -237 -108 166 -96 -110 -27 123 -113 -125 44 -215 156 -93 -243 68 -248 49 140 -86 -55 -82 24 105 -131 134 133 121 -6 -171 -12 -172 247 -137 57 -241 85 5 77 -250 26 128 199 116 -64 -65 32 109 241 -29 207 221 -38 -57 19 51 88 -95 -214 -235 -84 80 -222 -58 153 -101 -5 -133 -170 92 18 106 -9 165 55 82 -198 46 -220 237 -156 -88 -236 -127 -164 64 103 -30 -138 -196 -63 -73 -179 -7 -191 -203 135 -181 224 243 -157 29 -154 54 209 -186 -159 7 -10 -238 96 -136 -89 -199 215 -183 205 -61 234 183 -45 176 -112 -3 -31 -11 -182 110 -135 79 73 125 155 -4 -132 -79 30 158 197 -130 -37 227 -77 124 239 94 -60 -53 86 -158 -23 145 -189 -244 -177 131 240 188 -143 -26 91 -48 -218 -205 -81 -117 -92 201 -49 95 -219 -120 -188 -224 99 149 -85 104 52 -160 107 -226 -148 203 38 -67 181 190 -193 -69 -76 16 159 12 139 -146 -72 53 -217 -47 119 157 28 -22 31 -56 -195 175 59 15 231 222 78 -150 -129 -232 11 163 -230 151 118 112 -175 76 -8 114 126 196 -24 152 8 33 22 -162 72 -201 -228 6 27 212 168 206 -208 173 -173 210 233 -174 -118 195 127 -2 -155 184 -13 -123 48 172 -145 189 -105 -46 23 -119 -190 -128 61 -227 -225 198 242 71 120 -151 -240 217 39 -163 213 -233 89 177 0 187 200 -153 235 -25 -54 -28 93 179 -21 214 -97 37 -17 -149 -36 43 -187 141 -211 167 -111 9 60 -62 42 154 66 236 130 -109 -197 -152 -71 -185 -168 -140 218 -207 164 -194 228 -223 -15 -100 -210 98 20 113 138 194 35 -209 185 56 -114 211 -42 -246 -216 117 230 -43 -99 -74 -206 -50 -202 -200 132 102 -166 -70 232 -35 244 -94 220 34 -107 -180 -134 147 -87 -102 204 223 -141 174 -20 219 97 83 182 -239 21 129 75 108 143 193 45 -41 208 36 142 111 62 -19 -66 -78 87 -247 -34 70 -51 -165 -80 65 74 40 136 248 -249 162 -212 -106 14 178 -242 -147 17 -40 67 144 10 137 -229 169 -116 -204 -142 -124 -32 13 -126 -231 229 -221 -245 3 192 146 -144 -213 202 -234 180 41 -139 -1 69 -176 238 -98 -122 216 -103 47 81 160 90 101 -91 
TEST 88 ARG:184 89 -234 200 58 67 -166 230 -22 -139 -102 224 -20 208 79 180 -19 56 43 166 187 106 -143 -110 229 243 -13 140 -174 -7 204 -104 -228 -77 146 -120 -29 -47 141 139 -235 -249 244 15 -93 66 109 -98 163 80 -182 -109 -106 64 -103 -12 74 -138 -91 -200 -246 -226 130 -64 -219 -243 -158 193 137 135 96 174 53 -82 241 -148 225 -66 -172 206 165 249 247 87 155 195 107 -79 26 216 73 104 157 44 -211 35 -6 -58 125 -121 -140 -116 -153 -144 -224 -214 1 -131 14 223 51 131 -62 213 -111 -207 -175 -112 158 -92 -70 -134 -193 3 215 36 240 76 -236 -162 185 -125 -117 -195 46 34 41 -86 136 -227 173 70 -240 -68 -42 -189 29 22 -97 -9 110 -142 30 -232 -61 154 -37 101 -94 235 19 -32 176 18 -212 -160 -170 100 167 219 -76 -16 -218 55 111 33 24 127 47 -36 0 60 177 237 214 -132 -242 175 207 -149 94 23 -21 -34 -108 -208 242 236 -231 -239 -180 196 122 123 -204 -105 -89 -54 -41 20 116 115 189 90 -196 -56 -74 -248 39 128 182 -113 113 -159 205 112 232 -206 149 170 -107 191 -81 -55 199 220 179 245 -221 -27 -1 -57 -185 -198 -245 211 -223 -118 -8 16 192 -217 -72 -154 37 164 -133 -135 239 212 88 -199 -69 -244 -83 63 -101 -203 62 172 -52 84 -188 -50 152 -17 161 17 159 -213 -33 -197 -181 -230 169 10 194 -238 42 121 77 -51 -96 -44 -73 -75 -114 246 233 99 186 197 28 -241 -31 5 156 -130 -165 -151 231 -157 68 49 21 102 120 -152 -220 -59 -225 -137 -183 -84 143 -201 162 -45 108 85 119 210 -184 -88 -100 -78 -38 150 -191 -155 238 227 -67 248 -173 201 11 -229 -177 -30 2 -87 -128 -150 -136 148 91 147 -48 82 181 -25 -26 118 151 -43 -247 -168 133 183 142 222 134 -163 -90 40 132 178 -171 -146 -28 171 138 86 -129 31 -126 52 -39 97 13 -169 -233 -80 -147 57 -124 168 -46 209 126 -40 -3 7 -215 -187 -71 69 -115 -161 81 226 -15 -122 61 75 -179 198 4 -99 98 -63 45 27 8 160 50 -53 202 -85 103 59 -178 -11 221 -5 -250 -210 -216 234 -14 -209 72 -194 -141 54 -205 -192 9 71 -222 93 -164 32 -167 83 -2 114 -18 -127 124 25 -176 217 12 129 144 -202 153 -123 -95 48 -10 -49 -23 105 -119 78 -35 -186 -237 -65 -156 190 -60 38 203 117 -145 218 -190 -4 188 92 95 -24 6 65 228 145 
TEST 89 ARG:30 -37 -125 131 -225 28 133 -146 88 13 187 48 -46 -209 197 -38 -95 -5 148 -44 211 -140 -61 -215 247 -200 2 19 139 -110 -115 57 151 -190 112 231 60 146 114 236 228 171 -230 -246 169 183 50 -196 105 -16 132 -76 -113 174 158 102 -48 230 -179 212 -234 -3 -208 196 17 -54 -62 24 113 -49 -6 -184 -129 163 -93 -205 -207 -217 165 70 -128 -162 141 202 -188 100 -186 -122 233 -136 49 -104 159 200 -99 -88 -241 -21 94 121 -73 14 56 -124 207 110 184 -75 249 99 244 -228 -25 -79 -10 -4 217 -151 32 246 239 25 -106 -63 154 195 -119 227 136 181 243 -69 -171 -26 -192 -175 160 -53 -114 12 229 -89 -103 -52 -85 -232 -138 86 79 156 175 -65 -218 -131 -204 -102 -60 -206 -41 168 -155 87 -223 -78 8 193 142 -68 76 9 190 -156 -244 6 241 -161 -82 126 66 182 -118 238 237 209 -126 -83 240 33 -39 -35 248 -203 218 185 85 -177 39 164 -142 108 44 -189 -224 64 219 199 -86 43 -159 -150 40 140 72 129 144 -243 1 18 118 0 -11 61 -96 170 178 -227 166 -163 -77 -185 -127 225 -139 -173 -167 222 -195 232 152 -199 210 -213 191 62 91 -250 16 -97 -72 -111 69 -235 -154 153 -22 172 42 149 -27 -148 130 -158 234 -134 120 135 -220 180 -210 45 -157 220 4 103 235 -81 73 -130 -101 -92 -172 95 27 147 -19 97 128 -166 -84 63 52 -180 143 157 -8 15 -55 -132 -231 216 7 -91 59 -56 -168 -28 111 224 22 -36 -20 71 221 137 -57 -181 -107 29 176 -90 177 89 36 23 213 -191 -236 -42 116 -221 53 -165 -219 -59 -50 -98 -239 -112 -237 138 -238 77 -71 -141 47 -152 -187 93 41 58 78 -31 179 -137 -23 150 46 -149 3 134 92 -12 -145 -7 -133 214 -87 124 -121 188 162 -120 -247 26 81 161 117 54 198 -233 11 -226 38 96 -108 -147 -117 68 -74 -13 104 -18 -14 -17 -164 206 167 205 83 245 125 -240 -40 123 90 -211 215 -214 84 -100 -66 31 -29 75 82 242 -58 5 37 -70 -248 -43 155 -212 98 226 -169 107 -193 -2 -1 -135 -123 -109 127 122 -170 173 -216 -15 65 -222 -144 -34 115 194 -33 106 203 -176 -198 51 189 223 -245 -194 201 -51 -202 35 145 101 -9 -45 -229 20 -116 -197 204 55 -30 -182 -80 -201 208 -24 -160 -242 80 -32 21 -249 67 -47 -153 -143 -178 109 -183 -174 192 186 74 -94 -105 -67 -64 34 119 10 
TEST 90 ARG:-190 247 146 43 -179 -140 143 187 144 -159 133 -50 -235 204 243 -123 4 -109 -96 -45 -135 -206 -202 -233 -163 210 14 209 -98 176 -156 -91 -195 -139 -5 110 88 -72 -234 -94 -165 -66 -193 -167 -243 237 119 32 -4 218 -77 -30 -207 -115 59 160 -138 -188 -146 175 -183 -15 231 94 -231 13 140 -89 -126 86 21 159 152 -124 -65 -117 81 -25 -249 112 -199 -56 241 -87 55 226 45 -149 -246 -213 -178 19 -59 20 157 141 34 10 -205 -169 -61 155 -27 -33 -68 -71 -181 -16 -196 202 -137 184 -215 -131 104 161 -23 -79 -177 221 -11 135 239 17 -53 188 -24 193 180 8 216 -82 89 -236 235 85 -51 -133 -76 189 42 49 224 24 149 -10 -187 77 -168 105 -38 -69 -9 -74 208 212 -73 162 113 -200 170 -85 -216 93 -90 120 101 -122 -14 -110 82 165 -39 -218 236 129 238 -166 50 -164 -60 -220 28 205 -174 -99 229 -212 96 -150 -64 -204 6 -63 148 117 -12 232 206 -57 118 -210 -141 -222 201 248 -238 80 207 -78 68 -6 84 75 158 168 114 -104 -189 178 -247 -2 -105 71 36 -100 39 2 -145 57 126 -37 99 -161 139 246 98 -103 -116 -46 -208 127 225 -209 245 -29 -245 182 -175 37 -197 41 211 -232 97 107 91 -194 64 -92 185 38 -230 -111 164 156 136 -219 173 11 78 -8 -128 -70 47 -182 51 196 -244 -41 103 -31 -241 217 -49 121 -132 244 -34 190 25 -102 153 125 -48 109 194 -121 30 -171 -22 -125 52 -19 -127 -80 138 69 195 154 12 213 -47 53 -58 3 242 115 29 183 -203 -44 60 83 -113 -153 -42 -173 -129 145 -240 -83 186 -75 -118 230 -170 -229 -239 123 116 -157 -186 92 174 44 -32 -154 72 -223 -86 134 -36 191 76 31 147 56 -185 -160 130 200 79 150 18 102 -198 -162 7 -101 219 131 63 65 111 16 48 -120 70 -20 -21 -142 142 -114 -224 222 -184 0 -84 249 132 -18 220 -108 108 23 -17 -26 227 181 -237 199 -107 -52 -55 -35 -136 -250 -217 100 46 128 106 -143 -144 -81 192 -172 -152 -201 40 137 -155 -43 9 163 61 -3 5 -62 -242 27 -97 -228 -13 -151 -67 -54 -147 214 67 169 95 233 166 122 -148 -7 223 -134 -221 -1 177 35 203 -227 171 -248 240 172 198 151 -192 167 -119 -158 33 -40 -130 -88 54 215 66 234 -93 74 -106 87 22 1 197 -112 179 58 124 -28 228 73 -226 -225 -180 90 -95 15 -214 -191 -176 -211 26 62 
TEST 91 ARG:-226 -138 -34 -106 120 216 70 -78 74 -40 33 -126 240 169 -174 -70 -160 160 113 183 -68 34 -29 -170 -81 -2 209 -238 -75 89 227 144 -169 -240 92 200 -37 -155 228 -157 88 212 -117 -203 58 -212 -132 -176 204 -122 -200 63 196 -150 249 -11 -66 -196 -128 93 -13 -216 21 -8 -56 132 -23 -87 -63 181 -100 -9 134 10 238 -105 -41 239 39 187 -55 -90 105 -107 222 199 84 48 155 -239 119 -163 -104 -30 69 109 -146 -173 3 161 68 206 -205 18 47 66 -178 -215 81 46 -144 23 -74 -101 -192 -250 -110 -233 -199 4 -28 -151 106 61 127 -118 -17 -65 -112 159 -197 -244 111 -72 -149 151 -193 -115 -191 1 -143 208 -249 -1 210 193 188 126 201 -243 53 -230 -33 -67 26 -91 -227 203 -189 248 112 207 -35 -123 118 27 -119 64 122 57 173 -60 242 136 -124 114 -245 157 8 91 190 30 -218 202 -38 -82 174 217 78 211 223 -207 -186 -113 14 232 -222 145 -5 233 12 65 -102 -108 116 2 -83 75 -27 121 -86 128 -58 -85 185 -59 -242 -21 246 -18 35 36 194 124 25 -217 -177 164 101 -248 -234 138 -180 -22 -134 -188 237 147 -57 -116 172 -114 43 -232 -190 191 220 158 -195 71 -84 -46 229 -73 -51 245 80 247 -166 -94 -152 143 77 -182 226 231 -47 123 -154 -172 189 62 -80 -14 -121 45 -137 79 -164 -221 -43 -140 -210 51 -3 29 -39 -185 -50 -224 -237 -26 -97 19 -36 163 50 59 -129 -61 90 -125 182 52 -130 -247 149 177 -184 -77 60 -95 -24 225 -79 28 198 205 167 131 152 150 224 -64 -7 -153 -235 -181 -62 5 85 13 -48 110 -16 6 141 -204 244 215 218 -111 44 -219 73 -202 102 -135 9 146 176 -206 -213 40 180 54 129 -165 -109 32 219 -25 -54 125 96 -168 -49 -198 178 31 -4 153 -20 221 -161 -209 148 -120 7 -223 -187 -220 -71 115 234 -99 -159 235 -89 83 -136 -45 -96 213 72 56 -162 -201 -15 -53 -92 -225 -69 -175 -98 192 243 55 -156 -214 -148 97 -229 -6 107 162 87 236 -12 -88 37 11 179 24 117 171 -142 -139 -236 76 -127 175 86 49 154 -147 -133 0 98 20 -19 186 -183 184 103 -167 42 -31 214 16 165 -208 170 -76 -211 104 17 -145 133 230 -32 38 135 -171 108 -179 67 -103 166 168 -52 197 15 -10 100 241 -44 22 -241 -141 195 142 -131 156 140 94 -93 130 -231 -42 -246 -158 41 -194 82 -228 95 137 139 99 
TEST 92 ARG:12 -105 -58 -209 -153 -84 -158 -237 219 -116 -243 4 -68 -241 56 -119 -112 -171 77 -148 -46 -175 -60 47 -183 -51 122 14 233 48 61 132 23 -233 -113 -81 -164 -61 -206 7 -204 6 178 -83 -33 220 -220 -89 168 -26 225 -72 -67 179 114 131 199 -100 67 105 205 227 -189 142 180 242 -18 -131 143 -121 -244 174 -109 -23 -154 135 164 -132 63 237 -178 84 -208 3 127 -53 -59 -205 212 -3 -40 -120 109 -77 166 -96 247 -245 10 245 29 80 -14 -66 134 69 147 -166 -130 213 -57 46 -167 -65 1 119 144 85 -173 -242 123 230 43 -138 30 87 -135 -41 20 92 60 -28 -179 -250 210 35 -36 -25 -191 243 203 -49 192 195 -15 -117 -99 177 -122 -21 -203 -30 214 -47 -9 -196 -19 126 -12 -115 186 222 111 -163 55 -174 -222 -198 -165 -145 -226 26 -212 167 44 -95 62 -114 24 128 -98 148 5 101 150 216 146 -13 -17 215 -194 106 -216 49 -142 -229 246 50 -184 108 -136 -91 -228 38 103 79 9 -50 32 206 -44 99 -161 -156 78 -54 -214 153 175 120 37 -8 -2 -223 -29 -97 -139 -128 185 -172 115 207 16 2 211 64 51 236 155 -69 -182 100 91 -249 -103 217 157 162 45 -160 125 -27 -20 -129 197 238 -170 -37 -144 11 -236 -63 -239 -56 -79 249 57 104 -123 -22 53 -74 201 76 -86 -169 94 117 -230 -192 -93 -210 -124 -7 -127 34 116 145 -197 -108 181 -52 -31 118 -34 -185 240 239 -227 -190 98 -71 196 -211 73 70 188 209 65 41 113 66 202 15 -199 163 -195 224 -143 27 -188 -55 -159 190 31 241 81 83 -238 86 -48 -64 -24 -235 75 96 -247 156 -219 18 40 -102 160 89 141 -62 165 0 -180 -4 -133 154 -45 218 -162 176 -215 -107 -168 -152 -201 82 112 -134 208 -70 183 -126 54 184 17 -10 -141 68 223 102 -146 159 -240 -90 149 248 -186 -6 71 129 97 -32 -213 -125 -5 -43 121 93 -106 -39 58 136 169 -202 -92 182 -111 72 -221 52 228 200 139 193 151 -187 -78 -82 138 -234 39 -35 -225 -157 172 221 -248 -11 -177 -94 36 -42 152 95 21 124 -176 -217 -231 107 -155 -232 -200 204 244 137 13 -147 -1 -193 28 33 -224 -88 -16 88 234 235 191 170 -207 -75 -104 161 -38 -80 229 110 231 -73 130 -118 -181 187 -140 8 -110 140 173 -151 -218 -101 59 198 232 -87 90 189 -149 194 25 133 -246 -76 -150 -85 158 22 226 19 74 -137 42 171 
TEST 93 ARG:140 -231 -11 55 -78 195 -225 -200 -180 169 68 -114 -142 -162 249 149 -201 -98 240 189 75 -104 -111 -158 188 244 -1 217 -26 -32 127 -144 122 -171 -229 57 -234 142 -153 208 120 -79 81 159 -27 -57 153 41 72 -34 -216 -44 -189 6 -148 -206 121 31 -249 -130 130 192 216 36 -56 82 147 -164 -221 85 -139 -133 -29 -5 136 -30 -156 52 -90 -61 -124 -238 150 -66 -192 171 -16 -42 238 -204 32 -218 210 -21 109 -155 26 -83 212 -77 137 17 131 -71 -212 246 154 -154 -237 -92 -186 -31 -245 -122 103 105 220 223 99 152 -182 228 221 113 -202 101 -203 -198 118 -176 -194 -248 -17 183 -89 65 168 116 104 -106 -19 -84 -58 191 132 -96 205 44 98 186 -35 -205 12 -239 -43 -146 209 -141 42 198 -48 214 50 -136 -163 -81 -157 3 43 194 -14 -121 -247 158 107 83 53 165 -88 -117 134 -242 -105 -120 48 174 -173 -217 -250 -28 102 -115 -230 71 222 230 -80 234 143 -151 30 -2 -147 -178 -219 -51 -9 -112 73 -210 59 78 -135 -129 175 243 40 -211 -119 -4 226 86 146 20 61 -168 4 156 94 197 -195 19 22 225 14 -95 184 2 -55 248 -149 -183 242 -233 -134 10 -196 70 -165 201 138 0 139 -103 -3 -123 47 145 -74 -108 -235 -46 -22 -159 128 64 -101 67 66 -126 91 -118 -40 -185 151 -227 182 -15 -232 -167 -91 213 56 -45 235 -209 -110 227 1 -224 -207 177 -33 93 -113 -94 162 110 -179 -69 -47 -52 54 -213 77 -127 -24 51 -54 -188 -143 -73 185 79 -99 80 49 181 -214 -64 -72 -75 190 -132 -240 -102 -244 96 -125 -60 -50 -243 241 -140 239 76 33 176 -228 74 178 45 236 245 200 211 88 -93 144 224 18 179 92 9 164 100 95 161 -150 -25 -100 -97 114 -68 -65 180 141 25 196 124 129 39 16 231 206 106 -18 -37 215 233 119 117 202 -62 219 -39 15 157 -67 58 -107 -49 112 -172 -152 204 -187 -70 -12 -220 21 -38 24 62 237 -184 -138 -236 5 -13 60 27 -177 -86 -145 155 173 7 -87 -10 34 207 37 -23 -191 89 -85 -7 -223 -241 -160 247 187 148 -181 229 -137 -174 -131 -116 97 -169 170 232 -246 199 126 -175 -193 111 -63 -190 123 11 -6 -161 -76 -36 -197 -128 28 -8 13 29 -20 160 -59 63 -199 125 -222 -41 172 203 166 90 -166 167 115 38 87 -109 133 -170 108 218 163 23 35 -208 84 -226 69 -82 8 135 193 -53 46 -215 
TEST 94 ARG:-16 -105 218 -170 -92 -20 225 -87 -13 15 -246 -94 228 -178 195 116 187 51 192 167 54 -130 -138 232 -31 58 -110 27 -33 -159 108 22 -131 76 -115 -225 -206 -61 -113 -28 -207 170 29 157 -98 -242 -22 -234 -229 17 -241 -6 144 197 -218 -158 28 -2 -185 -112 81 114 104 143 34 216 -102 -121 -119 -233 -244 109 21 -44 -139 126 5 13 -50 14 173 -203 -25 -37 -120 -236 151 -80 -123 -66 248 206 215 199 -128 162 227 175 -41 219 -89 -12 229 -240 92 -195 -192 106 -7 72 -169 -164 188 -26 -106 128 -188 -222 -15 89 217 77 -199 -245 -96 123 -104 -55 95 112 -156 214 205 79 -144 85 36 26 -171 -3 -197 61 -84 68 239 -238 -194 134 97 -142 -184 -151 52 -161 111 -157 233 -163 156 -19 121 245 -127 -228 -191 202 49 -176 113 -122 -220 -153 135 -60 230 184 -226 -100 -76 166 60 196 -116 -232 -202 -208 80 115 -34 59 -40 234 -227 224 -200 -173 -23 -219 -27 -148 -57 130 -47 -152 211 -187 -30 -137 185 -29 -211 -146 69 149 193 -79 -99 10 -134 -175 84 163 107 88 -5 70 207 -193 -214 -224 74 161 -49 2 203 -210 246 -204 25 -70 -125 122 124 -93 -101 94 3 -72 120 23 178 -126 -212 -216 -35 78 -132 -67 -56 -71 -247 16 -109 235 7 181 -124 223 208 105 242 183 87 -21 -58 237 -174 -217 66 -221 152 -249 38 244 30 -1 139 41 -114 91 -51 -18 -81 191 -141 12 86 222 138 198 -209 -168 117 39 -42 -223 155 93 65 -155 -48 8 220 46 44 -83 137 177 -135 171 -250 -111 53 118 -136 -147 50 83 145 -24 -62 -88 -54 147 55 142 189 -150 -74 -9 158 90 179 164 119 -82 33 -90 201 -38 -32 -177 -39 63 -167 64 -215 -53 172 249 194 165 146 133 -198 1 -17 -45 141 -68 20 -143 159 -65 73 -186 -180 98 186 182 -10 102 190 -43 -183 247 -230 125 -237 -95 -149 -86 148 40 212 62 -108 -205 210 -97 -162 180 -133 213 -46 140 -201 -190 47 -160 -196 18 -91 127 -231 -154 -85 32 -59 9 43 226 -179 221 24 48 4 101 169 160 136 82 110 154 -172 57 11 -4 -64 100 -117 -140 -78 -118 176 168 -73 -243 132 -166 -165 -69 236 -145 96 99 -107 -77 -11 -14 -36 129 -248 153 -213 200 -75 -239 -8 67 -189 42 45 231 243 71 37 75 -235 6 131 241 174 35 0 -63 150 19 240 -182 -129 -103 31 -181 -52 238 204 103 56 209 
TEST 95 ARG:-91 -147 -113 -43 -63 -137 -213 74 -117 240 59 -217 146 -170 -142 221 -151 -38 -237 246 -244 226 4 87 185 191 -162 -125 109 -165 177 -111 18 -157 -245 175 223 -59 82 197 -73 135 -247 -99 -246 -153 163 72 -105 212 210 232 -19 64 -46 -81 -204 -203 140 10 -9 -138 -110 -227 91 215 -134 19 3 -13 176 -163 -47 118 29 -27 -77 113 -135 -112 44 -250 -49 -234 83 -116 17 -60 -229 148 13 -205 1 -108 67 47 178 -141 -193 -206 50 231 -15 144 213 -139 -191 -240 14 -122 127 243 -41 15 -167 -5 -233 134 89 -222 98 71 -14 123 79 24 -39 150 -3 -183 -221 -98 26 -12 -150 -97 -143 166 193 -174 143 20 -197 203 -30 -79 -61 -182 5 -102 222 -212 -70 -179 -202 245 -190 117 -24 61 -89 -6 40 -95 -78 -120 34 16 -2 125 23 12 -192 -48 -34 -54 206 162 -21 -216 -35 42 -189 104 -201 247 -180 190 -171 -52 -185 183 -109 107 -198 -114 -224 48 138 165 -17 22 -64 235 -129 187 76 -85 167 -66 103 159 52 -235 229 62 108 156 -51 -76 -90 224 -238 132 170 180 -184 54 -50 -140 208 217 -36 -126 139 36 41 -172 114 174 63 239 55 75 35 238 -123 -121 -92 101 -133 131 -93 149 -118 -131 -33 -226 207 30 96 -236 -207 -74 158 -58 249 211 58 6 -72 126 -57 -96 -71 -199 -20 242 27 -152 37 237 124 7 -26 -55 -168 11 202 -7 94 -159 -232 92 -130 -154 129 -69 -128 189 157 218 86 120 -115 248 151 169 -62 -164 -230 198 141 81 85 -155 225 160 60 -218 -176 -84 136 137 214 -220 -195 184 90 -145 0 -124 241 -169 -18 -239 95 21 97 32 65 173 -37 -173 106 -177 -188 168 -242 -158 105 195 38 -22 88 -101 -186 -103 227 201 2 -210 -214 -161 200 53 28 99 -29 84 234 -83 -223 -148 -181 -127 8 153 -132 228 -56 46 -196 -86 -248 -94 -187 -194 78 -219 -156 205 -82 116 216 -80 209 152 56 -16 31 179 -200 188 181 -249 -68 112 25 133 -144 164 69 -31 -67 100 93 -32 -42 -100 33 73 -23 -1 154 119 -75 70 230 -11 196 -146 -40 110 -25 51 45 -88 -215 111 -44 80 128 -28 121 -45 43 155 66 122 -10 -87 204 147 -160 -241 -166 -106 -228 -136 -104 172 9 57 39 49 -65 186 -211 199 142 68 233 -208 -175 130 -225 -119 145 194 -149 182 -53 236 115 102 171 244 -243 161 -178 -231 -209 -8 77 220 192 219 -107 -4 
TEST 96 ARG:101 131 171 -31 133 -202 11 -60 -82 -61 -248 0 -136 6 215 -124 14 32 38 -109 173 60 208 -183 -39 80 194 3 49 -216 111 -213 -173 214 -189 187 -179 -105 -56 2 221 -166 77 124 -240 61 -8 172 230 58 57 83 162 -76 -83 -182 97 -99 222 239 -187 88 197 -155 -205 112 -185 228 -94 237 -23 -45 132 -10 16 240 -140 -50 41 -121 -32 119 -170 234 -67 65 -3 45 193 140 5 -86 47 235 159 179 198 -223 -73 211 183 -4 -30 238 76 -26 10 -236 -227 206 84 59 191 -168 232 -250 18 26 233 -150 -209 -11 -147 13 -249 17 23 205 249 1 -247 152 -148 -222 158 -156 -64 128 -131 86 98 -243 -130 -142 212 120 -162 156 169 73 -108 -192 -84 163 -126 -200 -116 -160 202 188 -48 34 182 -104 -38 -107 -37 54 -181 -235 -129 37 248 -218 125 56 -244 117 19 168 -230 -70 -100 72 -54 -212 -28 78 -15 127 104 31 71 -206 -221 139 -117 -215 93 94 -74 -234 -98 -161 137 -203 -178 -19 200 -91 -198 -123 -232 -158 -152 -229 -167 -79 -184 -101 -42 -238 -2 -180 -231 -137 -24 231 36 142 4 148 177 -17 55 8 -132 166 155 -139 91 12 -1 -92 -113 244 -172 -211 -27 28 -112 63 42 -97 -63 -43 135 -58 153 157 126 -85 51 62 122 44 -49 184 129 -195 46 -163 143 180 -157 174 74 185 -186 196 165 -51 -95 -128 -165 138 108 -143 -135 242 170 81 -81 -134 -46 -66 154 223 -59 -111 -35 121 130 20 175 -57 186 -214 -191 -96 150 246 -241 39 -5 33 201 -9 -55 29 199 -245 -201 190 210 -34 22 229 -233 146 160 27 136 -141 95 -29 87 -225 99 181 -41 103 110 -154 109 -75 -193 100 -175 92 21 118 245 -62 -6 79 70 -220 219 144 -20 53 204 -103 -120 -65 -196 134 -169 -18 -164 -217 96 50 85 -102 -226 -219 9 -188 -71 -228 -199 -22 66 -77 7 247 75 64 -40 217 -127 -246 149 15 -110 151 -125 213 89 241 -69 189 82 218 -224 176 68 225 -242 -72 -171 220 -133 -207 105 67 147 216 -145 -176 69 227 243 -47 -146 -115 -78 102 -144 -190 -87 -208 -36 164 -210 114 -159 115 48 -151 -7 -204 -90 -93 -138 113 24 -122 -114 -12 116 -89 35 -119 -80 25 -118 -177 43 -53 -14 -21 -13 -68 40 106 -174 30 224 -194 123 -197 207 -33 203 195 107 -25 -237 52 -106 -44 -153 161 167 209 178 90 141 226 192 236 -16 -239 145 -52 -149 -88 
TEST 97 ARG:78 70 131 146 -204 -213 68 -125 -13 18 -229 -170 -208 -16 -86 -5 -169 -134 -238 79 125 44 91 -31 -189 -56 -130 -119 127 6 111 -126 -117 208 184 -124 -171 -82 -250 117 123 151 -32 19 -46 -88 -27 213 -29 21 -192 171 246 212 189 64 214 -140 -116 -9 -138 57 -176 -133 234 -4 -108 -205 232 60 115 25 155 -193 -180 -156 -160 240 103 209 -144 -165 -203 138 40 -172 -143 -237 22 29 136 100 -145 142 179 -190 -43 14 157 -142 -103 149 -3 194 77 201 76 84 -214 17 49 159 23 73 215 -245 -202 -70 13 -215 -174 -196 -157 -72 -97 71 34 116 245 -99 39 178 -92 -240 -67 249 -20 -223 31 152 137 -112 54 -118 -95 241 30 75 92 230 -94 -113 97 -105 -154 -178 -78 -150 165 -76 -199 -231 96 -163 -47 191 -111 113 -239 -173 90 126 112 120 65 -122 61 -177 -23 -230 161 -161 200 205 -74 5 -139 -52 -96 102 46 -181 -89 -216 -234 -85 -110 187 -62 -41 -210 11 122 244 162 -241 204 -243 -59 235 -212 248 -201 118 150 -66 50 -179 -12 198 167 -232 -200 -185 74 128 52 42 243 32 69 168 26 48 -36 45 -186 183 47 86 227 238 -104 -121 -198 -48 193 106 -87 -131 72 36 -19 -61 130 -84 -184 -115 185 124 156 217 1 -63 -83 -73 99 -167 -147 140 -183 196 87 -135 -79 -77 -68 66 -91 129 98 -109 -221 -11 81 9 -236 177 -244 147 -65 220 -17 172 41 -168 192 -49 94 -120 181 -24 -42 144 -102 199 -106 218 80 242 226 119 170 236 -155 83 -218 135 109 -8 203 3 -2 195 -206 190 182 95 -22 -197 -175 -30 -225 110 163 141 -6 -194 143 -132 37 -137 -34 51 85 -195 -40 -100 -233 0 63 56 105 134 -207 -57 16 197 10 216 231 33 93 -50 -235 -136 -127 -93 7 27 223 225 -166 58 38 -35 4 -191 -162 166 -14 -71 -219 24 -54 -159 -164 35 88 -228 -21 12 237 228 82 239 -58 -10 -146 -18 -98 -152 15 132 -187 233 153 107 89 104 -39 -148 -26 -75 169 180 -246 222 108 221 -81 206 247 -33 -69 186 -188 53 164 -151 -60 -123 -222 62 -182 -149 -247 -249 -53 188 -227 -248 -107 55 20 -211 207 154 -45 175 224 -80 28 -44 8 139 133 -25 -209 -7 219 -158 145 -37 -1 -242 -90 -141 -101 229 148 -153 114 -224 -64 176 -220 -217 210 160 43 -28 -15 202 -38 -129 -226 158 59 -114 211 121 101 -128 -51 67 -55 173 2 174 
TEST 98 ARG:118 226 -10 -207 123 -42 -129 -201 -184 -35 -247 -196 -178 -69 -15 124 -65 169 220 82 28 205 -151 -14 -3 98 -145 -91 245 -224 -137 219 -80 -48 -119 -44 -166 165 -18 -185 30 -142 -45 177 -202 192 -144 -54 1 240 -222 172 69 136 -180 161 -74 132 60 -204 -189 128 116 -134 -153 183 243 8 -9 108 248 -188 198 78 -99 -248 -49 200 74 190 -231 -227 -62 50 -221 -90 119 141 -240 -26 154 -41 244 79 -4 -143 -229 96 -102 27 -172 213 239 45 34 -82 -130 -50 41 -53 43 -169 155 -70 115 -20 127 92 -39 3 -159 -29 84 110 -106 197 91 -38 -132 93 -194 222 159 174 -24 111 -135 -150 -212 191 249 -245 97 -94 152 -235 4 235 112 85 -28 130 206 237 203 81 133 -174 -33 -118 -219 52 -125 -5 53 238 42 101 -161 -89 71 196 16 25 -25 -193 242 185 94 -140 -157 -55 113 104 -8 -84 -225 14 65 51 176 -13 -187 -17 80 15 209 221 121 -2 -167 -73 13 246 -60 211 -170 -228 201 76 168 -122 -105 117 188 40 -238 -126 -192 147 -133 -57 -59 166 153 -176 6 -199 131 217 100 179 -109 -36 150 -95 145 -108 47 -111 17 -11 -98 -128 187 234 -43 114 9 62 -237 33 -66 105 -203 -46 -155 208 -124 75 -79 -31 224 -63 -136 -78 -168 138 229 -209 -243 193 56 -76 125 77 7 -241 -214 107 216 2 215 142 38 134 182 207 103 137 -88 184 -96 -233 -104 -175 67 -52 -85 -154 68 212 -186 139 -220 23 129 -191 -242 61 -216 -32 0 -121 -206 21 -56 -183 149 -246 18 109 -141 -113 55 22 -40 -6 163 -86 -177 66 39 230 -101 -162 -239 -123 70 -218 204 -182 225 -67 48 89 -213 173 156 157 175 -100 228 -115 87 37 -51 58 -195 199 59 -23 -16 31 126 -112 202 -171 57 -120 171 10 189 20 -146 -179 -37 194 -114 86 -165 -110 120 -30 170 -77 -116 218 95 160 24 -215 -208 -164 122 148 135 -81 -156 72 -138 12 73 -117 -244 -12 186 -173 -93 146 -34 35 64 -21 -230 49 214 29 195 -200 -68 247 227 -92 -250 26 36 158 -71 -217 -47 -147 -83 54 -27 -22 143 -158 -226 11 151 178 99 164 -197 -7 -127 144 -190 -148 -61 180 -131 -234 167 -139 232 63 -149 -1 -223 -19 19 181 -75 83 223 210 -72 106 162 -198 -103 231 -236 236 -249 90 32 -205 -107 -210 241 5 -64 -87 44 46 -232 -152 -211 -181 -163 140 88 233 -97 -160 102 -58 
TEST 99 ARG:246 244 -86 -177 156 75 -37 164 155 154 -228 -50 231 77 0 -184 -123 -207 -80 -109 -33 236 91 -59 -126 -4 -194 197 -234 53 -168 181 200 -231 -226 172 -36 88 221 127 -219 -139 -14 204 -147 -136 -34 -113 -8 -133 129 171 -148 -127 -61 213 -149 -94 145 87 108 40 118 234 39 89 241 -56 76 -189 68 101 -106 -241 58 25 78 59 -163 248 -180 -51 -7 -145 -88 -44 174 -165 119 -90 183 198 238 -9 107 -211 141 12 170 165 -39 -110 -249 -52 -3 -209 137 20 189 -157 239 -73 54 224 -238 2 -245 -204 -17 37 230 214 5 -120 -117 -57 7 86 111 203 -214 -89 84 103 -230 -22 151 -192 190 104 55 -68 -182 168 -174 -79 -185 109 -153 -11 133 -25 45 -43 82 187 196 -218 134 35 -77 -200 -99 1 -183 126 10 -62 94 -49 -222 -107 105 247 43 163 -40 -30 179 -28 232 22 -175 228 -199 116 -124 100 32 28 177 175 -83 -191 136 52 -141 50 -197 123 -181 -70 -26 3 -32 -105 -66 -85 -187 -203 -233 -201 -67 192 122 -186 -48 199 -176 -72 -21 -161 -151 -1 23 51 138 74 70 81 -116 -98 -71 149 24 36 237 121 -27 -198 114 249 -125 -166 -55 85 26 -104 69 227 115 -101 47 71 131 -31 -156 148 218 -92 -20 -248 245 -35 -143 -24 -160 176 93 4 -179 29 49 62 -188 233 161 -29 34 -171 -63 57 -53 -38 -227 -220 -96 -10 -215 188 -95 -212 80 -45 -54 -13 -223 -6 117 -103 -93 130 -5 -232 6 152 -173 -150 -216 180 150 166 139 -196 -47 235 -190 46 -119 -225 193 215 220 95 -158 17 48 201 -213 -195 159 125 226 112 120 -247 -138 -46 128 56 44 212 223 -240 65 185 -162 184 -100 157 -130 -221 -140 -159 195 242 -58 -102 -246 202 42 143 207 -108 -118 222 243 72 -74 210 140 9 -84 -60 153 186 -242 -208 13 14 73 -134 -76 -206 21 -23 217 169 -154 -167 27 19 -65 -172 -42 -115 41 110 219 146 -78 -224 -69 61 106 -97 -229 167 135 63 -129 173 -64 -152 225 -121 206 11 33 -210 -91 -142 113 182 -122 -137 208 -112 -250 -81 -114 -135 96 102 178 -202 -87 -193 -15 60 -169 -164 98 124 144 -244 158 64 -237 216 -178 38 -236 -205 -16 16 -111 -41 66 -131 99 8 -18 -12 -19 92 -243 205 -235 -132 191 132 90 97 209 -155 15 160 83 -144 -170 -217 229 211 31 194 240 30 162 79 18 -239 -146 -82 147 -75 -2 -128 67 142 
TEST 100 ARG:151 223 -31 231 -250 162 -130 197 -203 -160 107 -88 -71 -49 -166 3 -33 -47 55 177 -214 -212 248 237 -34 222 236 -142 123 48 245 217 34 -176 10 22 -97 178 -122 -117 -5 27 198 134 196 -185 120 145 232 -121 41 -179 -120 12 -4 -227 -235 -21 75 69 -187 94 -50 43 -201 218 28 77 97 -2 -165 113 -8 189 202 -192 155 -189 4 -36 67 33 -114 -25 -38 29 -61 112 91 -209 -124 -198 -241 166 146 -196 176 65 -174 72 -103 203 63 -1 90 105 56 -237 79 156 -233 -22 215 -70 38 -72 221 57 61 -94 190 159 92 -182 5 -172 95 -175 -128 182 -242 144 58 100 -143 -213 20 -55 40 -43 117 -150 247 116 242 163 -80 -118 -20 -110 -35 130 169 -199 -226 127 -134 152 128 142 -138 -183 -135 153 147 -137 51 -152 -76 204 161 -234 -238 -57 160 -90 -229 -243 -173 149 249 -62 -170 -158 54 37 88 -129 -15 -112 23 230 103 -184 84 206 -159 209 212 -39 -205 -239 -59 9 124 -236 157 -105 16 -147 106 114 234 46 39 15 -13 224 -155 -168 192 167 -28 -140 89 185 -200 18 -41 -96 -74 -210 -202 -228 -17 59 102 132 137 213 -84 -99 194 -191 -87 228 11 73 109 -85 139 -222 -144 -232 99 -116 86 239 -102 14 -91 174 24 126 141 -107 238 -83 -14 180 -73 -221 -67 133 -54 -230 -246 -194 -131 104 -225 -125 121 188 -149 205 21 83 -32 171 -11 170 219 191 -93 7 -223 101 140 246 -100 244 -79 -95 47 -211 -65 -101 119 -162 111 -12 -109 -127 154 183 -18 184 225 13 98 -208 -10 -206 181 32 235 -64 -220 -106 -218 31 6 208 -247 44 -169 214 81 -204 227 42 -115 -82 -151 -139 233 80 -163 195 -244 0 8 -78 -126 211 207 200 -60 70 66 210 136 -148 76 -29 122 -7 -104 -157 -193 -81 -111 -136 87 241 201 -24 -26 -207 -6 125 -113 226 -171 164 35 -68 148 187 62 -51 -197 -224 115 240 173 -56 -48 243 158 49 50 -167 45 172 -44 -231 -164 -146 -177 229 -188 -249 -240 -178 -16 78 -145 30 -46 129 74 -37 131 82 60 -245 175 -45 -133 -77 -75 -66 -181 -216 -161 53 -92 -153 143 -119 1 150 216 110 36 -89 26 52 93 -63 -30 -86 108 135 -141 -190 165 -180 64 -53 199 -27 85 -58 -215 68 -69 -42 -19 19 220 96 -217 71 -3 -52 -186 193 -132 168 179 118 -123 -156 -248 17 138 -98 -9 -219 25 -40 2 -154 -23 -108 -195 186 
TEST 101 ARG:207 -16 -61 93 180 147 118 72 -248 -212 -107 -163 162 89 -200 -197 52 -30 84 13 -7 -33 -2 223 214 -149 17 -1 88 -4 -218 -66 91 145 23 -136 -121 157 0 188 20 54 -5 -153 117 66 -173 1 -137 -67 27 -146 37 211 39 -170 -50 -105 105 -155 -150 68 -62 -184 -229 24 203 -34 -110 114 -223 -65 119 151 -132 -232 173 75 6 183 146 -211 -161 238 -205 -28 50 -219 -141 40 -131 -37 -193 -240 36 208 -214 -164 -230 -221 125 9 63 -143 200 56 70 78 -29 112 -114 243 7 11 57 -27 -40 186 -120 -172 26 111 85 -76 28 -181 219 181 127 220 -113 215 -222 -35 -85 77 150 -168 -236 108 -179 216 153 164 -124 192 237 144 -199 -69 -147 -96 45 170 124 115 149 100 165 -139 -209 73 -158 -126 103 -22 -3 166 -213 -71 38 -151 110 -56 62 179 51 -102 213 154 -89 99 22 -64 -238 -207 -79 -104 -118 -98 109 -68 -249 -194 -59 -176 122 248 217 -188 80 -10 -162 178 -116 107 194 96 -144 -60 113 46 -93 -208 -94 189 129 -241 -47 184 218 34 -6 -174 81 227 -88 2 64 -247 226 152 61 123 -231 135 130 8 14 141 231 94 140 -42 185 -227 -123 -156 -95 -165 -220 -80 -178 168 71 -187 -23 177 -26 -21 175 249 -171 196 -138 -216 191 -183 -128 -86 -186 -204 174 209 160 104 -175 128 -106 33 -44 49 -84 -46 199 229 -15 161 -182 -90 242 236 -133 -125 69 -224 -117 148 42 -18 -63 -48 190 -233 90 -244 76 -74 -17 201 -82 -101 -203 -45 -19 55 -185 5 138 -180 212 197 10 -111 -92 21 246 -38 -77 -237 -36 -103 -160 12 -24 32 198 -246 -119 169 247 -190 -148 193 -83 -97 133 67 -8 48 240 -210 -100 -9 -217 116 -25 -57 156 -177 -225 -20 202 -157 58 -72 -169 -142 -195 -191 222 167 -243 158 -192 -39 139 -215 41 -99 19 -245 3 -127 -239 -145 120 -140 206 187 -134 18 121 60 -108 224 92 235 35 -201 -51 -159 -41 -91 163 -206 -152 59 221 -129 -115 82 -198 245 86 225 98 232 -235 -112 -196 16 143 204 239 -31 132 172 74 4 -154 228 97 241 -87 134 47 29 65 31 -14 -32 244 -12 126 195 142 176 131 171 95 230 234 -109 -11 -234 -54 43 -81 30 -167 137 182 -202 155 87 -189 -52 -55 25 -78 -242 -130 101 44 -75 -58 -228 -250 79 -49 106 210 -13 136 -166 53 -135 -70 -122 83 -73 233 102 205 15 -226 -43 159 -53 
TEST 102 ARG:-117 243 233 214 103 -148 -3 -41 -197 101 223 76 80 -33 7 -135 193 -133 -188 -157 179 182 146 27 85 244 -212 -56 176 -125 231 -23 172 -8 219 59 165 -224 -170 128 60 111 158 90 28 175 -203 210 241 206 39 137 -94 246 212 -13 154 125 -193 -50 217 -121 -119 178 83 162 -139 95 105 -1 156 208 174 -137 237 192 -89 71 -112 -76 -195 -183 132 126 229 -38 195 215 49 -17 -177 -123 50 47 -80 234 116 -14 187 123 -241 -61 -229 -200 8 43 151 -234 -18 239 -64 204 -176 186 -36 88 -141 30 -85 -70 -145 -7 -49 107 220 -54 -149 -167 51 -104 -128 -146 205 -246 -97 -238 -28 -5 -106 106 -107 -230 227 -93 -223 -81 118 -59 46 62 213 44 -90 9 169 -250 225 -205 144 19 -185 238 222 -134 211 -136 207 -71 188 248 181 131 -22 -44 -25 138 -12 -156 -236 149 -126 -42 -4 152 160 -138 -24 73 109 -189 70 -83 -169 13 140 163 197 110 245 61 -30 242 -82 32 -105 -31 37 -120 -6 -78 82 45 -247 -204 26 -98 142 48 75 65 148 -132 -73 -129 55 189 97 120 53 -161 -182 87 33 127 167 -147 -92 -142 2 -37 -99 -52 94 -194 84 -209 -62 -184 -101 -186 10 15 -210 183 -162 1 -115 102 -118 218 -168 -175 42 74 -116 108 78 -206 166 40 -48 -208 -180 -66 -207 54 -239 24 177 -192 81 20 66 -113 113 -150 22 -237 -222 -9 99 56 155 -63 121 112 -96 18 -108 -151 115 -160 -218 228 134 159 129 -11 5 -214 -26 86 153 194 -201 114 -114 -179 168 130 35 25 -109 -57 -154 3 -199 38 23 -10 -40 -245 -21 -51 -20 124 -233 77 184 31 -75 -190 141 12 -65 -178 -88 -124 -43 164 -181 -55 249 -173 -216 224 -249 216 -15 -219 232 -87 16 -84 119 104 29 226 -53 72 -2 200 171 -232 57 -196 -226 -131 -27 58 -187 -211 150 63 4 52 91 -103 98 -46 185 -225 -242 96 -111 -86 198 69 -221 79 -29 -166 -32 -155 -227 21 -39 -72 64 -143 202 236 209 157 -91 136 -60 -191 -240 -77 139 -74 -34 190 199 161 17 -171 145 14 -140 -16 230 92 247 -243 11 143 -45 -67 67 100 -35 36 -220 -235 180 221 -100 0 -102 34 147 68 -217 -95 -215 -79 201 -164 -122 240 -47 135 -69 117 -165 122 -19 -174 93 -231 6 196 -159 -110 -153 -213 -158 89 -144 191 173 -127 -152 -130 133 -198 -244 235 -172 203 -248 -68 41 -163 -58 -202 170 -228 
TEST 103 ARG:8 136 -168 -166 174 56 186 -176 -178 27 -180 -243 2 246 -244 -24 226 146 217 230 108 -36 88 -195 -241 -222 176 -99 -64 -15 97 34 193 43 -221 60 -154 67 -210 -98 82 52 -250 -236 -10 -183 47 -249 -49 -165 235 -121 -239 -177 119 -139 -116 -96 147 45 13 -228 17 152 -2 22 -136 221 104 -26 -246 208 -59 -114 128 -31 171 195 180 181 141 -28 -218 100 -66 -61 -111 18 184 -42 -105 168 -1 -233 -55 6 212 241 -162 238 -3 -138 74 210 170 99 59 -209 159 96 91 202 -72 61 -186 -34 -234 24 214 98 169 225 -214 166 64 143 20 -25 149 15 -62 -235 68 70 -79 153 -133 84 -248 -67 188 -29 -70 109 -107 -119 207 -131 14 -118 150 -58 -200 233 -95 196 30 175 -46 46 123 -23 -124 162 73 -144 -110 138 -204 -172 191 232 -231 105 227 237 -33 158 -44 48 65 -91 -87 25 -157 42 101 234 16 155 148 -78 215 -38 49 29 -240 129 -102 192 183 37 173 41 -158 249 -194 228 125 -9 58 231 -205 187 -93 182 140 76 106 38 -41 223 -65 -126 -230 -192 81 89 -90 -68 -179 160 -190 -150 9 189 -43 144 -152 36 177 0 -247 179 -22 -208 57 185 -115 -85 -226 28 167 75 -122 -227 199 -215 86 206 51 -197 245 -141 -16 -171 220 -167 243 3 -232 12 -108 -191 107 -127 -106 92 120 -151 -88 -109 164 -21 102 -71 211 80 244 -103 54 -196 -189 161 23 -199 -175 -112 -184 218 -63 85 83 -84 190 132 -146 53 116 -159 95 -203 139 -129 -185 -198 151 -174 -237 -193 198 -145 -153 -219 -4 -75 -181 126 -229 -32 94 -220 204 213 178 -86 -8 31 -137 145 113 -17 -56 -149 115 247 157 90 -147 -35 93 -48 -74 163 -11 19 -125 -13 224 -57 137 -211 -47 -5 112 -69 103 156 200 -20 248 -83 44 -27 134 -213 77 121 242 -53 -92 154 35 79 -187 -12 -169 -6 124 50 71 -155 32 -156 -143 63 127 133 -164 203 -52 142 -81 1 -89 -140 87 33 194 205 -100 -148 -132 55 -101 -80 -134 -212 21 -206 26 -225 4 -182 -18 -82 -130 72 -245 -242 201 -73 7 240 -40 -201 -14 239 -45 222 -128 -30 -37 -7 131 -135 -173 -202 135 -120 -161 40 -39 -238 -77 -94 -207 -50 -19 197 -51 5 -123 -60 229 110 -224 -188 62 114 -163 -104 216 39 -117 -142 219 -217 78 -160 66 236 -54 -223 165 -216 -113 11 130 -170 117 118 10 122 69 111 209 -76 172 -97 
TEST 104 ARG:247 -137 229 -214 240 114 111 -89 168 24 123 -231 56 13 226 106 169 -13 107 -109 207 122 116 199 -56 202 31 -187 -101 90 -11 -8 185 -242 102 80 -198 55 -247 25 -164 -241 -35 227 242 95 -70 131 163 79 -205 104 11 35 4 -118 -233 -245 171 -94 -222 -14 -64 -57 -15 -71 67 62 160 -86 109 -141 108 -235 245 188 -219 -184 203 -244 -250 -19 172 -41 -130 -131 -33 -6 -121 112 -99 29 1 -115 74 36 89 154 -47 -134 -66 -129 201 43 184 -12 110 -72 -117 -228 41 70 -133 246 -95 5 174 -83 18 137 -194 159 -201 209 -160 194 -50 220 3 -27 -87 -157 45 -225 -148 92 -79 218 216 177 212 -232 8 -240 2 -90 -236 -7 -174 -4 38 34 -234 -246 103 -178 -93 -5 -249 28 -111 -218 -54 -195 -61 -52 200 -119 134 117 238 161 -175 175 -181 -29 119 -152 96 -26 157 244 236 164 76 -110 150 -155 -203 -69 -65 -82 -193 19 -143 158 97 -191 -149 124 -135 249 -97 136 72 -138 147 219 190 -217 -226 60 -230 -25 -127 181 232 -166 -107 -122 141 99 85 214 -204 -177 228 -96 -156 170 129 15 241 93 -182 58 71 -125 101 -199 233 235 -140 88 46 149 -81 78 9 42 -208 -36 -123 30 -106 -60 -221 -128 191 206 222 162 23 -136 32 10 -202 -21 215 -75 -139 211 47 140 -34 -80 198 -197 120 -49 189 26 193 91 -213 192 223 -147 -77 178 -189 52 69 27 -62 -45 -168 -151 -1 -186 65 51 -112 230 -183 173 142 37 165 -104 -100 205 204 237 125 81 77 133 -211 57 225 -223 -172 -88 126 -103 -145 -85 -3 -20 -105 7 -43 -150 -224 -38 -227 100 -207 -132 248 -167 -171 166 17 152 44 -84 143 -169 -163 -179 -124 231 68 144 -67 213 -154 -196 48 -102 63 -216 -190 -98 86 -31 -209 -37 182 -113 167 -248 239 66 87 208 -126 -22 -192 -116 139 -120 156 -32 121 151 135 148 210 153 155 -220 -180 -239 54 138 183 -30 -165 6 196 234 145 82 21 -10 127 -68 -153 197 14 -17 -215 83 -238 -9 64 59 -188 -53 -173 128 22 -78 -108 49 75 73 -170 -200 -229 33 -16 132 -144 50 39 180 -161 -243 -73 -114 94 -237 -92 -46 118 -39 221 -23 0 -142 243 -146 -55 -74 53 -48 61 187 -176 84 -158 16 12 176 -58 -42 113 -91 195 -159 -76 115 -24 -28 224 -40 179 -59 130 20 146 105 -51 -18 -44 -212 98 40 217 -210 -162 -2 -185 -206 186 -63 
TEST 105 ARG:173 -244 -137 -31 -7 -121 160 175 -217 -232 35 104 -20 9 125 -163 -170 -142 221 -85 -80 -186 72 -127 58 100 -102 193 -49 95 138 102 -35 137 -209 -190 -195 -50 29 -216 21 -229 105 -22 215 -162 -106 -103 218 -37 -147 -134 148 108 161 -126 -237 60 -124 -122 -145 179 103 -59 144 -136 236 -58 126 -90 -125 113 -17 248 123 4 141 174 -60 -243 75 -1 -6 196 -180 176 -18 241 55 222 26 118 243 180 -222 -29 136 43 -204 -226 74 -208 184 -69 8 -233 18 -165 162 143 -9 50 52 -175 -55 2 -110 107 -5 -188 -164 -64 235 28 129 231 -176 -161 163 234 -41 90 -92 89 156 -171 -207 62 41 -241 181 -156 214 -105 -14 240 66 198 -61 124 135 -34 -181 -81 -235 -203 224 246 -67 116 -118 -215 190 101 39 -43 232 -84 249 -23 109 -86 -133 70 -143 32 238 -149 88 1 150 206 -13 -28 -100 -201 139 122 192 -230 133 5 54 -187 -123 -96 200 -56 111 -198 226 158 -131 120 46 204 195 86 -44 212 159 -25 16 127 146 13 223 -218 -248 -66 -172 -174 -119 96 80 97 177 155 -26 -177 85 -91 78 -42 -21 -182 153 -234 -62 87 81 -54 -179 10 42 91 -46 -206 -169 73 210 -89 -112 -15 -109 -4 114 31 168 -178 -24 167 119 -74 182 -140 239 -184 199 -224 -116 172 -8 -242 -150 -87 -160 211 -144 209 -185 147 -219 -115 93 59 115 -205 208 225 191 -214 -68 0 -199 -83 -114 99 -16 154 164 -93 130 -246 -78 165 -183 -135 145 242 3 132 -94 23 202 -173 71 92 14 -2 -225 -151 -220 -82 51 183 -32 20 -194 -213 -97 112 -167 76 151 77 -48 -108 69 166 233 189 -71 121 -51 188 63 201 -79 219 197 -99 19 98 -70 -231 171 56 49 -117 -40 36 84 -192 17 152 -10 -33 178 106 -196 -245 207 -146 -197 237 -158 185 -155 134 64 -168 -113 -191 -202 45 -239 -128 79 -76 228 6 -27 -47 -120 -3 -45 -159 -249 -130 -77 -65 220 -129 -52 -189 -236 -101 27 94 83 67 -111 24 -223 227 128 25 247 169 -228 65 170 194 203 -200 -227 229 157 -30 12 117 -166 216 140 142 48 47 40 37 -11 -38 -210 53 -240 33 -95 44 -153 68 7 -19 187 213 -73 110 245 -238 -63 217 -53 -157 -193 -250 -72 -247 205 -139 -39 -154 244 82 57 22 -141 186 -88 15 61 131 -212 -57 -152 -36 -12 -138 38 -221 149 -104 34 11 -211 -75 -107 -148 30 -98 230 -132 
TEST 106 ARG:163 -110 155 45 -21 -83 -183 -74 177 77 64 -231 63 -92 -192 113 117 -246 -68 -43 92 -72 90 -131 86 119 245 -37 -102 -15 -186 60 157 -207 -62 -57 -127 5 196 -118 54 190 -71 -170 -160 -34 -211 -3 -206 247 9 152 -48 -115 192 29 -132 204 -121 -73 106 126 203 0 70 233 -233 -144 103 202 231 -135 12 178 -196 -189 -149 47 -151 -244 14 7 -163 207 81 99 135 -188 -46 15 -243 94 128 -237 -129 43 11 40 -141 191 223 -159 -203 101 238 248 184 -58 156 227 -113 144 -88 -168 25 37 53 -38 105 122 -85 -63 -5 -195 -212 -13 -190 246 -209 -164 -136 52 165 213 -49 -9 -42 27 -99 -145 195 95 -210 -45 62 -180 133 -123 46 -182 24 -225 58 153 235 -227 -201 -235 151 28 -213 -116 141 154 -12 51 -178 172 50 -226 55 -114 125 -101 174 -93 87 61 -30 -20 222 -44 -109 -248 -54 -75 -232 -128 26 243 130 68 10 232 -28 59 78 -67 80 -153 -105 -107 -16 205 67 -220 -79 -191 187 -199 -100 -174 -97 89 88 21 -122 140 197 -117 -65 -53 -25 -8 -86 4 186 -2 -119 176 8 148 116 240 34 -52 -81 -32 -175 30 -155 -66 138 123 -165 56 -204 236 -80 161 179 33 -104 23 98 -39 96 -229 -87 229 164 48 22 -11 6 -217 -214 -139 -242 -150 226 115 41 237 -120 118 -137 -23 -125 71 -187 -218 121 -245 -60 -169 -219 97 181 -184 2 93 221 20 129 211 -76 -177 -10 143 -78 83 38 -223 210 -179 114 -91 3 44 49 -238 228 -162 230 201 134 -173 173 -22 -35 146 -157 -1 -197 -176 132 200 -198 -4 170 160 76 108 147 136 212 194 65 198 -17 -103 -112 75 17 -133 149 79 137 -126 -36 199 -239 216 131 -202 -134 -27 -194 74 183 171 215 120 158 -24 168 -142 209 139 180 -185 182 -230 241 -95 224 -55 175 167 -215 242 -166 225 217 -138 -31 85 -148 -224 -241 -61 127 -152 142 249 -222 193 -221 -161 -56 107 100 13 -50 220 36 -70 208 219 39 145 234 -216 -140 -47 110 -18 -89 -124 -249 -156 244 -33 16 -200 -234 162 -51 206 -236 239 -40 84 73 -250 66 169 -167 -240 -247 -172 104 -158 -90 -193 189 -19 -82 150 -205 185 -41 -106 -146 82 42 -228 -147 214 124 -143 19 -7 -130 166 -69 188 72 69 -6 -59 -208 112 -171 -96 31 18 -64 218 91 -77 -26 -111 57 1 32 -154 -84 -94 -181 102 109 -29 159 111 -14 -98 -108 35 
TEST 107 ARG:-116 98 -85 -217 134 232 36 169 -58 221 174 -226 40 -210 249 -93 -233 198 -68 182 68 111 162 -151 94 -240 -38 93 2 -170 143 79 25 -205 223 127 170 -67 -204 -180 15 -239 -1 243 112 -156 -211 165 -45 -91 99 83 -164 183 59 69 -13 -129 105 -149 -222 172 -53 -203 -148 225 13 -78 -137 240 77 -31 -114 142 61 208 -59 138 -126 -65 -133 -247 -97 -194 -132 -102 222 -198 -139 -192 115 190 47 66 123 -110 51 22 -90 38 -197 -120 31 -208 157 -176 204 -39 -36 95 -22 -189 -80 242 211 137 -202 -147 -28 -130 81 203 114 206 -207 205 -185 -179 -2 52 26 63 -100 -108 -161 233 -146 -221 -64 -6 -213 -187 -33 46 -178 -231 50 88 -234 -96 23 -123 235 129 -160 -69 -17 65 -9 -228 237 131 106 27 89 175 -238 3 -159 236 -168 139 -200 -104 -199 121 -142 -81 -107 -16 -235 29 -216 -47 141 -246 0 -70 12 -135 -243 177 100 185 -10 -98 209 241 199 181 -101 -35 -152 -131 213 42 234 -105 -50 -18 -32 103 -49 -87 -106 90 -144 58 87 166 92 54 -48 218 -223 158 180 28 -124 -250 -62 70 21 -76 -42 39 136 128 -191 -195 201 140 120 -209 -83 216 -119 75 214 159 30 -241 4 84 10 -24 -84 9 220 110 -11 -5 239 192 8 194 246 -225 -122 171 11 -20 -14 -21 152 -111 238 124 179 104 156 -206 -167 189 230 -138 72 71 -141 -4 -224 78 6 -73 -89 122 -46 144 -103 -229 -74 193 55 228 33 163 -172 14 244 -15 109 -153 86 -60 -61 -140 -244 167 195 149 248 210 -227 135 219 -79 45 5 -125 200 187 -184 245 173 191 -143 -54 85 146 118 -242 -92 16 -88 37 -154 18 32 153 154 24 -145 73 -232 -75 188 -196 176 -86 56 101 80 67 97 -128 -25 74 -162 -219 17 -112 229 -183 -181 62 207 151 196 -55 -41 217 7 -237 133 -248 96 44 184 -177 -230 117 -236 148 -190 224 53 -155 147 215 -157 -12 -40 82 -134 -171 -95 231 -165 -51 -56 164 -113 -66 -117 145 -3 125 119 -29 102 35 20 -163 132 -182 -174 160 -127 -26 -94 -214 -218 161 48 -71 -201 1 113 130 -30 -173 -175 197 -169 -44 -220 -43 43 -27 202 19 186 -121 -212 -150 -82 91 -158 -186 57 -8 116 -109 168 212 226 -115 -23 -52 34 -188 107 -215 150 -193 -63 49 60 108 -136 -7 64 126 178 -19 -57 -249 227 -166 41 -72 155 -34 -245 -37 247 -99 -77 -118 76 
TEST 108 ARG:-127 -73 -239 61 79 -42 108 43 -70 -219 158 15 32 -114 -113 -161 232 28 -28 204 -227 -47 -29 -51 -97 105 -19 -169 3 131 -229 -136 33 -186 48 218 87 -105 -167 -25 -124 -133 17 181 142 196 -143 82 -192 -11 -190 140 177 -99 -177 81 -81 228 76 114 241 -163 130 -8 -10 185 -125 -72 -195 -208 -228 -187 -24 -48 -13 -128 -110 243 220 129 21 -30 -220 189 -164 -148 102 -50 -170 -146 122 -172 -134 124 -141 205 -40 -234 -205 -138 -16 120 150 219 133 -68 -104 198 -181 -222 40 86 51 154 -35 202 242 65 -165 -101 119 -49 -9 143 83 -129 85 11 -159 -58 -245 23 60 -78 113 -135 -236 -191 217 94 138 -102 -62 18 98 -107 -86 -27 160 -180 172 -203 -100 -243 -199 80 194 179 53 229 -43 -213 -196 -109 159 200 118 -130 -223 -147 -75 -32 156 210 -235 59 -237 151 -166 64 148 67 245 -212 201 -247 -240 -123 173 -137 121 -82 -45 -241 -185 74 -6 90 -55 -132 -193 13 -150 238 169 2 178 -120 -144 -87 -200 -183 -206 -15 -160 -151 141 89 224 214 -194 -39 -41 93 -207 249 4 -145 63 174 -142 -31 171 -90 240 66 -182 176 -176 38 -215 46 147 247 -85 221 134 7 19 227 -18 244 -153 165 -118 -61 16 -246 -54 25 49 203 -248 -155 -46 73 -242 175 236 -91 139 182 -92 109 213 215 246 153 -131 -188 -59 -119 206 20 164 115 -71 57 31 -52 26 77 -250 -117 -216 -249 55 -154 -112 -152 27 -157 -217 -44 136 145 95 -69 123 -67 -64 -77 -210 195 -93 -156 211 110 -108 -63 6 111 112 -26 116 199 22 62 -189 209 -214 149 -184 230 157 56 52 186 -23 -218 45 226 -12 117 191 239 -233 208 212 84 42 10 137 35 -158 -204 -106 -201 -230 -174 91 37 0 99 103 97 -17 -171 24 -168 -22 -38 -103 192 -121 -88 101 -53 -225 -66 -198 187 -111 100 -173 -14 -202 166 36 71 -34 -226 163 -56 50 30 146 -221 -126 -224 107 125 -140 68 47 235 161 -37 188 44 104 5 -57 225 70 234 216 -21 -94 96 -3 -179 237 72 190 -2 135 34 170 -116 88 14 -84 -5 -20 -122 58 -232 -89 -76 -4 -7 197 -178 8 -1 231 -60 168 75 39 41 207 1 -209 -197 106 -79 -211 -115 155 152 162 12 128 -231 -36 -139 -95 222 -238 9 29 193 -96 184 -149 78 -162 167 -244 144 -83 248 126 54 -74 -65 223 92 69 127 132 -80 -175 -33 183 180 233 -98 
TEST 109 ARG:-18 153 86 166 230 50 64 226 103 -123 -193 -134 101 -216 -137 205 162 146 54 -234 182 75 -240 28 20 136 -95 -115 49 179 -52 -127 12 -162 234 216 44 17 223 -217 -125 -238 -239 -44 108 191 180 2 -211 -10 -111 -6 -58 90 -219 181 -107 189 -103 -70 156 -187 18 247 27 207 93 147 55 85 224 33 -242 105 -75 -207 26 149 -50 112 48 155 3 241 -132 -15 29 -96 -117 77 43 188 -135 -130 246 -166 -101 212 -214 39 -16 -35 -182 238 -81 -30 73 -64 -241 60 -83 122 190 68 -160 -120 -212 66 -8 144 -231 -29 119 117 -164 -223 183 -59 200 -147 -92 -224 -171 -34 113 -55 37 -213 130 -51 148 214 196 24 36 -202 184 -1 170 76 -54 6 -189 -106 -181 -249 45 98 206 121 -141 -5 53 244 -209 235 -173 67 128 -116 -163 -246 -97 40 -220 -84 -250 91 -237 38 -112 47 240 -215 220 -205 -80 -33 208 131 114 -27 52 -57 -48 -39 -67 -78 79 -152 100 202 -53 215 -176 -71 -90 69 249 109 159 -82 -167 -37 -11 -210 140 133 22 -245 -169 -158 139 -206 164 161 157 -47 87 -222 25 94 8 167 97 -46 95 -184 -99 0 209 245 236 174 -155 -154 172 63 -128 145 11 -89 -77 -244 -113 -201 15 -100 70 -208 204 -126 232 31 -22 -218 169 13 -3 23 -151 -157 150 7 -143 -183 -21 -94 -179 138 -62 199 -4 88 175 -49 177 123 -109 210 -142 154 -63 5 -140 81 -110 42 -73 193 83 168 84 -144 118 59 242 160 -232 225 132 111 -25 107 -225 89 158 115 219 57 -248 -119 -172 192 -150 124 165 -86 102 141 -45 -136 -226 151 30 -122 -68 -72 233 163 218 -203 231 -66 203 -60 227 -69 -194 -174 62 -180 72 -148 106 19 -26 -129 -124 -32 -227 -195 -178 120 125 222 -139 187 -233 99 -104 221 198 -24 201 -121 -114 9 -91 78 71 178 -85 46 -236 217 -93 14 -197 -88 -65 10 32 -188 -20 229 142 135 -153 58 -105 127 -145 104 195 -118 -98 239 186 41 -108 16 243 21 -186 173 -14 -161 -196 -56 176 -19 -200 34 116 129 61 -138 -165 -204 134 213 211 -87 -7 -175 -38 248 -42 -102 171 -229 -146 74 -61 51 -41 -2 -28 -190 -199 194 -43 -133 185 -156 137 -177 237 143 -247 4 -198 -17 92 -185 1 -74 197 -192 -230 -228 -36 -131 -221 -76 152 -159 -168 -12 96 -13 -235 -9 -79 228 65 35 80 -243 -40 -191 -170 82 56 110 -149 126 -31 -23 
TEST 110 ARG:164 -199 152 -7 -145 195 30 245 -92 -93 95 238 98 239 113 -85 48 -173 -115 71 188 102 -207 60 -168 137 -233 182 122 191 -73 147 142 -156 160 203 -155 221 5 10 -169 -55 -152 114 -110 64 47 -3 70 42 -194 66 75 -231 198 139 132 244 199 -192 -1 -24 200 -13 202 -175 -97 13 -50 218 -246 163 -41 -141 -75 63 -120 -200 -52 -215 -137 -226 165 -84 -42 161 50 -164 -129 0 93 -66 -53 -241 -81 230 127 -117 -47 -39 -213 -34 -134 -25 208 -9 209 85 46 -161 -150 24 125 94 53 -202 -86 -184 -78 -146 -11 -180 -188 -205 -179 -14 -23 -163 52 110 -159 11 -57 141 153 54 -125 -28 -196 43 -54 -149 -245 135 -136 217 -6 242 73 -69 -35 108 -181 -90 -143 -185 25 -232 26 167 -95 -107 -79 -88 61 171 39 -249 -49 126 -224 227 143 3 18 -60 187 -126 -108 -26 241 243 158 20 246 -87 235 44 205 -48 204 -250 173 -187 68 37 -99 -206 -178 74 -229 176 140 87 -165 -58 194 136 22 -238 240 97 78 -172 146 166 86 -76 -221 65 120 -30 -64 -234 -189 103 -94 156 84 1 -216 -16 17 190 -191 9 -101 -235 -83 172 -68 118 224 -230 183 174 79 154 231 -116 225 107 -135 226 -148 177 15 168 111 -36 32 -59 -212 -219 -106 -96 237 -72 14 55 -31 67 -33 16 -171 -29 -71 -70 2 -227 151 -37 35 128 155 -166 29 -244 196 -91 -217 -151 -114 169 -153 -124 219 -44 159 45 175 101 28 248 121 -186 -225 170 38 -38 21 247 131 -197 -222 -177 12 222 -113 -237 -21 184 149 -211 100 162 -193 -45 -190 -130 -22 6 210 -183 220 -51 -176 -243 193 -111 -122 115 -140 -12 -240 58 4 -105 -228 109 27 -204 -248 -132 134 129 -144 236 -10 -160 -46 -174 62 -63 189 -157 213 -77 89 -198 249 211 36 -103 180 233 -32 -210 -119 -142 -128 212 91 -20 -182 -61 -100 33 117 7 -89 90 40 -102 -158 228 145 130 23 148 92 179 -236 229 82 -167 81 -82 144 123 119 -127 8 -123 34 112 -170 -209 116 -112 -138 -195 -5 59 57 88 -18 -43 -154 106 214 56 -8 -109 105 150 206 234 232 99 -133 215 41 216 -162 -203 -239 96 -121 186 -15 223 201 -104 -118 -147 124 51 -131 197 76 80 -17 138 -242 133 -214 -80 72 19 192 181 -247 -2 -4 69 83 178 49 157 104 -56 31 -208 -19 -74 185 -40 -201 -220 -62 -67 -218 -65 77 -223 207 -139 -98 -27 
TEST 111 ARG:-156 -131 36 146 90 -112 -52 147 30 -205 116 60 126 -74 167 -194 218 87 99 -33 233 78 31 180 3 181 -113 123 -211 -148 -209 -13 12 209 -213 -154 171 206 127 81 95 13 -208 -86 217 -157 92 154 134 157 -99 -66 -182 22 84 67 -130 39 177 -14 178 223 112 -81 -53 -177 248 4 158 -35 75 145 -141 -129 196 241 10 140 238 -127 155 135 40 -137 -32 -78 203 35 -36 235 106 120 -220 -243 231 133 104 -198 -94 -31 -24 219 88 -6 195 -20 34 -186 197 -91 132 -124 236 -145 115 213 -34 -225 74 162 -59 -197 -219 79 -72 172 -203 -160 69 -75 -134 137 26 -119 173 -192 32 -149 42 -89 56 214 161 -97 16 -171 224 -146 -133 -19 227 -244 187 -76 -117 -218 -56 169 -79 -50 -165 -106 -184 -8 -55 143 215 0 -92 -178 184 -180 -102 121 109 -12 -107 244 -135 -164 179 -250 -206 -214 -162 -28 108 -109 -63 -143 -90 170 101 124 117 118 80 -237 62 131 -83 45 -210 -139 -207 222 25 -217 52 -45 -123 110 -103 -195 114 -4 27 -144 151 111 -140 -181 -240 -101 201 207 -54 119 -61 -168 -51 -80 -2 -25 149 -247 -235 47 -189 -136 234 -115 216 48 191 -67 -118 -248 -110 225 9 53 -100 83 -38 59 -46 66 46 72 -3 -132 199 245 -201 229 50 175 24 -200 -27 247 226 122 -202 43 -163 -87 14 152 -65 41 70 -224 -128 -43 -216 6 -16 -47 -193 163 128 -159 185 -57 188 -60 -69 49 -199 205 -5 -1 89 176 -183 -26 -77 -116 -229 54 165 144 -18 85 186 -68 -155 193 -70 239 -22 -17 -231 -173 -111 73 156 -187 -233 44 153 125 -82 -158 58 -108 93 194 -222 -11 -39 182 148 11 -228 -241 -204 -62 232 -142 159 -98 -114 -120 210 200 -179 -245 -44 -121 103 113 -21 198 -167 168 212 189 -37 150 130 -40 15 -242 -172 33 -9 -58 -138 37 -161 220 71 7 141 -249 -64 -175 -125 192 -84 -232 221 164 129 208 249 243 68 136 5 160 -196 -126 19 -88 -188 138 -10 142 -238 174 98 -152 8 -95 -85 -151 -153 107 105 228 -104 77 -147 -221 51 -7 -30 -246 -166 -71 102 246 -96 -48 100 190 -223 -234 237 230 -49 65 96 61 -150 -230 29 -170 17 242 -41 55 -122 -23 97 -93 1 -169 139 23 -105 204 94 -227 -191 63 183 -29 21 -190 -215 166 76 -42 -176 -226 -73 86 82 -239 -15 28 57 91 -185 64 2 211 -212 -174 38 -236 202 20 240 18 
TEST 112 ARG:6 -64 222 -220 233 47 207 -15 71 191 -131 148 193 -36 -63 -53 59 -37 160 -230 -54 22 132 -88 -39 -205 -209 -211 -43 7 -120 -192 -242 57 -4 -69 180 -21 120 -149 99 238 242 121 -11 -1 -98 -156 -207 176 105 -234 237 -225 10 -91 15 -176 24 211 -87 137 -154 -114 152 97 219 87 129 -200 103 77 177 -216 122 202 -142 145 -109 89 50 124 -35 -51 17 -160 -14 -199 36 158 -5 157 -201 134 60 -82 37 -47 204 -19 -28 56 88 232 -179 32 -153 -89 -23 98 -71 -68 -94 68 20 -96 3 216 23 169 51 49 200 52 62 -107 -97 248 126 91 221 118 -48 -32 170 -203 217 58 -238 -178 -164 -129 -147 33 179 227 -171 -95 31 -7 5 -121 -67 -190 19 -193 -143 -85 -173 92 142 -112 203 46 -42 35 85 -60 -55 -248 -10 18 -136 224 -75 84 -194 27 234 -237 215 113 155 117 164 -146 -236 -187 -175 -219 -134 54 174 75 -40 -135 -92 -140 63 162 -80 189 -145 -90 -113 185 -224 -157 -104 104 135 -66 -100 230 -232 102 34 72 80 11 184 210 -59 -222 175 14 205 9 61 1 -130 -128 245 182 223 -177 197 -29 161 -34 65 143 -195 208 213 -186 106 44 90 -73 166 -245 167 -83 -189 -124 -155 206 67 150 110 108 101 198 55 -105 226 109 69 -215 119 218 64 -8 -45 -26 178 82 141 95 -99 -27 -152 78 -115 -250 163 -158 -223 -137 -86 -62 -74 -65 29 -183 -13 -17 -102 -38 -188 165 40 -12 42 -168 -117 123 -46 94 -213 -119 79 149 140 236 247 -72 186 -221 195 -243 -61 115 -163 138 21 30 131 -106 -81 -218 -110 -206 -93 66 -111 100 -77 4 -198 156 -56 -181 125 -25 -244 -227 -6 73 192 168 41 8 -139 -217 196 -125 83 76 -20 -167 26 133 -2 81 -16 -76 96 43 107 -210 -138 -212 147 183 -231 229 127 0 114 173 39 16 -126 28 246 74 225 -116 -141 -228 146 209 38 13 -174 -33 -239 -214 187 239 -70 12 -132 -151 159 45 -170 -202 -229 212 -24 111 -182 -133 -226 243 -79 130 -49 -165 -159 -233 139 -31 -3 -235 -84 -18 -123 136 -22 -172 154 -180 -52 -240 171 -162 -148 -169 -50 -247 -249 116 -41 -161 -150 -108 70 153 -118 86 188 144 -196 128 -9 190 241 53 -101 172 -44 -57 244 -208 249 -204 -197 231 112 48 -191 194 -184 2 220 -58 199 -127 240 214 181 228 -78 -30 -166 -103 -185 235 -144 151 201 25 -241 -122 -246 93 
TEST 113 ARG:-152 -160 223 -150 198 68 61 -133 -147 125 -29 130 221 -157 -209 -122 11 74 26 -46 -20 35 79 15 0 -6 1 64 -52 12 167 160 -60 52 -193 23 -116 249 123 190 -112 102 -74 -50 151 189 188 204 9 115 182 -208 -216 -57 20 -96 85 164 18 -142 144 -98 202 128 7 -100 -162 162 -28 -105 -138 -242 205 220 112 180 -172 154 186 -61 -113 105 37 -169 -141 25 230 206 75 -25 -24 81 -181 -35 27 -31 66 -39 -217 -16 -202 51 -237 224 -246 214 92 232 142 -151 44 30 119 -131 -186 -115 -144 -139 108 248 -86 181 96 53 21 45 163 -189 152 -200 -215 168 49 -110 -47 84 90 -201 -73 -134 243 -94 73 -40 97 -72 67 -15 212 -9 192 -143 -5 48 171 -120 211 216 -59 34 -42 -84 197 17 227 -19 50 36 -27 -69 -231 -81 -18 -190 -2 -164 153 -178 174 165 13 -3 178 170 -240 -88 100 157 -137 150 235 175 62 32 14 110 3 -182 143 219 240 72 -135 -146 -234 166 80 201 245 -173 -179 244 -12 -95 -55 -197 -163 120 -101 -65 55 91 -196 -229 54 -192 59 -71 -218 117 213 -76 -195 226 138 228 -175 -249 47 -92 -11 -48 -174 -17 -66 -34 -38 217 -114 69 -41 103 229 98 -79 5 88 -30 -180 -106 -155 -220 177 147 8 -127 132 -140 31 4 -136 -203 158 122 -184 -230 -241 187 -168 -214 247 10 -8 -194 -158 -119 71 196 -58 -99 149 -226 -153 134 -64 43 -145 207 194 -68 40 161 22 -185 113 -124 19 -191 -14 -93 209 56 -111 -211 -244 242 109 -7 -129 83 -235 126 24 131 118 -206 2 29 -85 -83 -32 -245 -156 200 191 -117 239 -22 -170 -205 -70 93 225 -37 -236 179 -171 63 -23 -45 58 -225 140 111 -75 -77 -4 -222 -248 6 107 -97 -121 -198 208 218 65 -148 -212 -232 193 -161 -51 -54 -102 60 38 -107 145 136 238 -210 -1 124 39 -233 -177 87 89 101 -53 -213 233 94 -67 -130 16 -13 -62 -78 199 237 173 41 241 169 159 -10 172 148 -159 215 -228 -87 222 141 -63 183 195 -118 -176 -183 133 78 114 129 -199 57 -128 -149 -166 -132 -104 -44 -126 -243 -90 135 33 -80 -250 139 127 -103 77 -82 156 -239 42 -33 116 176 -223 -221 234 121 -238 -187 137 -26 -43 -36 -204 104 -224 185 -227 106 86 -167 70 236 -125 -109 -219 95 146 28 99 184 -165 231 -154 -188 -108 -56 -91 246 76 155 -247 82 -207 -89 -123 -49 -21 210 46 203 
TEST 114 ARG:-47 230 187 -90 -193 30 36 -98 207 -197 100 -53 -29 -120 -202 10 58 105 78 151 81 216 -94 120 115 -167 -88 103 133 159 8 57 219 205 248 -249 54 -78 -119 18 214 -111 -242 245 182 89 166 -230 203 168 237 71 180 2 157 -147 204 -122 80 -190 -106 -9 -71 147 -21 193 -109 177 62 64 238 -183 94 -33 206 -180 162 -188 142 116 127 -42 -204 -45 -191 20 190 -174 -25 1 -36 -121 236 -199 -13 -216 -133 -172 173 186 -182 -203 172 -175 -239 164 -130 -215 -81 -201 39 92 -37 167 -212 -62 -82 -97 -57 175 -161 66 -117 -39 -143 -51 -168 73 -153 249 141 114 -137 155 -232 241 -177 152 235 -41 -152 69 221 -144 -105 217 -15 -205 -60 -80 169 -139 85 -140 -84 137 211 185 32 56 -46 84 -181 242 -24 -7 170 -70 21 -135 229 247 -245 -231 0 86 -209 171 -198 95 -48 117 -224 14 243 -22 -118 -159 -18 -27 128 70 -67 19 178 -155 -185 130 -223 -126 31 199 -206 93 -19 -124 123 -157 -238 213 -222 145 -74 -127 158 -10 -110 -235 9 -138 16 148 195 198 -194 -34 41 -75 96 -213 -237 -89 154 -11 53 -59 -92 222 -142 -56 106 -134 -145 -108 82 201 134 -149 215 44 15 -123 -128 37 -76 -100 -219 191 -96 -50 -99 144 -32 176 60 -211 -12 29 49 22 -226 -220 -115 107 -225 212 -85 -243 68 140 -208 -160 72 108 126 91 -244 47 67 232 118 -184 -218 -38 -179 87 -54 231 88 244 -55 -189 -154 110 -114 192 74 79 90 -93 -31 -104 160 188 -14 129 27 -228 -87 122 -86 112 -176 -61 149 -200 28 -40 5 209 23 -4 -112 -247 -151 -217 200 -79 218 -221 -17 202 42 -227 55 26 -248 -229 -207 33 -173 -234 124 -116 -186 246 239 -66 135 -95 -170 234 45 -2 -195 -129 -63 51 208 -102 220 -49 -8 -43 97 -125 -68 -250 -169 76 183 -30 -141 -52 65 24 -83 -163 143 -132 210 48 -178 -158 163 113 -35 -246 -64 75 -240 11 -171 -196 77 98 99 179 -101 -23 3 50 -146 40 -103 83 -73 -6 228 102 25 6 -44 -107 38 12 -16 43 46 224 17 34 -77 -166 -26 174 -72 -28 -162 -65 132 109 -241 -131 -20 139 -164 4 35 119 131 7 59 -156 233 138 240 226 -91 181 196 -236 -58 165 184 161 156 -187 150 13 -214 -192 111 223 -1 104 -136 52 -3 153 121 146 189 63 197 136 -165 -5 225 227 61 -113 -150 -148 125 -210 -69 -233 101 194 
TEST 115 ARG:134 -72 79 192 -153 -74 -166 104 -224 -238 -129 228 37 46 -229 -239 -130 3 201 168 -203 157 8 122 -189 -248 -119 179 98 -16 -59 81 -177 -148 -69 -186 -19 -92 -214 73 54 51 -110 61 -145 132 158 -50 121 -21 211 -137 -10 -156 127 75 240 31 154 -67 141 197 33 -221 21 -5 123 6 48 -143 147 -155 242 -48 42 155 184 57 9 -223 38 150 209 -147 -222 85 78 151 -190 -170 -76 113 -138 146 90 -23 26 107 -78 -219 125 -42 -86 200 -61 244 216 152 1 -2 -164 -124 -144 -236 50 -73 -235 -54 -135 -114 80 -108 -81 247 -68 111 -175 -93 -109 -233 7 -98 67 190 182 -244 89 234 180 -88 53 116 -8 -40 -33 -162 62 86 143 12 235 -171 -206 232 -199 -234 172 40 28 87 52 -32 -117 204 -100 145 243 -37 -84 -192 -120 110 -63 237 -201 186 -65 176 -207 227 -66 -167 74 187 109 -133 -56 -30 -149 -132 163 166 -94 129 -127 -232 -6 -217 108 32 -71 142 -126 -250 225 -230 97 174 131 -25 27 -101 -125 -113 -202 105 -18 92 -27 -169 183 77 148 0 248 191 -121 -200 -168 217 -142 230 -91 -204 -85 196 71 223 -7 165 84 -20 34 -122 229 -181 -183 -14 25 -102 -47 -159 70 -17 -218 178 44 18 -152 106 56 188 -157 -99 -225 222 220 58 -215 -38 -44 238 68 -41 -174 -45 -176 14 173 -87 -70 43 45 138 35 -160 -134 181 -188 249 60 -163 93 -1 -34 177 -9 -196 -46 -208 -220 -53 102 -82 -77 124 199 233 -231 13 -80 -154 246 193 20 -249 139 55 -210 66 -29 162 205 169 99 -13 218 215 -139 -51 212 -194 144 -237 -198 203 137 24 128 -43 -151 -187 30 72 -24 -226 -4 -95 114 -195 59 64 -39 236 83 -83 207 185 164 63 -165 16 202 130 208 47 10 -197 135 171 19 -52 206 17 115 82 221 -60 -178 49 -104 -213 170 189 -26 -193 -173 22 -184 136 101 133 29 -205 156 -140 -105 -185 140 -55 -209 -243 -12 -247 -245 -97 167 -158 -28 226 126 -240 245 23 39 76 65 -11 -96 15 194 241 149 -115 -62 -106 -57 2 -112 94 -146 -116 -182 -161 -111 69 -150 -191 -123 117 -79 88 100 -128 -216 -118 153 -131 91 -3 120 118 5 219 4 -180 96 175 -89 213 -15 161 224 95 41 159 11 -22 -58 -179 119 -90 198 -212 112 -227 239 210 -228 231 -103 -211 -246 103 -64 -141 160 -241 -36 -49 -75 -31 -35 -136 195 -107 -172 36 -242 214 
TEST 116 ARG:-52 -46 45 -8 -85 -160 236 184 -227 179 -55 217 249 -58 -171 -186 -215 -130 -190 111 -174 -111 136 91 -24 -74 -61 129 -99 -219 -6 224 -199 112 173 -166 -18 -5 156 204 137 -211 155 63 -30 232 -230 -213 -128 5 -116 -80 141 242 1 238 245 118 -9 -187 33 -84 78 140 -194 154 77 226 -216 -149 233 35 -147 -129 -37 22 -182 134 -244 -51 -19 127 105 -29 -189 122 54 84 92 176 -225 -214 185 -217 -156 -113 21 -82 -94 -28 -202 20 72 89 -34 139 51 148 46 162 97 -69 103 65 -3 -102 119 -226 -68 241 144 27 100 52 174 -78 -109 152 -95 -112 -177 6 41 -36 177 7 -101 -198 94 194 210 168 -146 -180 -41 57 -197 23 47 -12 -228 178 188 -143 -136 -21 42 104 68 -32 -75 101 -212 192 145 -17 -241 -188 102 -63 -72 -39 -170 30 -243 25 3 157 -176 -161 -242 109 -218 195 61 28 216 -133 -150 50 -62 -60 -184 172 -134 143 -48 90 -240 -163 234 189 -123 -117 -91 -114 -16 -137 93 -1 183 239 -92 -87 -124 64 -22 -38 83 -31 85 88 34 -236 26 15 -203 -183 -179 -144 -27 132 96 82 -249 -53 -195 -209 -175 39 99 37 -50 12 -70 60 9 17 -81 212 153 36 -110 16 120 -106 79 -132 -89 133 -167 108 181 159 -229 149 -232 -204 0 -42 -77 116 -14 18 131 -23 -158 -164 182 114 -66 247 115 -210 -148 40 -135 151 81 -206 -201 160 209 -238 -115 213 -83 221 230 180 70 138 -153 205 235 -141 13 -67 -157 -127 -159 208 4 130 -76 -185 227 -162 -246 -139 -192 -54 -173 -2 -107 86 -131 -100 -234 -105 117 110 107 -7 225 196 -169 -223 -208 -200 203 -15 -121 211 59 215 -26 175 -235 244 -126 67 -207 -88 246 197 -65 62 69 38 223 -93 165 -35 -40 -64 -10 202 -168 166 58 125 -233 158 53 243 -145 146 190 10 -155 -220 66 170 -4 -181 74 240 -120 -140 123 43 -231 -71 -142 167 198 -224 -239 128 206 186 -205 -122 56 -96 -86 171 -97 -56 73 -73 218 -125 219 147 -151 24 126 -152 187 -191 -25 -118 -104 199 -57 248 -59 222 229 201 231 -193 -221 -108 -103 121 142 -178 49 -165 31 220 2 14 -47 -13 -79 113 124 -237 169 -45 32 -20 -222 193 191 -90 29 98 87 135 44 -250 80 8 11 -247 -138 228 -245 214 -33 -172 237 19 163 164 207 -43 200 -154 -11 95 161 55 -98 -196 75 -119 76 48 71 106 150 -248 -49 -44 
TEST 117 ARG:-224 80 -124 249 202 205 134 -102 201 -245 -76 91 -203 34 156 -93 155 218 88 -237 -199 63 12 107 -164 239 240 -19 -127 -247 131 177 8 144 55 -8 -16 -138 -139 -226 228 189 -201 -210 -96 -223 75 241 35 135 -49 61 -157 19 -150 219 -242 -145 -112 -122 -250 42 77 -206 -120 -71 -88 245 196 233 -72 -146 81 -198 -43 168 -184 120 66 180 111 -68 -46 -161 -75 166 -188 114 -114 206 136 -135 14 -151 224 50 110 -243 -207 -27 -28 9 41 90 -7 -125 142 184 -144 238 -10 195 -32 213 -168 53 -246 138 51 194 123 191 214 -97 20 105 -175 13 -94 -54 124 -231 -73 93 -155 -116 -24 158 243 -123 -182 43 72 64 204 -22 -51 -52 84 -42 226 203 -70 -56 -26 83 -230 -130 197 -162 -190 139 237 -228 -115 -173 161 140 -159 -21 -211 -216 -215 -109 210 -20 -163 56 -134 236 -172 -101 232 137 78 67 -39 46 59 -229 -180 0 187 172 65 -55 3 16 -234 -3 209 -235 36 33 89 -195 -240 -17 30 -140 118 40 -152 -158 -248 21 -60 175 119 58 220 32 -111 -126 60 29 112 18 1 38 102 87 -169 -82 -53 108 176 127 160 221 -170 185 -86 -167 -137 117 246 -121 -204 130 -47 -220 82 211 -62 26 47 235 -108 242 -244 -219 170 10 113 92 -221 -104 157 -131 37 79 182 17 86 212 -38 -107 52 -238 -213 -36 -33 11 109 7 6 -4 247 -209 -166 95 150 -63 115 121 -156 -143 199 129 200 223 -78 -132 100 143 -179 -133 -110 -29 188 244 -66 -147 -142 22 116 54 -241 -249 217 -103 -187 225 146 -119 70 151 25 -194 15 24 -185 145 5 -113 -129 -15 -13 44 31 181 -153 126 -6 -99 45 -92 -44 -222 -90 -59 -174 -197 -95 -45 -9 -227 183 122 -57 -128 163 -148 -214 173 -117 -81 -34 -178 -239 -31 164 -67 147 -181 -205 73 -192 190 -212 -79 69 28 162 216 68 -12 208 -48 -11 154 207 -5 152 27 96 222 101 159 94 74 -141 -189 -225 248 -61 -154 -50 -18 230 49 -200 -186 186 97 -69 -65 -35 -118 -83 234 23 178 -2 106 -87 104 -233 -64 -85 167 -105 132 85 -100 103 62 -30 -25 -58 -232 -217 -77 -202 -149 193 128 -160 -80 171 -183 -191 153 -91 -40 -74 215 -218 -23 192 71 -236 174 57 39 4 -208 -176 227 76 149 -193 48 2 99 -41 98 -106 165 -84 -196 -177 229 -89 198 -98 169 -171 -1 141 231 -37 -136 125 148 133 -14 179 -165 
TEST 118 ARG:70 96 -208 -184 -186 62 5 -22 180 -80 -221 126 153 -32 -155 -152 -47 -88 -48 118 138 -165 66 -198 82 10 60 -139 247 45 102 -146 127 -2 143 -19 -228 -181 -215 228 -151 29 -163 -118 -25 -55 194 239 86 -5 173 61 -101 -218 54 -194 32 114 -127 -97 185 117 -71 -147 -96 -106 85 165 197 97 -13 -36 -230 -136 -6 99 136 -44 175 -102 -60 -174 -209 -164 107 187 154 -250 -70 79 -203 -246 -226 -72 -206 -196 28 124 201 161 89 -24 -216 132 -160 50 -64 -153 -9 133 -217 242 -29 -182 200 -67 236 -37 -237 47 -229 135 -8 -46 -17 164 91 -171 -77 166 109 -121 -193 7 -82 -225 -247 33 -52 -192 -27 -150 18 -195 -89 73 -176 -54 -114 57 -187 -51 -65 123 158 151 208 20 88 -175 171 169 22 -167 2 -123 14 235 -243 -234 -49 -92 -180 -227 243 155 -111 206 160 -222 52 -170 227 9 225 106 37 -90 183 -104 -21 198 226 -3 -190 77 -85 -138 -41 -81 184 -18 -30 205 147 -145 3 134 -122 -244 -125 -202 26 19 -33 -143 -42 78 -223 172 245 191 46 12 163 -232 -178 -126 -62 202 -183 -144 -224 -168 -14 122 71 244 87 108 212 72 199 -207 -93 -177 159 237 -128 229 -105 246 -235 -119 -117 -241 69 58 -16 90 -204 101 -154 -86 -39 43 -78 -248 -130 113 232 -219 215 150 207 -115 27 -245 -63 -240 -148 40 238 -91 217 182 -74 -10 -53 92 -12 111 -131 210 234 16 -57 -75 222 162 83 -199 178 139 38 -159 -66 -211 157 112 -158 -87 -189 53 -94 59 204 51 -43 189 -69 -59 -220 -100 -133 -103 -135 -50 192 233 23 -137 120 -205 -34 121 80 17 181 209 103 0 -23 35 241 119 220 137 81 -249 -242 142 4 8 152 131 -173 -142 65 -109 -157 98 -156 115 -112 -210 48 -113 116 141 25 15 76 -169 221 129 240 -98 203 -76 -162 -188 190 -179 31 -95 -20 49 224 55 64 -40 -129 100 11 13 -61 -200 167 -132 -58 -38 186 -1 -26 231 68 56 -45 -201 213 95 75 211 149 145 -214 128 -238 -161 146 168 144 223 24 196 -7 -120 -68 214 -231 179 170 176 -166 -35 216 -31 -73 -79 188 93 36 110 -110 -239 193 -134 -99 84 248 -124 67 104 -116 -84 -212 174 130 30 177 1 34 -191 140 39 230 42 21 74 -236 94 125 249 -4 -15 156 -213 -233 44 6 63 148 -172 105 41 -56 -185 -11 -140 -197 -149 -28 -83 195 -141 -108 219 218 -107 
TEST 119 ARG:135 -39 -150 -121 144 28 -59 -22 122 128 -138 -15 -37 -66 -71 -93 200 -160 9 -142 -101 181 -48 191 11 -115 -2 -116 -162 -216 -99 -23 171 -231 60 -82 237 -199 -51 -159 131 -126 -227 210 115 -103 54 34 -166 -67 -206 -12 -136 -246 -123 -243 223 149 -114 85 -170 -139 -96 148 166 100 39 -49 154 140 69 29 -36 64 79 -222 35 -177 58 52 -79 -117 -168 87 187 -109 -226 59 120 227 -229 -236 207 -53 -218 21 -152 -8 -24 -100 -29 76 -134 -217 -248 103 -124 151 130 -69 245 -129 97 -200 -75 205 -122 -95 17 -21 -148 170 -92 -209 143 -25 231 -89 -106 -132 14 201 -81 -239 5 62 239 -176 249 -221 127 18 160 63 82 -4 -38 -86 -78 -112 212 -91 -88 -128 194 16 107 195 213 -187 -102 220 86 -149 113 -13 228 10 -11 -179 2 27 110 -235 222 -174 -52 225 -244 112 -73 234 167 241 91 -111 55 -14 243 53 246 -153 -154 -204 -28 -144 -197 -20 -46 -19 6 -158 156 78 159 -45 75 -212 -181 -161 209 158 -141 -120 -146 137 23 48 -26 -87 196 -60 106 -105 155 -249 19 188 49 136 -169 164 165 38 202 -147 37 81 -27 216 -50 42 -196 -133 -70 -198 -131 -192 199 -6 -83 -191 -178 172 92 117 -215 -165 66 36 183 65 -98 118 116 -41 126 109 -234 108 84 -40 111 -241 -245 226 7 233 206 -164 193 57 -10 -213 -90 123 88 157 -145 178 -220 45 -127 -186 8 -219 67 185 -185 102 -18 -107 232 -119 3 162 -110 -74 41 -76 186 161 176 198 -182 61 99 152 -56 -195 -84 -68 15 -163 235 33 -194 94 219 -155 40 125 -9 -54 229 -1 -31 -58 -33 236 -228 173 -16 68 -205 -97 177 -137 138 129 -42 56 248 -55 -172 104 13 -34 -64 169 -183 -143 -188 -171 -223 71 -32 -17 -237 244 74 -57 141 182 31 -175 25 -43 -44 242 98 153 -108 -184 32 70 -180 -72 -225 142 -77 -113 -189 -47 -62 -173 -167 20 238 247 134 26 -238 215 168 73 147 -202 218 -230 0 211 197 101 4 163 -125 180 80 -250 -118 -214 230 83 139 203 95 47 -5 214 189 -232 -208 -247 -94 22 -140 -80 124 51 -210 -233 174 -63 -240 -151 190 1 -242 145 105 175 -211 -190 -35 -156 90 -7 -207 217 -3 -65 -135 46 -203 72 132 12 93 150 89 -224 208 192 -193 -104 30 240 -85 -30 184 114 50 179 224 119 121 -201 133 -130 77 44 -61 -157 221 204 24 96 146 43 
TEST 120 ARG:-170 137 220 197 116 42 156 19 -152 -10 -91 -246 129 -185 -208 189 38 242 -124 239 193 11 184 32 201 -164 -239 -223 166 63 -97 206 -248 -137 172 124 175 118 -67 195 17 -60 170 -143 53 -24 -102 -176 51 29 -1 -144 -51 -134 44 22 -224 -207 207 177 105 -5 190 15 30 -61 -213 34 214 231 -71 -23 161 134 67 -118 -250 76 86 -45 -209 -233 26 -30 -17 216 54 85 -13 -31 -11 -172 153 -53 113 -33 145 -95 -162 5 10 39 46 95 62 144 188 74 226 141 136 240 185 -41 -50 69 -229 131 77 158 247 79 52 -206 100 106 200 72 58 -181 43 49 -36 -174 154 237 -160 230 33 198 212 -130 149 -183 92 123 50 -217 -140 211 -82 80 -99 91 101 -146 -87 -88 -205 -77 -123 182 115 -90 -203 127 -38 173 -114 -93 -116 6 205 157 -57 180 126 -9 -202 -44 -156 -110 -139 142 169 -216 1 139 -247 84 -166 36 135 132 209 -69 -35 140 -155 -47 191 196 66 -48 71 -215 -126 -197 110 225 -188 -149 -249 112 -108 4 12 249 70 -199 -6 -175 -158 -171 -194 -236 -147 150 99 133 21 23 -40 215 -218 148 -161 -29 -235 -112 -64 -178 -22 -182 -219 40 -79 217 93 -107 -59 28 -173 48 -49 186 3 82 65 -198 -43 -65 130 235 -115 -98 151 -148 -83 -56 88 -86 203 -240 -184 194 -20 -159 -234 168 -167 238 -136 174 24 -192 73 -16 -81 -68 -58 183 -78 31 -153 -245 8 37 16 -220 -189 -34 -7 -243 192 -94 -221 165 -28 14 221 -3 78 45 47 57 83 0 236 7 -237 160 208 -121 178 241 167 -131 13 111 234 -37 -227 -230 108 -113 128 56 -96 248 171 218 68 -191 -244 -73 89 -129 -210 -145 -142 -106 152 -39 -154 -89 60 -200 -150 -117 -132 -212 -26 104 -135 -193 -186 202 2 -242 -127 -75 -187 -211 -222 -138 204 176 -19 233 109 102 229 98 27 -74 121 -177 75 9 -105 61 146 41 244 87 -18 -14 224 -165 -225 246 -15 138 162 59 -104 -163 -55 199 164 119 117 232 -103 -195 -232 -125 -128 -84 -111 -151 122 227 -180 -109 -241 114 -119 -168 213 210 222 143 96 -226 147 64 -238 -231 -21 187 -228 -101 -141 -66 125 -62 -52 81 -179 163 20 -204 -46 18 -76 107 -72 -12 55 -100 219 -85 223 155 159 90 -196 -4 103 -169 35 -27 97 -120 -54 228 -133 -25 -8 -190 -2 -42 120 -214 -157 -32 94 -80 -201 179 243 181 -122 -63 245 -92 25 -70 
TEST 121 ARG:-49 -110 -123 80 -67 -242 -149 24 -202 -131 -166 -95 108 172 -175 -203 11 25 -225 189 164 -165 161 62 -83 -50 -41 111 -188 234 5 -62 60 46 140 -121 228 -177 126 -162 54 232 -171 -114 -221 173 209 138 -96 115 -128 198 163 -248 -31 39 128 160 38 179 -12 0 244 239 13 -147 -79 97 218 68 -156 84 211 -68 227 123 -13 -86 57 184 -205 6 42 110 -59 -146 186 81 -208 -143 134 105 -97 245 52 146 -90 221 137 26 -10 -43 -160 -184 -182 167 196 -126 -70 -233 41 174 -196 187 -140 178 -106 -134 -93 -94 -44 152 169 -176 249 -51 3 229 181 243 -247 -190 14 -19 20 -84 -112 33 15 16 -142 199 194 100 -173 -29 -224 -92 8 17 2 -81 -113 191 -201 -167 -144 -4 61 1 -54 -148 212 -158 131 -168 -82 -42 88 -183 -8 28 56 -118 -133 -78 -129 31 -161 233 195 224 -109 -77 -229 -174 -64 150 141 144 -53 27 95 -16 -240 35 -74 -193 -87 -179 -27 166 64 -9 -14 93 -230 -15 -125 103 -124 148 72 51 23 -163 22 158 -239 240 -136 -23 236 63 -232 -40 -215 -155 -231 -199 -244 185 109 153 -22 -157 79 37 -11 -138 -234 -186 193 -198 73 87 -46 29 208 -76 206 133 203 210 66 102 -75 -130 190 83 118 -55 156 247 53 213 70 -217 -219 85 -28 32 -36 -21 -20 -195 237 197 -169 -108 55 205 -35 119 248 116 114 170 65 139 -212 74 -192 -154 -185 -220 -60 155 99 -152 67 76 -111 -191 188 101 -71 113 -39 -116 -159 -222 246 -47 215 -139 -101 -218 -237 183 92 -180 75 -80 -58 -127 -153 -150 -132 78 182 -37 217 -243 -235 226 231 -213 -200 159 -33 157 165 -91 176 36 -1 47 -45 112 145 12 124 -226 204 -100 175 19 -30 -120 58 117 30 43 -135 -65 -206 -38 -204 135 -48 10 -228 -141 -223 -56 220 -209 96 230 238 207 9 235 -245 -238 177 -6 7 -3 -214 -164 201 106 34 -17 -107 202 -170 -98 59 219 -194 -249 -105 -88 241 132 -24 107 -73 121 120 162 147 -61 -63 -207 -227 44 4 -25 104 -52 90 98 -89 142 -197 223 -145 216 -103 86 -210 -2 21 -189 -26 149 -151 171 45 -178 18 40 82 48 -119 -122 -115 151 -104 -137 -102 -187 -85 69 -7 143 222 -66 129 -117 94 127 -172 122 168 71 77 49 -69 -18 192 180 -5 89 -246 154 -57 -211 -241 136 -250 214 200 -216 -34 50 91 -99 130 242 -181 125 -236 -32 225 -72 
TEST 122 ARG:-140 -173 178 -132 -174 4 211 56 -151 -236 -126 -197 28 -88 189 235 100 -188 171 29 -45 -5 126 40 91 195 -235 -219 157 -149 -124 -222 -69 106 -218 -153 225 -178 193 -49 -207 113 -205 212 123 -47 -154 115 187 19 130 129 -150 -195 139 -209 52 -92 -128 -48 213 239 -15 131 221 201 202 90 -179 24 83 -101 217 127 -105 -250 -206 -115 -127 3 -186 138 198 -11 143 184 238 -58 -66 -2 89 101 158 43 -100 9 59 -210 87 -53 46 26 98 25 197 -166 -234 -77 -158 16 -86 -21 104 -27 -52 -189 -184 -108 -160 -60 242 -51 -192 21 243 -121 -123 -163 -157 -87 151 -102 -103 -237 30 216 105 -85 -40 32 -208 2 141 -176 -8 79 246 27 -137 -33 -183 -104 163 241 118 -133 86 179 233 -203 -233 173 80 240 -30 192 -181 -18 55 185 -215 207 66 245 120 -34 -216 199 -156 -199 95 -74 -244 -135 -131 -191 -93 76 117 -162 -57 -16 -212 -147 -4 37 206 42 51 -84 134 33 112 125 214 -145 -111 1 -248 180 231 -44 -125 75 -80 45 -194 50 -120 -187 222 -72 -239 150 -62 -204 220 -193 183 234 122 176 -175 -24 -211 -226 128 132 57 78 -228 -82 229 -10 -134 65 -164 114 49 -19 -70 191 164 35 -196 64 -17 -56 -232 149 121 0 228 39 94 53 205 -245 -43 -95 -54 -182 -68 156 -144 -230 -116 -214 155 119 166 215 160 82 62 -20 -112 210 60 177 182 136 148 -67 5 31 -202 -109 73 -41 34 -148 -117 -32 -22 186 -79 67 194 -172 236 -29 159 -223 68 -46 10 -73 17 -122 81 14 110 -36 -143 218 8 -152 48 15 77 -170 -169 224 -35 -185 -168 232 188 -220 -221 -180 -71 -25 248 84 -129 88 169 249 -28 6 -65 144 204 -118 63 -139 -198 -61 54 208 -200 -213 167 226 -217 11 -243 -155 168 145 -81 170 196 -247 -12 137 -242 74 58 108 70 20 124 -161 -63 97 -89 -75 13 -94 -171 -130 -238 146 -55 -14 230 -6 -42 -146 -106 142 44 7 -138 36 -50 174 -3 -231 -177 165 93 175 237 140 -98 22 -114 -99 219 23 -76 181 -225 147 200 -224 244 -167 152 -249 -96 -165 209 -229 161 190 154 -78 -159 92 72 -141 47 153 107 71 -13 -26 162 203 -7 -227 -91 96 133 -59 38 102 116 -201 -136 -113 12 18 247 223 -64 135 -107 41 -31 -37 -9 227 85 -1 -97 109 -110 -119 -23 -90 -39 172 -38 -241 69 111 61 -190 -83 -240 -142 103 -246 99 
TEST 123 ARG:96 207 131 -193 98 -233 43 -173 209 33 -93 -98 0 164 -171 190 -135 143 137 -151 -102 -239 -111 -55 -201 242 -89 94 -123 184 -60 -194 19 -170 -182 -122 39 21 -141 -42 55 4 -62 -66 -165 -52 -204 214 -107 63 111 -78 151 114 -199 -181 12 -243 123 169 -187 191 93 204 -236 -5 91 -36 156 15 48 163 -146 78 70 -4 -88 -18 -217 232 -180 -219 -46 -3 -215 193 58 -74 -244 245 170 135 -44 -186 -205 37 176 208 227 238 219 -17 36 178 -118 -81 150 134 90 -130 7 -124 -197 -53 240 -208 -190 -240 -131 -145 220 -92 -112 -191 -156 -104 99 189 -73 167 -50 -152 -196 -61 -121 -15 28 -51 108 -168 210 182 -6 97 -9 -80 110 222 241 153 65 -226 9 -224 -242 -167 126 -72 -117 168 103 86 144 -137 233 -94 5 -172 -67 24 -140 83 118 -25 212 50 -106 -22 -158 -177 234 132 26 -179 95 -249 104 -198 51 -139 -40 -11 16 62 54 -23 -70 31 236 -153 23 8 -65 -162 -119 -184 42 -174 -221 136 224 -114 87 187 216 14 59 -34 61 -246 195 231 221 -56 -71 223 11 -77 -214 41 203 73 -125 44 121 166 194 205 120 -129 -237 -37 46 122 -232 -245 139 -175 196 -231 -206 -169 -75 161 181 218 133 158 -210 84 68 -24 32 177 148 -120 125 142 -45 -128 35 -76 128 30 82 -100 -166 226 -90 -99 185 228 140 -1 -10 -41 124 217 -83 -238 -216 -31 -39 89 -127 80 -47 -160 -176 -115 -105 77 101 201 -164 72 -58 -203 -19 215 -209 -91 246 115 146 47 -157 -85 -110 183 147 141 165 -149 -96 -64 -82 74 -142 175 -79 160 17 -202 130 -63 34 -161 -234 -235 159 -7 -183 -138 -48 109 213 -227 -154 -143 -68 113 129 66 179 18 211 -26 92 -150 -178 225 248 180 -230 157 -163 10 -49 188 -57 116 -133 -95 106 -2 -14 75 57 112 85 -213 -247 174 81 206 -136 13 -223 172 -207 -86 198 2 -97 22 -20 229 45 199 -43 -54 -218 -116 -144 -16 149 117 162 171 186 -147 3 71 -108 -159 127 -113 -8 52 -200 -241 49 40 -248 102 154 100 -87 192 60 -185 25 -211 -32 -250 -30 69 64 53 -195 -29 -155 -21 249 -126 -192 -134 -59 -229 155 1 -28 -132 230 6 -103 76 -220 105 20 247 -69 -101 38 119 -212 -228 -12 67 -35 145 244 243 239 197 107 -148 173 -13 56 -33 79 -189 -225 -188 29 88 -27 152 -222 27 -84 -109 200 202 -38 235 138 237 
TEST 124 ARG:-243 242 -170 189 130 -51 91 -241 -135 165 -116 -114 -208 -230 28 -120 -10 2 -223 192 -211 -129 67 117 -169 178 -80 -224 -34 -138 -89 133 -14 185 218 -55 -240 229 -30 48 69 163 240 107 75 4 244 3 -239 -245 12 -128 64 -217 -27 -124 142 90 110 -6 159 184 -250 -190 213 -155 -145 -36 -35 -31 101 9 -161 -139 44 -147 58 -88 -238 -242 230 221 -149 32 -193 -244 59 -134 86 164 -126 62 -45 -206 54 -248 77 204 -176 -9 -156 -201 40 -141 -43 -97 215 46 140 -205 -231 154 232 -20 -100 120 -172 -15 -3 -199 41 30 -246 -131 173 188 -84 -178 -11 33 -26 71 -29 -218 27 -130 -166 224 -185 84 -152 150 -121 156 -78 236 167 -237 -229 -200 -151 207 18 200 -5 -47 -191 212 147 42 197 98 -125 -38 235 1 151 -82 -184 19 -71 157 -19 228 -234 22 -227 14 145 -61 82 -210 -66 29 -105 -163 -222 237 129 60 -54 25 -95 -92 -2 11 245 -165 -154 -94 -188 63 -67 94 -65 152 225 20 -104 103 219 -52 201 -46 -142 88 139 -221 -236 123 -207 -108 -143 169 198 -168 -136 199 83 -213 -74 -72 -215 231 193 -56 136 172 -118 210 -189 -33 -68 -159 158 -98 -28 128 17 -162 -90 66 181 -107 8 233 -214 -219 249 243 61 -60 -4 65 -247 239 138 -113 171 226 51 -203 -40 -24 -101 73 186 247 -220 -140 -13 15 -212 95 -122 -42 96 -39 -202 68 202 114 -148 -179 -174 -32 7 170 76 206 38 195 72 -76 -53 131 141 -103 -197 10 93 -106 -81 -232 36 39 104 149 81 57 -175 -216 -23 -21 203 -96 -192 -150 53 -235 -187 -18 16 -93 -183 -171 -50 -70 -110 -233 -73 -182 220 23 -79 112 -111 -157 -228 -225 -8 -87 238 56 50 74 -158 21 -7 -59 174 0 -195 209 31 5 116 118 99 -91 37 -69 168 106 100 -57 -173 -17 78 132 6 -164 191 196 134 214 137 -146 127 205 -181 177 105 -49 113 121 183 115 111 -198 125 -16 -112 -102 -117 80 -12 126 -133 -1 148 -180 47 79 -63 160 -196 -160 -137 246 144 -85 49 109 -194 24 -48 -226 -177 227 26 217 -99 190 161 -109 43 -144 -22 102 143 187 -127 -209 55 176 248 13 85 89 -41 -77 -62 234 -25 92 108 122 52 222 -58 119 146 -132 -75 216 -249 -123 166 -86 175 70 182 135 208 153 223 179 -153 -186 211 162 155 87 194 241 -119 -167 -83 35 97 -204 -37 34 -115 45 124 -44 -64 180 
TEST 125 ARG:24 -127 -52 18 -35 171 215 209 35 12 89 73 11 -100 -60 -242 29 156 96 -47 -58 3 -93 -249 213 -59 192 174 167 2 -89 -147 188 95 -102 -74 -214 116 93 243 123 159 -226 64 6 56 -27 67 -50 -164 161 -82 -36 42 -166 -15 -84 223 138 149 -33 -181 59 -68 -61 -99 248 100 -107 -156 -115 -136 -111 -153 170 -32 -98 189 196 91 203 101 -197 -38 -213 70 -29 -44 -70 -113 -158 -187 -105 245 -204 238 -16 -95 151 224 125 -133 201 -40 -234 206 -24 80 -51 -188 -132 -91 69 233 158 -223 -157 61 41 -103 63 -72 -177 -186 45 -137 -85 142 -3 -245 -165 -75 194 210 -106 -11 195 221 34 207 175 49 -239 144 -49 129 184 -104 -119 -41 198 -230 54 22 103 168 -125 181 200 -88 193 65 88 -65 148 94 28 19 111 -141 -212 -161 -67 -229 -37 -250 177 -22 137 227 -110 -145 -175 10 204 -203 141 40 153 48 79 182 145 -140 97 163 17 -12 122 176 218 -7 -180 62 -192 -26 -227 -218 57 179 -211 187 -71 107 249 -248 -154 -215 -228 50 85 133 -121 -86 -179 102 109 183 27 -237 -146 185 -30 -66 106 127 128 -19 246 -138 -124 13 66 98 -235 -28 150 -244 60 236 -150 -4 -198 37 -96 55 -120 83 186 51 47 -131 9 -108 -149 114 -148 169 -97 143 87 -69 43 -20 166 -122 -162 -18 -238 16 -183 -14 -172 105 -194 113 247 15 72 178 1 146 -199 -81 -191 231 -129 -236 4 -55 14 -116 36 222 -117 155 -200 92 -48 -5 -34 99 -139 -185 -42 136 52 232 126 74 104 228 -109 25 -134 -195 -126 39 230 -43 244 -123 -6 -206 -62 -80 131 112 -23 31 46 33 -1 -13 38 162 44 -169 -190 139 76 -45 121 58 32 -87 81 -155 241 -8 90 -151 -160 -167 115 78 -56 -31 118 -128 180 147 -219 -101 23 -54 -189 -142 -184 0 -159 -225 -168 -17 -178 -152 164 -217 173 -94 -221 -224 197 75 -53 160 239 84 68 -196 71 108 124 -240 -114 157 21 -144 -182 -163 130 -90 -201 190 -210 225 -231 -232 191 -135 220 -173 226 -10 -222 30 242 53 -193 -209 -216 154 -46 134 20 -171 234 -118 -57 199 -73 205 132 -243 -112 26 -207 -64 165 -63 -202 202 -176 -130 -208 -21 5 119 -241 -174 172 -170 -205 -25 -143 217 77 86 -77 135 -2 -76 -92 140 229 -233 208 110 -9 -78 7 212 82 120 237 235 214 -39 240 211 -246 -83 -247 216 -220 152 8 117 -79 219 
TEST 126 ARG:-63 -158 -33 -220 -236 -59 -51 -173 104 -247 235 233 -6 122 86 92 144 -87 57 164 26 169 203 41 -126 -15 198 -137 -36 176 241 -9 101 90 -4 -219 91 -55 -243 34 -241 162 -197 70 -139 -185 136 -203 103 35 -128 88 48 244 -54 -242 14 -62 -175 97 110 33 -97 -136 155 -69 -91 194 119 37 160 180 40 -227 -109 102 -27 207 66 79 -68 -42 -72 89 212 -129 -11 174 -141 -29 113 -13 47 7 -118 117 -163 -60 209 72 151 -184 -117 200 3 231 -138 -186 -206 64 154 227 -93 -2 182 202 -108 -225 156 105 56 -177 -131 -112 -34 111 -248 172 -238 -151 183 -208 -229 74 -161 -195 109 -162 237 -156 -133 42 -192 -52 13 99 125 22 208 100 -76 -123 -149 18 -71 6 121 69 10 -43 148 -164 -24 -110 -74 -143 133 -165 -17 -147 -120 82 201 -111 -58 -26 -191 -250 95 159 29 -94 175 28 116 31 219 213 -40 -180 -153 248 211 173 93 134 216 -73 -213 -82 140 -188 -223 5 9 204 177 181 -114 -207 87 -103 -66 -231 25 -124 -179 -85 126 52 -146 -169 75 130 197 -64 -210 -86 -142 -233 -159 -70 -237 53 -18 -194 184 -35 153 -22 85 187 -215 -5 -144 135 170 165 -145 -98 -178 157 150 230 239 38 -249 195 -105 -48 16 -132 226 -44 249 -135 -181 161 -107 137 222 214 221 -183 -25 -209 -234 163 152 -96 -187 139 -216 238 -47 -218 243 17 -230 210 -235 -99 60 65 24 -202 -199 240 -19 246 -79 228 43 168 -190 -204 131 -221 218 -32 81 232 178 45 -101 193 46 73 -198 -31 -170 61 -90 1 -106 -148 223 145 -125 190 107 -7 -214 132 149 -81 108 -193 32 -53 -46 -102 -104 -115 -12 -244 -83 -8 -23 27 -174 -14 -61 191 247 205 62 245 185 -205 -75 -77 146 -16 -155 242 21 196 166 -95 141 -122 36 147 123 192 124 63 189 106 -20 -21 -41 -196 -1 59 -28 -45 2 30 -113 -171 96 -10 49 -84 76 20 128 39 236 229 19 23 118 -226 -39 12 206 -38 15 -152 94 98 84 51 -78 -232 142 199 -239 -182 -166 0 -116 -212 167 127 115 4 -127 188 -240 -134 -154 143 11 138 -150 -56 224 8 -92 114 68 -200 -217 77 -245 -168 -224 179 -50 220 112 225 186 217 -130 171 -157 -189 78 80 -160 -37 44 -30 -57 -119 -88 -176 -172 -3 -201 -228 -140 -121 215 58 -80 54 71 -89 83 234 67 -65 -167 -100 129 55 -67 -49 -246 158 50 -211 -222 120 
TEST 127 ARG:98 30 -136 -21 -114 -121 -123 55 2 73 102 128 -243 -187 168 104 -84 43 195 -63 -246 10 -13 -231 -74 153 -102 209 93 80 -131 -181 166 105 -236 101 -134 21 136 -132 77 24 44 -133 -40 -47 135 108 -95 -214 -185 46 35 -139 -128 -14 -83 -28 -32 -188 -100 52 -237 -198 -210 -49 213 218 114 172 113 110 -196 111 -158 138 12 -225 -30 238 180 16 -31 -177 -245 203 66 -106 -170 133 -152 61 167 19 -93 -233 89 28 -65 -150 -161 -79 -207 237 75 45 -35 -217 -22 169 -146 129 -148 -10 31 -1 121 -124 150 145 235 -144 193 40 232 0 34 140 83 -50 127 154 -80 134 -72 -91 -107 -247 -203 -211 -212 -240 239 -76 124 -175 -104 148 -142 197 94 48 208 185 -81 14 -3 -239 173 -52 236 176 -229 -186 -216 -78 126 143 -180 202 159 -69 18 165 186 -73 32 219 -183 -111 6 -86 -163 -39 156 164 228 -64 -71 -224 -7 217 -96 211 146 -17 224 -98 196 -44 -11 -151 -157 -109 39 -53 220 229 -97 -179 144 64 -241 17 191 174 -112 -75 192 216 -45 -184 8 -178 152 212 -135 37 230 -33 26 234 -228 -221 194 245 36 -209 -66 -145 -206 247 59 63 -238 -155 199 -54 -19 125 72 3 -160 132 -4 50 -190 -94 -153 122 -25 201 87 -18 -26 -116 -117 107 -8 86 214 244 162 215 118 99 29 -77 149 249 11 -162 42 -230 139 65 82 -174 117 179 67 -122 -125 123 38 -56 -140 -143 -219 241 57 -192 -199 -6 -51 198 225 130 -195 47 68 163 227 -248 141 147 -41 76 -220 175 84 -201 -92 -182 112 41 -23 -42 85 -169 -2 -48 233 -62 -227 -191 181 -208 142 183 -113 -90 96 -20 222 -167 120 -9 200 69 115 188 91 160 -244 79 -27 92 90 -141 116 106 -189 137 119 -15 -165 177 -232 -68 13 -202 206 -5 -156 -154 -173 -82 -61 243 -105 -120 -60 210 223 242 -89 33 -215 97 -159 182 -194 100 -200 5 -43 53 -88 -126 -197 58 -204 -164 187 171 221 178 -166 207 -12 74 -119 231 -110 -205 -115 51 -250 78 -34 1 -46 81 161 -176 184 -127 -38 60 -149 -235 15 158 -242 204 -147 -101 157 189 -57 -137 -85 62 56 -171 248 7 25 -24 -218 -222 -129 170 -193 -99 151 -118 -55 49 70 9 -108 -168 22 103 -213 54 -223 95 -36 4 -234 -172 -67 -29 -87 88 -249 -226 -59 71 226 -70 131 -130 27 -16 246 20 205 23 -58 -103 109 155 240 -37 -138 190 
TEST 128 ARG:139 127 -19 -207 -141 -231 17 -215 -180 212 -112 211 159 47 93 248 7 15 -54 -100 -45 -209 216 -221 4 63 173 8 49 174 108 -128 -223 111 196 -69 -184 -210 -80 -194 -203 -200 64 131 185 -213 -220 -218 225 -166 -201 -171 -67 107 -41 -12 -182 -131 29 -43 -224 -98 -219 -216 -139 -204 121 -121 101 154 -162 -214 -63 44 172 -38 -57 235 162 37 16 171 -32 228 144 -155 -56 128 182 55 43 -243 -149 -71 -160 -126 209 5 -92 -117 -118 58 -122 136 -116 -89 -191 143 229 -40 -227 -27 106 75 -241 85 237 222 -30 95 112 -157 28 -33 -83 -134 -158 -186 -21 148 205 -91 -55 51 103 -138 -84 14 130 -208 192 -249 227 -107 -35 68 -119 220 60 -11 178 184 160 -226 -229 -42 193 -77 -61 -206 188 97 125 -114 -246 186 -68 -239 187 94 208 -228 -25 249 194 231 175 32 243 -159 -78 -94 65 -103 218 167 -124 -236 135 -197 118 -111 166 59 39 141 -192 -22 -167 -95 -211 -233 -151 233 20 3 48 1 155 113 6 -99 -237 31 -168 -148 -73 0 138 -48 -129 -174 210 -9 -153 -183 78 -110 35 -205 176 203 -136 -195 -169 120 200 -144 238 134 -105 87 -212 179 223 -147 -225 170 234 -90 114 181 204 -187 -234 158 116 -18 246 -14 165 -164 -185 -132 -193 -8 -15 2 79 -245 -120 115 -46 91 129 -130 150 153 -31 -75 89 232 88 242 119 -244 -50 -10 -72 -165 92 -115 45 -137 -181 -47 -199 66 -154 -49 -20 -202 34 90 -104 215 -106 52 -178 189 71 -39 183 -51 22 -173 24 -26 54 21 82 207 -101 -85 -76 140 -172 81 -179 -2 -125 70 38 157 -238 109 -74 195 -232 191 240 -170 -177 74 213 11 99 -222 42 177 -109 13 -64 137 -1 126 201 123 169 -135 30 96 25 -175 -17 -13 190 -3 -250 56 -235 198 124 -102 214 61 244 -108 -65 -93 -140 -53 72 146 224 -152 -62 46 -188 69 -127 -70 -44 -176 27 219 -88 104 67 -163 -82 80 -146 -5 -23 -242 -217 -4 19 133 -150 -58 102 -145 83 23 10 180 -142 -28 -247 76 -79 40 206 152 62 -156 53 -37 -133 -189 -248 -161 -198 -81 164 33 132 -86 86 12 110 149 77 122 105 26 -24 -230 230 -196 145 197 -6 50 -240 -123 247 245 -66 161 73 241 156 -52 -36 -97 -16 -190 -143 239 41 217 147 98 -7 -87 142 168 163 -29 -96 199 -113 202 226 36 221 117 18 -60 57 84 100 9 151 236 -34 -59 
TEST 129 ARG:95 -182 -235 138 8 226 -123 205 225 -15 157 -197 -49 6 -120 93 -61 -242 -84 -153 -93 -69 25 166 222 -82 -171 -53 171 237 -218 196 123 -96 120 248 165 -65 -135 -184 -130 140 -33 1 -238 235 62 240 -63 -129 2 -211 160 195 -151 -213 -90 -244 -30 -60 -9 -1 18 15 -132 219 -160 245 29 -143 41 239 -140 174 -87 107 -161 -189 230 -4 -144 149 211 -142 27 181 -29 -196 -163 -108 150 69 -45 -3 55 -27 12 51 64 136 199 -221 -8 -198 -64 132 213 223 -185 141 79 159 63 -2 -48 -22 218 83 -94 -103 -159 -62 76 -194 153 233 65 -24 164 152 -68 207 -214 -191 -179 156 202 30 -146 -125 145 23 192 40 37 99 -155 -199 217 -14 -178 -195 -210 117 -229 143 173 113 -71 22 186 142 36 -172 -10 -174 45 242 179 -122 -162 125 232 215 -47 50 70 135 187 -233 -115 -192 -193 -237 -176 116 -26 -147 -216 7 106 122 -158 -223 -145 -89 78 238 -99 -12 88 -134 -126 121 -149 -18 169 -81 -250 44 236 -77 -167 162 -100 241 111 176 -139 128 180 -74 129 -37 16 193 59 -131 109 -148 -95 34 -207 84 -75 -113 -116 244 -86 188 -92 100 -34 -141 89 203 234 206 -220 208 -169 5 -80 108 -200 -50 75 -79 -106 19 246 86 58 -247 144 146 72 43 -5 46 -43 -188 -186 54 247 -226 11 98 -36 127 -231 9 -219 182 -73 134 -58 -165 73 -102 214 105 163 77 212 -128 170 -83 -35 -118 131 -23 85 -97 60 0 -76 -227 53 209 -212 124 -201 20 190 -183 -215 228 -25 -44 191 92 139 101 -241 -224 185 21 133 82 126 -46 155 -209 -107 -156 -154 114 224 227 91 -202 -111 -230 -59 -234 -112 3 -180 151 -56 71 52 -110 33 -121 13 -138 158 -248 -32 172 -66 14 -16 200 178 67 31 -67 -114 35 104 168 -225 177 94 -127 -91 -105 -17 -124 147 -51 175 -31 -117 66 -152 229 56 97 -232 221 -222 -246 -181 28 243 -7 -164 -21 -28 90 -38 -119 130 32 -205 184 -98 137 -39 -243 42 -173 -42 -109 -239 -177 87 183 110 -203 47 -245 -217 201 -55 -70 198 -101 154 -78 57 38 -11 204 24 197 4 -175 119 -41 -85 39 68 -190 -150 26 -52 -168 -170 220 -206 48 74 -228 148 -208 249 -187 189 17 81 -40 161 80 -133 61 112 -236 194 -6 115 103 210 -249 -72 -157 -240 -20 -88 -204 -54 -104 -137 -166 10 -136 118 -57 96 216 231 102 49 167 -19 -13 
TEST 130 ARG:-74 -232 56 -123 -103 -161 127 -118 -14 -162 32 232 -189 53 9 -195 -186 -198 18 -137 141 175 -180 100 -111 -120 192 26 -38 10 199 245 -233 -163 111 -136 -225 -13 143 -134 -174 167 -243 55 -24 -63 -48 -82 76 -98 226 59 -47 -33 238 -105 -177 43 240 37 -27 -208 205 -34 -219 239 -8 77 187 -247 198 -79 -159 -156 13 -83 -218 109 207 -176 -101 -191 -72 -158 -32 183 -140 4 -167 -154 224 166 -168 172 186 -142 129 -197 -37 -64 227 113 -121 19 149 40 60 -145 -152 21 -71 -196 90 179 -190 144 117 -226 -28 -128 -250 -147 -165 -237 142 -56 221 20 -199 -50 -157 -5 63 119 -58 27 196 -107 228 -25 203 208 107 178 0 115 135 139 -76 -227 -217 79 108 -222 30 -153 -57 97 155 89 247 92 -231 8 44 -181 6 -170 214 -139 -235 193 -73 -67 93 185 -94 120 154 152 24 -130 -248 -129 131 137 -49 126 41 12 168 169 223 -86 160 -234 134 222 -187 -10 116 48 -17 -160 -240 -21 104 -89 -194 138 -202 156 -155 -149 217 87 229 -113 57 -116 171 248 -26 -2 -244 -238 242 213 236 7 146 52 -224 114 180 157 215 -148 -110 -45 243 -164 -35 -223 -1 -185 62 101 -172 -31 -122 237 177 1 -146 -69 71 103 -19 -78 74 161 -99 176 95 220 -95 -239 58 225 151 128 216 244 -92 -203 246 65 233 96 -141 98 68 249 -228 -125 204 15 -126 -11 189 -201 83 -70 218 241 -23 -100 46 -52 -75 -236 -135 -40 -230 -55 234 191 -15 212 35 42 -245 82 195 86 -184 -188 -205 -62 73 182 -127 230 -93 -39 -114 145 -246 188 14 -97 -90 -88 -179 158 -132 -215 -166 -41 194 94 -133 148 -117 -46 -241 206 -115 -4 122 -77 -249 -112 102 -80 66 64 159 22 -44 -91 81 210 -213 45 133 -216 -175 -106 16 -84 -42 -68 69 -221 38 -204 105 -66 -9 85 39 2 -18 -30 -51 201 123 118 -171 181 190 80 72 -43 -193 200 -212 61 211 99 -36 54 202 -211 -81 112 -173 -6 49 78 29 136 219 -65 -207 -85 132 173 34 28 -59 -192 121 -20 84 36 67 50 3 110 -169 33 -178 -53 -104 209 -214 -209 -12 197 -60 -54 51 -61 -87 75 -144 164 -109 -210 140 -7 -131 23 -102 170 25 -200 106 -183 47 184 163 125 91 -124 70 147 -182 11 -206 -16 130 5 -220 -151 -229 31 88 -22 17 -143 -108 235 150 174 -138 -96 165 231 -29 124 -242 -119 -3 153 -150 162 
TEST 131 ARG:-76 -165 -215 152 -107 18 -239 -4 -3 -138 -123 123 -246 -23 -44 35 -155 166 -35 -29 -183 222 154 -144 -100 -73 -248 59 233 -167 244 -45 89 -10 -219 -154 201 -37 -109 -132 210 -112 -179 149 -186 102 -111 -166 122 136 -103 115 -236 37 22 -238 92 232 17 -136 -147 -43 177 47 215 43 -240 216 142 138 144 -128 -59 -223 -102 -225 -83 50 -52 -70 -97 132 150 -78 -17 -184 -137 -121 1 -86 -146 -162 174 -211 169 -197 -108 148 -77 9 -187 -175 181 225 -58 206 -189 202 109 -92 71 -242 133 -130 -141 -245 -12 -199 -180 195 176 -232 -126 58 217 -5 77 130 -11 61 -190 -163 134 -145 -63 108 162 -8 -204 113 -53 220 -249 -153 -40 -195 76 25 -84 172 -174 231 183 -221 48 -28 -104 21 40 -152 83 121 178 128 86 42 -62 156 228 234 211 186 34 -168 39 93 203 -231 26 139 94 53 -241 -217 164 -101 -89 88 137 -19 194 -149 209 192 2 104 165 -113 -133 -71 147 -38 -30 -156 67 -39 117 -54 -150 -124 141 158 97 75 114 46 -31 100 -247 -24 -159 -22 196 -110 110 -15 65 30 36 193 -95 -214 -224 -188 105 167 207 -46 -213 -26 -87 70 63 -201 -34 161 -185 116 -82 69 -198 -177 -181 171 81 197 -220 -115 -21 24 -192 -72 208 230 175 29 -49 -178 -98 -50 163 -148 199 -122 -244 -47 -235 32 -93 0 33 -227 23 -80 235 54 -171 52 -57 -193 238 184 188 96 14 80 180 7 -91 -9 -230 15 -94 -7 -125 198 -222 72 -67 6 -42 -203 -68 -131 236 204 140 -216 229 90 125 227 -99 -79 11 168 -161 243 38 13 218 219 49 20 -172 87 -64 -151 153 -117 -16 3 179 160 155 -229 -32 79 66 135 -69 -129 -250 -164 -2 241 237 -157 -182 224 -206 101 -105 -173 106 -212 -234 -143 200 239 187 78 124 -75 -1 -200 -33 -127 -41 240 -207 82 131 73 91 45 -208 107 170 41 223 221 173 -158 120 191 -176 127 -134 -120 -191 31 -196 44 -61 5 -55 -56 -14 95 -170 -202 189 159 56 248 -243 -90 118 -139 99 157 -114 214 -169 -27 -25 -81 -233 -118 -51 -135 205 190 246 19 129 60 146 249 -237 28 68 -209 57 103 -66 84 -36 185 242 12 51 182 8 -65 -205 74 10 16 -74 98 112 245 119 -218 -210 212 -160 -228 -142 145 -119 -140 -116 226 -60 85 -13 -226 -18 -88 126 -6 62 -106 -48 111 -85 -20 151 143 4 -96 64 27 -194 247 55 213 
TEST 132 ARG:-230 84 33 -195 182 154 198 -46 -41 -170 73 125 124 -240 -245 -223 -86 44 206 21 -191 231 237 39 11 -222 -228 -82 -116 184 -214 158 106 2 -133 143 220 238 49 -213 58 234 166 31 -241 118 233 -208 82 -77 -117 95 41 -221 -168 76 25 75 -80 -121 -197 -78 -166 168 -21 -113 -207 127 -38 -5 -71 109 -225 -239 -187 -19 -68 187 -74 -14 -248 -60 199 15 -229 86 -101 178 -220 122 0 111 -192 -4 -16 48 29 -209 -159 -249 -110 -104 -50 7 5 -87 -172 146 213 131 -85 13 241 45 -190 176 -3 221 -196 -118 -161 204 -132 121 149 -88 226 -184 -201 -36 77 188 175 -70 247 -202 -12 -237 34 -112 38 236 245 186 72 165 -20 -219 210 -130 -29 222 -136 -125 -81 69 -49 -79 -31 19 88 -28 24 -181 183 17 230 46 -84 -147 -127 -122 -216 14 162 156 -103 -182 173 145 -90 -7 192 64 27 110 -37 -244 -123 -206 144 134 55 -154 -98 -199 191 167 -89 113 -218 -93 -204 223 -52 40 -9 3 -11 180 59 133 -32 26 -128 -129 -120 208 194 -131 207 -156 -144 36 174 -35 28 171 107 -141 78 -188 -194 -210 -163 -95 -8 89 -142 -63 85 102 -183 141 47 79 -205 -17 195 20 -178 -67 -179 112 -61 -69 96 197 -39 -217 248 163 200 164 -83 91 212 123 12 50 229 60 -134 -66 -215 215 87 209 117 80 -100 219 227 179 116 -97 57 160 216 -27 105 -111 152 126 90 74 232 -211 153 -200 -96 201 61 22 -140 -203 150 -102 10 70 -145 -243 217 -180 43 -151 -160 -155 157 -226 32 142 -51 135 -124 37 -105 -224 92 -33 218 18 -126 -92 94 -143 -119 -24 202 190 -47 224 239 -169 4 205 9 67 -246 42 242 -43 128 -13 138 -174 170 -2 -107 8 -15 66 -1 1 -108 -94 108 65 -175 81 -65 -148 104 -250 119 71 155 -189 159 -149 -72 189 -135 -150 -57 -115 -236 -138 -158 54 225 56 -231 99 -30 -193 -53 -171 -114 63 -64 -58 240 139 98 -59 -22 214 16 -54 -227 151 -45 -62 -242 101 -235 -238 137 211 -162 181 100 62 -10 -91 249 -18 -212 -176 -48 130 97 51 -165 -247 140 -173 -44 132 93 147 185 68 52 120 243 6 -167 -55 -42 -25 -153 203 -137 244 196 83 114 23 148 53 -139 -146 193 -99 -73 129 -34 -6 -177 -186 172 30 246 35 103 136 -164 161 -23 228 -157 -40 -232 235 -76 115 169 -185 -198 -152 -233 -75 177 -234 -26 -109 -56 -106 
TEST 133 ARG:54 -105 -91 68 -18 51 -129 -227 -163 143 242 -86 209 -178 237 11 214 -203 132 -241 -176 -74 220 96 -23 -172 61 154 -71 101 -44 20 41 246 -181 -60 -183 -77 -78 189 -82 -156 -131 -187 -193 -250 62 201 -69 153 -184 1 -240 225 -55 76 -101 223 -52 174 -87 -66 43 -95 26 140 64 -22 -117 -124 -50 -42 170 -111 -128 37 124 -198 197 152 -182 86 236 59 -134 162 -43 -98 81 -61 83 -102 -208 -75 111 -90 159 -230 163 -8 80 -56 40 25 245 231 12 -222 110 151 91 178 -26 169 -13 -191 234 7 -162 182 227 10 75 -112 130 47 -157 -113 -92 -170 226 100 -207 -126 -143 78 116 208 85 23 -59 56 -40 95 -47 -233 240 -190 150 -132 -231 30 -139 244 -148 164 -97 167 -20 -51 34 -153 -133 239 157 -84 195 -232 -137 -212 -103 -169 63 138 9 -235 52 -145 -37 24 219 235 -135 -81 -62 -10 -115 -83 13 18 94 -36 97 4 31 -32 222 -218 191 179 -225 204 -24 112 89 -9 148 -151 -149 -104 6 -147 99 176 53 -177 -125 -180 109 -3 77 172 -219 228 -189 145 16 74 -173 146 141 194 156 57 -188 -121 -27 207 -168 -238 102 15 -53 -196 161 233 248 -154 -249 -136 28 -164 121 -54 -150 -223 196 -146 -160 -248 2 -123 190 -88 -72 238 186 -174 -229 -76 165 87 166 -237 0 129 133 -216 -57 -165 -28 -201 213 -159 -58 215 -214 -6 -63 -209 17 -245 48 113 131 187 -185 168 229 200 8 247 -118 -19 -14 -108 -116 134 115 -70 -41 -65 21 -220 19 -175 -166 -234 -200 218 3 103 44 98 36 -46 -33 171 14 38 -195 -4 -197 -114 -155 27 122 -1 230 -171 49 -215 -242 211 -38 -186 5 105 -144 79 -94 202 232 -236 -48 -210 221 125 -239 185 65 -5 -122 144 -192 155 -34 35 -246 -89 -221 128 -110 -16 183 -199 -142 118 42 206 123 216 126 60 50 -247 -217 -35 71 45 -80 224 210 -167 173 -119 -152 -21 -100 181 106 -79 -93 149 -96 199 -99 -11 -30 69 175 160 -73 119 147 -243 -31 241 205 93 -213 -202 142 217 -29 188 -226 -194 -161 117 -7 184 70 88 72 46 -25 203 -140 -67 73 -109 -120 -106 32 212 135 -158 -85 158 114 107 92 127 -204 120 139 82 -244 -228 -127 108 33 58 -64 177 -2 -211 192 -130 -15 -68 84 39 -107 -49 67 90 193 137 249 29 198 243 -45 -141 136 66 55 -17 -224 -12 22 -39 -206 -179 104 -138 -205 180 
TEST 134 ARG:183 85 103 110 0 98 106 152 177 135 213 -110 -178 -141 141 20 -136 -46 185 -236 184 239 -204 -210 -248 247 55 232 -166 -83 -159 71 18 218 46 96 -62 70 -111 -245 -55 73 143 -42 -168 201 -10 146 27 211 -146 -105 127 10 -183 -137 74 223 16 9 145 -7 -40 180 242 -200 134 56 -238 113 -47 234 -2 -98 -131 164 161 192 45 114 118 -174 -162 -94 34 -119 -208 166 -1 -23 -230 -112 -185 -29 -198 200 241 131 -133 60 -155 -117 -11 36 159 -99 -101 -222 -214 -39 235 67 -54 -213 171 121 25 174 -175 231 94 40 138 -157 -187 -246 -180 -113 -27 -227 -20 -12 153 7 12 5 88 207 -250 -124 124 -135 -38 -169 -153 203 -202 80 68 123 -56 -171 222 214 31 -235 -120 -224 -193 -28 -106 -9 -59 -70 -72 54 179 190 100 81 130 216 -209 136 196 -89 41 215 236 112 -16 -43 210 -76 199 -17 119 116 13 -170 -221 4 -58 -65 137 64 65 -68 147 -188 -81 205 -107 197 -31 61 128 -201 72 -125 -165 194 -234 246 -215 -85 -48 -26 -237 -25 227 -239 -45 53 -90 129 -4 162 -163 108 132 97 -223 -15 -126 57 38 140 217 150 -139 -103 26 79 63 -132 167 43 151 -50 23 -86 -158 21 78 202 -244 -30 182 -84 221 -147 -134 2 115 111 -18 -108 -148 -22 -34 117 168 102 -129 -118 186 -154 -60 156 3 24 62 -115 -114 -199 -87 149 -242 -144 -128 -109 -64 -231 245 -122 -173 22 17 48 -206 -229 233 50 -57 -220 -102 170 -192 35 11 120 -3 59 243 -240 169 -52 -182 142 -164 -212 99 -216 30 77 -69 238 -249 219 32 133 39 28 75 -13 44 191 -225 181 101 158 165 220 148 187 225 -73 229 -232 -218 -5 -211 193 -247 -176 122 244 -36 -74 -19 76 -145 -226 -63 240 -82 -78 95 144 33 -130 -233 206 230 -96 -51 -167 173 -156 -160 228 92 -219 -152 176 90 -177 -61 -6 83 -190 -217 -197 14 154 237 -71 -203 212 209 -14 66 -79 -123 -21 -191 42 51 163 -194 -88 -181 139 -97 224 87 -179 -95 -75 -207 -142 -127 189 -161 -196 105 157 -24 -138 172 -104 -140 104 58 -67 -186 -150 178 -49 226 91 -243 109 -66 -116 -33 -93 -195 -44 155 -92 188 84 86 -91 -77 93 89 6 -37 37 19 -32 198 -172 126 1 15 125 204 82 -80 -8 -149 69 8 -205 248 -35 -151 -241 -184 -100 160 -121 195 -189 -53 208 -228 107 249 29 -143 -41 175 49 47 52 
TEST 135 ARG:246 103 -73 5 31 72 159 -167 86 -229 -199 -159 4 194 64 -243 -112 41 -10 -33 -216 -31 -59 -71 17 60 -3 226 163 -151 77 -40 185 111 -128 -170 146 -133 -212 -77 112 78 -205 -69 -88 -228 -82 -139 51 -196 -230 -125 198 70 -197 56 -148 88 3 243 -202 21 -42 -35 -136 14 89 82 -200 141 -67 -173 -115 69 214 -108 -106 193 160 100 -156 -234 -147 -41 67 151 161 181 83 63 -97 53 -176 154 39 38 -130 -248 -189 76 99 -43 -14 -60 115 52 -169 157 230 45 65 -102 -194 48 -1 -131 -132 -25 -220 33 -20 27 231 -32 116 177 58 47 121 237 -174 -185 -240 25 224 155 229 -74 205 -231 242 -224 183 195 244 -204 -7 -175 -149 -68 57 -72 162 -47 -145 102 -53 -195 -23 -103 180 167 133 -245 -109 32 216 174 169 130 -181 71 -237 196 -2 -183 80 -30 10 40 239 -64 -15 -164 -117 148 234 -201 119 197 127 139 -227 240 68 179 -134 2 -84 211 -121 98 222 -155 -142 -49 91 -140 35 -137 -5 -12 129 238 247 -105 -85 -120 -95 -27 -192 213 -46 101 215 123 -55 168 -26 20 28 -65 36 182 241 7 -116 16 81 -9 235 118 -101 -123 97 -114 144 13 175 -154 125 -144 50 -96 -184 37 -172 -193 -113 -214 233 -235 -238 -38 187 -244 188 -158 165 147 6 -215 -129 203 208 -163 -57 15 192 -249 -86 -18 189 -223 -190 -242 245 -221 -153 8 -51 -29 132 -239 1 -135 -87 -143 -81 0 -13 221 -34 54 66 85 -124 249 96 -100 -186 -152 -236 -21 -150 145 207 79 -90 -80 -182 113 171 18 236 164 217 -208 93 -39 184 -58 210 -48 -118 22 209 -63 120 142 -246 108 -250 -225 -198 -232 -180 156 232 26 92 107 124 223 -141 -45 117 212 -19 -233 -207 -50 200 -107 -126 122 137 138 -157 -11 -89 -98 -94 -24 201 219 55 149 -162 -168 110 -111 128 199 225 -222 -76 -8 -146 136 -209 -44 29 -211 87 12 -93 95 44 -110 -54 131 -210 19 178 59 227 61 114 -166 90 -241 106 -191 -217 -226 220 -213 74 204 152 -247 -52 218 -179 73 166 -17 173 206 24 -219 -161 -127 94 -6 -66 -188 -171 176 190 202 11 172 -78 191 -187 30 -83 -203 62 -206 140 -218 -62 -22 -160 105 104 23 46 42 -4 135 -56 -79 -104 -122 34 -28 -138 -177 228 -165 170 -91 -119 186 134 43 -178 -92 158 153 -70 143 -99 -75 -37 -61 9 -36 150 248 49 84 -16 75 109 126 
TEST 136 ARG:69 82 83 107 224 -48 98 221 106 -25 169 -129 -203 -246 141 -142 156 -5 -241 65 136 -133 88 -126 154 -218 -156 175 192 -24 -225 -125 27 -219 -205 60 89 71 -103 -15 144 223 213 -146 239 30 -52 229 204 47 81 181 166 -201 -60 188 158 -233 186 235 94 238 180 66 -192 40 -50 -242 21 -6 -109 20 -93 -154 148 114 -3 249 -239 85 242 -123 -8 4 245 185 179 167 92 247 -196 170 -172 -234 -212 -135 161 226 -99 108 34 -149 -150 -155 58 -226 194 236 177 212 -162 -197 120 64 10 217 -57 115 121 -157 -22 190 139 211 -124 8 -210 16 214 159 -177 -29 -78 -18 46 -73 -248 -220 -76 233 43 -115 -134 -41 -128 -111 -51 -244 44 41 -107 187 -28 -42 164 -97 56 -88 -138 -176 76 -68 -139 -66 189 31 -55 11 -61 -236 202 201 -34 -69 219 -95 124 142 -117 118 149 -101 -194 -237 54 86 -153 -164 162 -208 -183 -75 1 240 -81 -143 -243 145 -87 -193 15 216 155 112 -82 75 -181 -20 147 49 230 -224 237 191 -46 -27 -105 228 36 -187 -191 -9 -195 -116 97 42 68 104 -19 6 -165 29 57 37 227 243 50 -168 55 -158 -230 209 62 -54 231 116 -45 -36 -119 -250 218 67 -204 -113 -77 -182 -185 241 133 -62 205 171 -89 -144 -137 -83 215 91 -17 129 157 178 -67 -213 -4 -232 -23 18 -249 87 130 -169 -71 -21 -43 59 195 -10 9 -121 25 93 -209 207 -30 111 -102 -171 72 -70 -31 -198 -120 183 2 35 -96 172 -222 -151 -127 95 174 -247 -12 -94 196 5 0 -215 146 131 222 140 160 53 -131 52 193 -174 51 -245 -14 -206 134 -47 -80 -79 23 -85 -160 22 -104 -49 -180 -235 -38 -84 -216 127 135 -11 -207 -1 -228 225 -40 -56 26 197 -163 14 38 -140 -178 -170 -98 220 -90 33 184 109 17 -63 210 -100 -229 -64 99 63 199 -37 165 -159 143 -65 -161 -223 168 232 -53 79 -152 13 153 78 -188 90 19 -202 -179 206 176 -74 -86 -33 123 103 84 -214 -141 -7 -186 151 28 24 244 -227 -166 -35 203 -2 173 -200 234 101 3 126 198 100 -148 -167 182 -189 132 -122 105 -108 128 45 39 246 48 -217 -106 -32 119 208 -184 -147 -110 -13 -26 -114 -175 152 102 138 -211 61 -136 77 32 113 70 -59 -221 -190 -16 -130 -39 200 73 248 7 -240 137 12 150 -118 96 -145 74 -112 -91 122 125 -72 117 80 163 -238 -132 -92 -44 110 -58 -199 -173 -231 
TEST 137 ARG:-163 -146 133 -54 245 -207 81 127 -210 198 -9 234 60 -233 103 49 93 -189 -94 9 -35 -185 -194 -136 224 -64 109 -231 -76 36 -45 38 -227 13 -124 76 30 -19 119 170 -6 205 -243 -168 -23 -70 -205 -13 -24 248 -40 -174 219 -53 39 -230 232 -77 4 -14 -116 236 167 -150 -216 157 -62 97 -154 -128 176 -244 193 -151 -127 130 225 106 115 211 -100 -69 -161 113 226 -78 -74 179 174 -63 -65 220 -137 -226 147 223 7 -223 -72 222 11 143 92 144 163 247 -1 -156 136 -218 -42 85 35 -222 90 33 44 -184 -34 6 128 55 -191 -175 -204 -2 27 116 -102 156 -12 -104 -84 111 95 31 122 -202 -182 83 -217 100 -186 -68 82 -115 240 -5 37 -176 -3 -139 -147 -126 227 -195 -219 -33 24 99 23 54 -103 -20 -131 -37 -108 -162 -180 175 -107 -47 -27 71 64 -149 -167 134 -22 -119 -213 -187 15 244 135 186 -193 50 152 151 -142 -188 -245 -242 101 72 -224 195 -196 214 155 -155 202 233 140 126 215 5 -221 -17 -56 -143 -61 -51 98 -81 -52 118 -145 105 -153 -67 32 -89 -134 69 169 80 21 40 242 -225 207 148 -130 145 212 -215 129 -49 -238 184 -178 178 -181 -144 -173 114 -208 -133 46 62 -240 -26 230 -183 -148 -246 48 -212 -125 137 158 43 228 1 125 -166 -201 -41 -8 3 -38 19 56 -112 -60 -132 165 164 141 -92 216 138 -120 -28 66 -36 25 -110 153 52 243 204 34 73 166 112 -82 61 208 -241 -99 -44 -43 -21 231 -209 70 -237 -228 18 -140 -171 229 -18 -106 168 160 -50 0 246 235 -57 196 161 154 -48 213 173 -80 -236 142 201 53 86 -85 -138 -248 -229 249 104 91 -152 199 -234 -197 238 -235 -4 -250 -66 88 14 -46 -141 -95 107 -157 180 96 -214 197 94 120 172 218 206 41 8 -190 12 -117 188 -91 -211 -165 237 -200 177 -83 -101 -111 239 185 -71 -206 -31 190 -16 -97 2 28 -123 -10 -58 16 210 10 47 -73 162 187 -113 63 89 131 -121 -25 203 -203 -160 -105 -32 67 200 -249 -88 183 -90 75 -164 221 -158 217 77 57 -177 171 123 68 59 22 -30 -172 181 102 -170 17 -135 51 124 -118 -122 159 209 -87 -247 -59 84 -98 26 74 29 20 -232 -129 -179 -29 182 146 -86 149 121 -199 189 -96 -79 87 192 -159 -75 -93 -109 45 -39 -239 -220 -114 132 58 -15 79 139 -192 -55 -7 191 -169 -11 78 194 117 241 150 -198 110 42 108 65 
TEST 138 ARG:-157 231 241 -220 155 183 99 -217 -23 13 154 -81 -169 243 206 -179 -149 -197 -92 114 35 -230 -6 30 172 37 151 -98 -93 76 -200 -184 55 -67 195 174 64 45 113 109 -26 185 130 52 -44 -29 -60 2 192 213 212 -126 -202 236 -96 -62 182 28 -108 97 61 -168 197 146 0 -91 132 -32 81 -177 92 -189 128 54 -178 163 95 -187 247 -241 125 142 90 32 -53 75 225 62 -236 198 -216 -211 -142 -245 -121 181 -249 46 -94 -109 -239 33 -132 -51 78 60 51 -172 221 -50 -193 -7 88 -45 -173 199 -59 -78 14 -134 -19 232 188 -229 -155 -61 15 -95 -166 160 -232 -3 227 -150 -214 -243 110 -52 40 -84 -250 82 44 -124 124 -159 -25 -10 -28 135 107 -207 244 117 144 108 191 127 -247 179 -226 158 29 -33 -222 -35 170 176 -47 136 -128 47 -180 -163 120 218 -171 161 193 -218 7 145 -235 -79 173 166 -31 -127 -69 222 177 -203 -219 140 112 238 77 -244 -113 -118 -72 -13 -158 59 133 -141 36 211 -162 -15 217 190 171 -147 -209 226 -154 -137 69 79 38 70 -73 -5 53 84 -205 -76 -215 -85 149 147 122 -1 -123 -27 -21 -225 164 208 139 137 -42 -80 -70 11 187 228 58 -161 73 94 -228 -102 -221 -115 -2 -97 -77 -199 165 203 -240 186 -56 121 -119 -204 -188 -37 17 168 19 -66 129 116 86 207 -139 -223 201 -192 -138 43 -175 245 -83 -210 180 91 -231 42 -133 -75 123 -87 65 -208 167 -103 -130 143 210 25 189 -9 -43 -185 -89 -191 -34 57 224 80 169 -40 -63 -107 -11 98 -112 -136 -198 235 103 118 -48 -233 100 -190 83 -144 48 196 -30 -146 209 175 246 -38 156 -170 34 229 -131 -54 -22 96 -165 204 -174 68 237 -242 -41 -8 239 162 105 -111 56 -106 -36 -182 16 -238 6 249 -148 -58 178 -201 -164 -152 -18 -68 242 67 4 240 31 21 102 205 104 -86 41 39 215 22 153 -39 -117 216 12 71 -224 214 -12 8 -4 49 -129 159 101 18 -64 -17 -181 -120 85 -82 -55 -46 148 -160 -156 5 -234 -104 -183 24 -116 -237 3 -195 -110 -24 150 66 -153 131 -135 223 -186 -227 -151 -206 152 230 23 -16 -125 -143 -99 -140 -101 -196 93 -212 26 20 184 -122 63 233 -90 194 200 -100 248 115 106 -246 -65 134 -20 -57 126 -114 -49 -176 89 -105 -74 234 -14 50 -88 111 202 9 -194 -145 119 -167 10 -213 1 157 72 -71 138 -248 219 141 220 74 27 87 
TEST 139 ARG:238 -52 -20 217 -170 30 -5 17 -250 -111 87 234 172 14 -71 232 -219 -230 -240 162 4 35 -118 214 26 65 -16 64 40 169 6 115 -70 -167 130 147 34 125 185 -129 -30 -95 -136 -156 84 -204 -79 -41 31 -238 -107 -227 -74 -96 -84 132 202 -213 100 98 138 -211 227 -221 89 -188 -224 153 109 -121 -26 158 -37 43 187 82 88 -38 195 -193 206 2 114 104 -130 -189 -249 72 220 93 167 -69 13 -168 171 -58 78 -205 218 60 -196 235 182 -236 -72 226 92 61 216 96 -48 -39 -101 97 204 -59 58 81 -216 -157 -195 19 210 239 212 110 181 -191 -12 211 127 9 -176 -135 188 240 231 249 -208 -175 -203 164 -220 228 196 91 -122 54 77 -232 -49 -77 219 95 213 -93 -237 -51 -117 -182 -28 -99 -63 -185 120 -192 -186 -244 137 -179 149 -6 209 -200 178 -32 70 116 -159 -97 176 119 -110 -197 191 146 121 -234 52 27 25 136 -66 139 -171 190 230 -214 -45 -86 -150 51 237 229 -151 59 140 -246 -18 177 150 62 101 242 -43 -40 -206 -102 -82 49 -228 124 -25 -92 5 -103 -239 -31 -183 224 55 -8 23 129 -231 246 173 -4 201 -67 3 -162 -242 -91 20 85 50 163 -54 -126 141 32 -62 203 24 -217 -164 90 22 -15 233 -161 -105 -11 207 -153 117 -149 -17 -23 243 -138 1 -155 -73 161 247 8 48 186 80 -81 -114 108 -145 -184 -202 -215 180 76 -125 -113 -116 -169 -87 29 215 -85 10 142 205 56 -1 -19 45 -119 179 -108 -165 36 -106 154 -144 -120 103 -226 47 -131 0 168 -247 53 197 -180 15 122 -60 -143 -187 113 -142 -53 -10 -141 -83 28 -222 183 118 -2 165 74 -181 38 -243 -112 18 21 241 -218 -61 7 -174 -76 -29 86 151 -44 199 -166 -115 106 -124 69 -134 222 133 37 -248 -199 -152 -68 -139 174 157 -158 193 -36 -46 -229 -225 -147 -146 143 111 39 -50 -233 73 -190 79 -56 99 152 -212 -223 -140 -98 135 44 -178 192 159 198 208 -9 225 -27 57 184 16 144 -33 -148 -163 145 94 221 -133 -241 -80 112 248 -245 223 75 200 -172 -127 83 -34 155 236 -128 -3 -160 -209 -55 -109 -14 63 131 134 -65 105 102 -42 -137 -90 42 71 189 126 11 -22 -94 66 -104 -35 -100 33 -207 123 160 170 68 67 -201 12 -7 128 148 -89 -173 -24 -132 -75 46 -57 166 -198 245 41 175 -88 -47 156 -64 194 -21 -210 -177 107 -13 -123 -154 -78 -194 -235 244 
TEST 140 ARG:-93 -85 -92 -249 122 41 -70 -232 -223 217 -53 124 83 -196 -194 -40 -148 15 170 -221 -209 -222 47 127 185 53 248 -28 148 52 -58 -17 92 107 219 -226 195 136 -119 -250 -143 216 -131 196 -99 161 241 -246 57 203 40 218 17 -212 -81 237 -197 108 35 109 -89 16 -69 143 89 -98 64 2 -138 235 -203 193 175 32 -112 231 70 -37 -25 -122 -79 -50 -33 226 246 -56 9 -100 -142 81 -124 247 -224 155 144 163 162 150 140 60 22 -26 -91 -153 -62 -8 234 151 93 -233 -126 106 -167 -1 -32 -245 -175 -230 12 45 11 -39 -243 213 -207 202 123 156 142 -12 -156 -179 -215 173 -13 200 -21 -154 -82 -111 -102 215 33 -198 125 24 88 63 -128 -22 -84 -166 30 91 -214 -67 -211 -97 214 -115 -240 55 46 145 -133 97 65 -107 -127 -190 141 -227 -171 -204 76 -208 23 4 -86 6 240 -68 -220 96 -101 168 -244 -36 -66 -182 166 -120 -248 37 80 191 -83 94 29 190 -201 204 183 -139 228 75 -61 189 73 -242 160 -125 84 236 120 105 -106 58 -173 130 104 -229 -2 -121 -103 197 153 31 -129 -90 -110 36 -48 -16 184 39 -140 179 21 34 242 -181 -10 -7 220 -19 -174 210 13 27 172 -27 -163 68 101 167 -59 -116 -147 61 -186 85 -52 -130 -46 249 -187 176 -137 -105 -11 224 -104 158 233 -51 72 95 -152 152 -168 -118 -18 119 50 239 111 186 -14 -228 -170 -117 -75 8 -45 -217 -63 157 62 128 51 -239 -23 232 245 126 5 121 43 209 -151 208 118 69 103 159 49 149 -35 -31 74 -149 -136 25 1 117 180 66 -54 178 -65 -73 28 211 -60 -205 -134 -43 26 42 100 -165 230 -160 90 0 134 198 221 243 -57 137 -185 164 -30 -235 -176 -247 -225 205 129 192 10 -192 98 82 165 99 -150 -3 14 -80 -49 -210 -183 18 -78 -123 -164 -159 181 77 174 187 -195 -24 -144 116 154 -42 -219 -109 199 -200 -237 227 102 -231 -95 -38 194 -76 -108 113 -158 171 -132 -74 54 -189 -9 -191 -15 -88 177 56 -47 -213 3 -238 48 -172 223 -71 -135 -162 -236 19 86 -96 206 -145 225 -113 -114 133 229 182 -5 -234 188 139 238 -64 -177 131 -41 7 -87 -94 -141 -241 -206 -178 -77 -4 114 212 -199 -6 132 59 138 38 201 78 67 79 -155 -34 169 -44 -184 -216 222 146 -72 -55 -169 -188 -146 -20 -202 44 135 -218 -29 -157 20 -161 87 112 110 71 207 -193 -180 147 115 244 
TEST 141 ARG:201 173 92 138 -47 -105 124 75 -97 210 207 204 -232 23 -134 227 241 21 146 76 40 -26 -15 -117 -132 -201 52 -3 41 128 133 205 82 230 226 -142 73 -155 -94 -18 48 100 165 200 229 -133 -19 -218 -114 5 -206 -17 -102 167 -193 -84 -153 179 121 -38 103 -229 96 191 -211 143 51 181 -115 -8 -141 -103 198 -16 -189 -197 190 134 -48 148 -95 -180 -166 -210 -89 -127 233 42 -60 237 -27 -35 197 136 43 -219 68 -42 -14 53 17 -143 60 18 157 -75 -52 -178 -207 160 172 37 55 -230 0 -62 174 -140 222 126 16 203 -234 -34 -43 -220 -56 -124 -186 -82 98 137 122 39 66 186 -241 -209 77 199 234 -231 89 -46 -65 -101 20 -221 -188 -93 221 118 -237 -73 -106 -162 -202 132 79 225 114 -90 -98 218 87 -50 -64 -200 245 131 -12 -184 78 240 -59 141 147 125 111 -99 243 61 127 -148 -247 163 113 171 -83 -217 86 244 177 104 -121 -181 -61 139 7 107 -128 -100 224 25 -81 185 -235 95 -7 31 -238 -215 145 -68 120 -24 -179 129 -79 -91 -222 153 -45 161 158 182 -40 90 -159 -125 194 -118 166 -66 -226 -154 -96 -177 -198 45 -156 27 223 -171 49 -246 212 -10 -32 64 -126 242 217 -157 178 3 209 -185 189 44 -36 2 215 93 196 -44 156 -76 -214 248 -244 188 94 164 123 -110 -71 -107 -245 -223 36 -250 150 -196 195 -119 170 142 -205 -123 -137 -204 159 88 -33 144 119 213 180 24 65 220 239 151 -199 -109 110 54 -116 22 26 74 -167 -80 -190 102 -224 216 -77 15 169 85 183 193 -92 -4 -30 59 46 -227 -149 -228 69 35 -20 -86 -37 1 14 -225 84 8 -138 152 63 -41 247 -161 -25 -1 112 -88 47 -163 -175 10 219 -164 50 -236 -39 -172 71 149 -145 168 -165 -144 -72 -28 -243 13 -240 -147 -168 238 154 -160 62 28 -213 -146 -70 -108 106 72 34 -139 -169 -67 -111 80 4 -192 116 -129 91 246 -74 33 -69 -6 -29 206 -170 99 117 9 -55 -11 29 -248 130 30 -239 70 83 162 -120 155 -187 -31 -87 -51 228 -53 192 -176 -233 -113 -131 184 -2 57 135 -85 -150 19 176 -183 -130 101 97 231 115 -182 -21 -78 -57 81 -242 67 -54 -136 -49 -112 58 208 -151 -13 214 -158 140 249 -23 11 -63 235 109 -58 -191 -216 -5 -9 232 -22 56 -104 -173 6 12 236 108 211 175 -212 38 32 -174 -194 -203 -122 -135 187 -249 -195 202 -152 105 -208 
TEST 142 ARG:212 -28 -123 84 -137 77 -227 47 -170 221 184 -122 -91 185 -142 -232 -188 100 245 200 -126 -177 94 -236 -186 -5 149 -18 -125 3 -218 146 -50 134 -222 -10 -183 189 -140 31 -49 59 49 232 -40 91 126 -53 -223 209 -131 171 -27 -117 68 -84 -133 -241 -25 124 -235 -9 -78 -115 238 -207 -243 125 -172 -1 205 224 -237 -154 -8 18 17 20 37 179 -230 -68 167 177 -246 -127 215 -66 -71 106 24 -208 -171 -197 107 142 144 -34 -95 188 143 86 -199 26 -210 147 -196 -173 33 -138 -92 -120 -24 -17 210 -7 8 104 114 45 -135 237 -23 105 65 150 60 183 -181 -248 73 54 -219 -79 131 178 197 153 69 214 152 -202 -72 72 -100 240 -206 -195 -191 -245 173 16 -46 76 -26 166 2 116 32 -128 -13 40 -106 11 53 -73 182 87 -130 23 -204 -58 163 112 -86 -59 -113 -55 110 7 244 -184 180 56 43 4 99 -42 113 121 -15 89 97 -162 109 -19 198 67 -247 -4 -211 -38 -67 -3 123 61 48 136 -77 -129 225 129 -47 -60 35 -108 -153 243 -190 242 233 -80 139 -139 203 128 -74 -187 -75 186 176 162 211 -81 -48 130 222 46 133 108 -124 -157 -134 -35 -144 -102 -182 -112 -156 38 -165 -169 -143 235 -201 0 12 -216 193 227 -52 90 172 -94 64 -29 148 -63 213 -101 -16 -242 164 -62 170 236 -146 161 -57 -179 157 66 -11 -36 -249 117 119 -132 15 -178 83 -119 -239 -176 93 95 -164 239 -12 -82 187 -149 6 -168 230 101 169 -76 165 -98 74 -33 27 241 57 217 -215 199 62 -121 63 -64 -41 201 39 -189 -220 228 -110 -167 196 -233 51 -198 -37 141 -152 92 226 -231 216 81 96 -109 10 206 -148 -31 -213 -22 -159 -155 82 -175 246 151 -174 -44 132 -118 -90 -212 122 174 160 44 -151 -221 -166 -185 -93 -228 -116 120 -217 -103 21 -54 102 218 55 -203 -20 41 -150 13 159 -141 234 -136 -238 22 75 19 -105 115 208 52 -240 -160 135 181 -225 5 -43 219 202 -2 -111 -14 -99 42 175 71 190 -161 -83 194 85 -224 58 -87 156 -214 29 220 79 14 -180 -250 -104 1 -234 249 137 -21 145 -192 78 191 80 111 -194 168 34 30 88 9 -85 -30 -97 158 195 70 204 247 118 50 -147 -39 229 223 -107 -88 -70 140 154 231 -226 25 -145 192 248 -158 -114 207 -51 98 138 -56 -229 -244 -65 -45 -96 127 -61 28 -69 -6 -193 103 -205 -163 -89 -200 -209 36 -32 155 
TEST 143 ARG:214 -247 167 12 15 111 148 -152 -39 226 211 -116 -96 -11 -183 48 36 95 -176 0 -34 182 -111 -103 -203 -113 -229 156 -178 168 -197 -122 189 150 -231 94 43 166 11 -32 50 -24 23 -168 -220 184 -125 -88 188 90 58 83 -101 -13 -223 -3 -1 202 192 -129 -161 24 152 5 110 -78 136 21 81 -142 -222 183 249 -146 105 22 75 -170 233 1 -195 -119 -174 -25 -163 178 -186 142 -12 -79 179 176 125 209 -227 -169 41 29 -240 224 227 104 112 223 -245 -43 -180 92 -53 20 196 171 247 -110 114 -241 -7 -238 124 -73 123 129 80 -83 18 216 -148 -57 -36 228 -5 -66 69 -117 -80 -74 56 98 -91 89 14 -200 197 59 143 -40 198 8 131 139 -210 101 86 217 33 -16 102 122 72 -10 232 9 -158 -215 -206 149 -75 -128 -94 -67 3 82 -50 -27 116 -45 -165 -8 40 181 51 -100 -70 -162 180 130 -211 17 241 -87 -202 -14 16 -236 242 -198 93 119 -153 126 53 -9 -76 -151 -217 -237 239 160 -105 193 -209 85 -230 34 231 -232 -191 -190 -52 -154 -26 57 -18 128 -216 190 -65 -157 243 117 103 52 -59 207 240 -141 132 -15 99 -181 106 -69 -171 -97 -81 -213 -93 -164 244 -77 -23 32 71 -235 161 54 37 63 100 213 237 -60 2 -205 145 174 -196 133 -199 49 -246 221 -30 97 -150 65 -224 -172 -89 47 -179 -38 165 45 195 -160 -243 115 -112 204 -48 -135 70 -92 30 -132 127 -17 140 38 7 -233 88 -2 121 62 113 -137 -104 138 -185 200 155 91 -149 236 42 -188 -99 -144 -239 -115 212 -147 -62 -187 -143 -63 84 210 -72 -208 246 39 -98 76 -46 -244 -107 -54 153 -131 -6 157 -228 146 135 186 185 -55 -85 -130 -84 -71 -218 -29 218 159 25 -90 173 19 -221 44 31 -212 158 -124 -4 220 235 -242 -35 -106 238 172 187 -207 -33 151 73 -64 175 -166 144 170 -177 229 46 96 201 -44 199 -250 -134 -145 -118 -248 60 -20 -204 -225 -37 141 68 -95 177 137 -31 163 27 162 108 -102 -226 194 -156 -126 -21 -47 219 55 -41 -184 13 -133 109 120 67 -201 -192 -214 77 -51 35 -139 215 -159 205 -108 -19 66 -155 79 -120 147 -86 208 28 -58 -121 203 245 -109 -127 -140 -182 6 -138 -234 4 230 134 -173 222 -56 -22 74 26 -42 206 64 118 154 -193 -189 -28 164 10 61 87 107 -114 225 -249 -194 -49 78 -61 234 248 -136 -123 -175 -167 -68 -82 191 -219 169 
TEST 144 ARG:-54 21 34 -198 -88 238 197 8 -162 -29 149 118 -238 -210 56 -171 -190 49 -77 -180 16 87 -6 203 -221 -156 141 195 -58 23 -100 -52 122 -222 183 7 83 162 158 -127 185 -163 -219 22 -175 -118 161 208 198 130 -169 93 -124 -25 72 40 -97 1 -41 142 -193 67 77 -154 -24 -115 175 -186 148 -74 -160 -61 46 -141 160 133 125 128 199 -9 -89 167 -27 -135 -218 -201 -103 -102 -227 -39 246 -12 -129 181 -170 201 -164 -187 -42 193 144 98 -101 57 -230 -203 -142 -173 -110 -226 -241 -117 105 -189 177 -152 -130 210 -1 94 -120 -184 -90 -159 -157 -192 -134 27 211 -16 186 78 -15 187 -149 156 245 159 -143 63 11 18 -91 -213 -165 96 97 -212 243 -70 -166 4 13 -30 -38 -146 191 3 2 220 -182 173 218 25 249 135 80 86 81 192 244 85 -62 -239 -71 -49 223 19 -178 230 -114 -79 120 -36 -144 152 -21 -11 -66 -248 171 137 -84 157 -123 -150 -246 -140 -81 -232 228 206 -99 -131 180 -14 -133 -43 101 -28 146 -106 -158 -10 -208 174 39 -119 -63 41 -76 -65 106 102 91 165 168 -4 170 139 -204 -56 -64 136 169 140 -46 -196 95 -231 164 55 132 154 24 239 -17 -96 -132 65 232 62 76 5 -35 -207 45 -59 33 60 103 -95 -195 213 36 42 -243 -209 -31 31 70 179 -200 176 150 -78 61 247 -92 134 -147 6 241 178 124 -177 127 248 50 123 -8 -216 28 196 32 -32 -197 -122 -75 -26 -202 231 89 -194 214 29 109 -217 0 100 -113 -3 -228 -225 84 155 163 -37 -82 -235 -250 166 107 -47 -13 200 12 -67 108 64 69 237 -153 43 111 52 131 -45 -185 -107 -51 -50 -211 26 -7 -138 -247 -98 58 38 -188 82 205 -237 44 -33 -205 194 212 20 -240 225 -108 -40 -136 -229 -234 221 -126 -172 104 71 182 110 -183 73 -19 -244 -5 209 224 -68 -155 -206 15 119 59 -168 14 -181 -22 -245 117 229 235 -85 75 -112 51 53 240 207 54 -167 -128 -69 37 -125 -109 -48 -94 -199 -116 -214 138 222 -93 188 153 -145 -87 -242 112 -57 -44 172 129 -53 217 47 -151 -215 99 121 -18 226 -104 -174 9 184 151 -111 189 -105 -161 -20 202 90 115 227 242 -148 -73 236 -220 66 92 -223 10 143 219 35 79 190 -86 116 114 204 215 126 88 -55 -249 -23 147 68 -2 -34 234 233 30 17 -224 -179 -80 -176 -139 113 216 -236 -137 -233 -72 -191 74 48 145 -83 -60 -121 
TEST 145 ARG:38 156 30 244 246 95 112 -239 -131 -28 128 -54 36 -66 151 -140 -111 -146 162 -237 144 -205 126 -26 -156 -78 -42 -247 -154 178 247 51 37 -222 -33 143 -109 141 18 -147 106 170 11 -101 27 206 -36 245 -176 49 67 96 204 237 86 225 -194 -86 188 109 4 -47 161 -24 134 26 -126 80 -220 1 105 -37 34 81 -83 214 137 -173 199 -206 -182 44 -32 -181 54 -242 48 205 0 55 -103 181 -218 -85 103 117 186 -97 209 -96 -13 191 -189 -144 -170 66 -246 168 21 60 177 198 -79 93 -76 22 -22 -106 118 146 226 -11 149 -90 -187 63 -150 41 -195 155 -210 132 35 -180 -53 -152 239 180 -52 -179 -12 121 107 -6 -110 218 135 -49 -9 -89 -136 216 -163 182 217 -229 -235 -65 57 185 -236 59 -155 19 -56 -95 -190 -138 -128 165 -123 231 230 -20 163 211 -228 228 -196 -202 -153 -238 115 212 15 28 -121 243 25 158 -203 154 203 -25 47 -18 -172 -184 222 207 221 227 89 43 -249 152 -130 -43 -185 -225 176 -2 131 196 -19 -115 -99 148 172 -125 -197 197 77 -164 61 -61 -69 102 -59 -158 -178 -81 -67 -39 84 92 -50 3 -248 45 -169 -200 87 219 -16 -183 -31 53 122 189 -98 -44 129 139 -171 64 24 215 -8 236 -5 -166 240 248 -10 -80 -84 10 -204 116 -212 145 -157 2 -46 220 -34 124 -63 104 7 83 224 -243 -219 -240 91 99 229 160 -175 179 97 -114 -132 194 100 14 -91 78 -60 130 46 123 39 9 -116 150 159 108 127 -145 -119 -159 184 153 13 85 -21 -186 68 79 -216 113 73 195 -133 157 -74 40 -199 -87 171 187 208 142 234 110 175 169 -72 133 -117 200 -191 -207 -77 -29 -55 -141 183 -161 74 71 12 125 -139 5 -148 -215 -124 167 33 -250 -107 -192 -214 -118 58 -82 -165 238 -134 65 173 -45 -73 -227 -149 -7 193 166 -105 98 -137 -209 -94 235 -217 -71 111 -151 -104 -230 -234 -201 -62 -113 -38 -241 52 -244 -208 -48 -51 -142 -226 -3 -40 138 -231 -17 -15 213 -68 -93 -177 -129 -143 29 -223 233 90 50 -102 -224 6 -27 76 -41 -57 232 -213 32 114 16 -232 249 120 -23 -211 -88 119 241 242 -135 -58 192 8 23 210 147 -162 -35 17 -245 56 -233 174 -221 -92 -112 -198 70 101 -70 94 -174 -127 72 -167 -1 -75 -108 -100 62 -122 202 75 201 164 82 223 -64 -120 88 -193 -168 42 140 -160 31 190 -14 136 -4 69 -188 20 -30 
TEST 146 ARG:43 207 -166 140 97 193 -138 192 -46 -39 202 133 115 -70 -148 183 166 -112 -171 42 212 54 123 5 67 100 -192 14 173 112 208 99 91 -100 -184 151 -104 52 237 145 225 -58 -54 -116 160 -107 -219 -239 158 -248 134 -34 74 234 137 -29 131 162 165 -12 -149 -50 223 27 -53 105 236 241 -232 -26 -105 -6 -73 240 66 -25 -110 -221 96 84 130 3 56 -74 -56 118 124 26 248 246 102 150 226 -109 70 -240 242 41 -92 -175 135 111 -120 -96 21 -98 18 77 -123 169 -155 -222 2 -227 -236 44 210 -72 -65 -172 138 -143 -86 -177 -220 -235 20 -173 -188 -125 -40 -84 -159 -157 -152 -90 -93 33 -42 163 -18 -101 -194 -162 -154 106 -16 71 -144 222 -94 136 -226 -77 -108 200 -196 -81 199 -99 -203 120 95 -59 231 204 -43 -207 -22 55 109 -141 17 -23 155 -185 90 -63 50 -238 -15 164 238 51 -139 29 219 203 239 -218 -51 232 -17 -249 -209 185 -225 -118 37 1 -117 -153 -20 122 92 -211 -137 148 -176 -97 -7 141 68 -206 32 -178 16 59 -129 117 -122 -197 25 197 179 -121 177 154 190 -213 159 7 -106 -85 176 28 187 -134 31 -146 175 -103 -193 -102 178 -13 174 -82 19 186 39 127 -168 23 189 -8 -57 80 -61 -244 -64 -10 30 -158 228 -246 -195 128 -9 60 72 147 172 245 156 -179 191 -234 230 -37 -60 114 -2 -78 -87 -111 -183 168 6 201 -133 -71 -180 -187 -243 -79 -189 -48 188 -66 195 206 -150 142 -75 -237 -156 -231 -47 78 -32 -247 -127 -62 82 -30 220 249 213 205 -113 161 -216 -19 85 116 47 104 -88 233 -126 -228 103 119 -163 -147 -55 49 -95 89 215 -89 53 153 -131 -205 121 170 110 98 9 -136 -38 227 -35 -174 11 146 65 15 -130 -21 167 12 -140 -210 -36 63 61 247 244 101 -241 -242 152 -11 94 -76 83 22 81 -202 -49 87 143 -224 -3 10 -52 196 40 -215 -250 214 181 108 35 132 235 -69 13 75 -217 107 46 -245 129 221 -167 229 -169 -142 113 217 88 58 -1 -5 -135 139 -201 -45 -160 -233 211 -204 -145 -170 -80 -186 157 36 194 93 -124 171 -230 48 -190 73 216 -68 180 76 -24 86 125 4 224 -191 -223 144 -208 126 79 -67 -119 149 243 -199 -114 -33 64 -151 45 57 -200 -128 -181 8 218 -28 -27 -165 34 24 182 -91 184 -4 -164 -31 -14 -229 -182 -115 0 -212 -198 198 -161 -41 209 -83 69 62 -132 -214 -44 38 
TEST 147 ARG:-238 196 168 -203 14 157 119 -3 -118 51 236 -149 209 -104 -105 -162 -234 111 213 -161 79 -167 180 -73 -40 -1 7 22 -231 53 -23 208 -108 -179 -129 186 -101 114 48 17 -41 229 203 -46 212 105 -16 -200 -196 -125 -79 197 -36 134 248 182 206 -174 -53 30 -24 162 25 201 126 -142 -65 205 163 13 143 -182 -192 148 -222 -188 91 220 -84 -117 -20 159 -134 39 -225 -138 -199 -187 73 -189 -229 -90 107 49 89 -58 -247 -47 37 -124 -250 -235 199 -93 -164 -72 69 23 -177 55 80 59 72 45 -197 -122 -28 26 -98 -25 44 -128 -30 178 -78 160 -111 -166 0 19 170 -56 177 150 115 -102 18 3 -35 87 172 226 -169 -64 -123 181 -88 -38 -173 -92 62 166 78 194 118 122 230 -50 210 -69 -170 231 98 -245 -139 -26 5 123 -209 12 -145 77 -223 -163 2 135 -114 -103 -51 46 202 -215 140 -113 246 -120 222 -144 -91 -207 -18 241 -158 153 -146 149 81 -165 24 116 -140 215 -154 -57 133 -198 -233 -116 16 -236 239 10 -141 138 -130 244 -15 -77 129 -230 151 235 -67 52 -248 147 -55 152 191 42 -202 65 195 -19 -85 207 -211 -74 187 -95 110 -63 -121 -240 198 35 -246 227 237 -232 141 -131 -228 84 -60 245 -59 99 -110 -204 136 -6 -132 164 88 113 -13 97 74 -89 188 189 -194 68 -156 -137 57 128 216 -9 102 -80 -237 21 139 60 -221 -27 -86 104 -66 -178 -115 154 238 41 50 221 76 -61 -10 27 -109 112 173 -212 -184 171 -175 20 -135 -195 40 -147 125 -219 -5 86 -17 -7 75 -32 -99 38 -107 224 161 185 -119 -11 -185 211 -33 155 -213 -76 -153 174 -2 -96 249 -52 217 -201 -83 32 -214 -87 127 -14 54 -106 -143 -127 -210 117 -21 -227 -186 106 233 124 232 142 11 -193 156 29 183 247 -82 242 -62 175 -206 -239 223 -22 -208 100 -94 -249 184 -220 -180 240 -171 108 28 -224 9 130 -150 167 -42 -81 -243 101 176 67 234 8 -176 95 -49 47 6 -136 -112 43 61 -191 90 -148 -241 -31 193 169 132 121 200 70 214 243 36 -160 -75 -126 -218 -151 -181 -43 -39 103 -4 66 64 -37 228 -8 190 -34 218 -29 131 4 31 165 -97 85 -242 192 120 219 -216 -54 1 -159 56 -100 179 -48 82 83 -226 -168 -45 -190 -217 144 92 33 96 34 -155 109 94 158 -44 93 71 -152 -183 -172 225 146 -133 -244 145 -71 204 -68 63 58 137 15 -157 -12 -205 -70 
TEST 148 ARG:33 57 204 -15 151 -62 171 74 61 173 189 -197 -156 -92 -26 -86 -206 138 127 70 -10 46 93 71 -213 -247 -44 -111 76 -169 -67 24 -60 230 -75 -71 200 -218 -90 39 -55 -30 135 -234 -18 -112 -93 157 -224 55 -63 -244 -216 -202 -177 -159 -226 -37 -34 -102 213 112 1 50 229 -186 -11 105 86 129 -176 -130 165 -138 159 167 -215 -143 -68 84 31 68 152 -167 176 81 -113 91 -152 193 224 248 96 -33 -134 -110 47 -8 -82 117 -4 0 139 241 203 -101 -135 -208 -133 27 146 -195 -217 155 -147 118 154 143 219 -241 -178 -211 104 124 40 -191 -231 -245 -163 -246 60 -116 -43 5 -72 -97 78 -139 -166 -165 -199 -203 174 161 192 137 35 -87 -31 -250 -51 191 -188 -182 17 -47 109 216 37 187 -70 19 133 -235 -243 -61 222 -120 99 103 -144 123 107 -136 207 186 -78 -77 48 -153 52 115 -21 -181 -100 -242 -103 -168 -190 198 -127 -230 212 -142 7 156 -170 179 88 111 140 -193 147 196 228 12 -7 119 63 10 -151 77 202 -121 -179 106 160 -212 -27 180 -160 83 181 -69 182 -17 234 170 -50 102 130 108 -76 41 -158 223 -232 188 29 -209 153 -123 175 -233 132 51 -201 -58 217 -240 -172 235 23 -66 -23 -146 -84 34 -83 239 20 -229 30 144 85 -149 -183 -129 -184 54 164 -200 206 110 -9 9 145 43 -81 215 197 2 -198 225 -88 149 58 -16 -140 136 183 134 97 -154 201 -131 49 185 94 -161 45 -196 8 -223 -236 240 125 -32 -20 214 210 232 -42 -106 53 -39 -2 243 -19 -237 -38 -189 -107 237 6 -6 -104 3 221 -132 177 69 72 -124 -227 -228 -35 92 44 141 -40 59 242 -115 -207 79 -73 75 -162 100 178 15 82 -171 163 -173 208 4 -222 -192 246 218 172 113 -65 194 -64 -239 -238 -175 64 -89 -118 247 -80 -14 14 -12 -220 -122 227 -41 126 32 11 -187 -79 -1 -109 62 73 -48 -3 -194 142 -95 249 -249 56 -126 -54 -219 116 -180 -28 150 -36 -148 158 -145 209 195 -114 148 16 245 22 -137 121 -96 -248 -141 -125 244 120 -13 226 26 25 -57 -128 168 233 18 21 -46 -225 -174 -52 -105 199 -117 -210 -74 169 -49 -214 -24 -204 -22 -98 -99 -108 236 -205 -53 184 36 205 -5 66 -185 -155 220 122 -150 231 114 42 -157 131 162 89 -221 -45 101 13 65 95 -119 38 128 -91 238 98 -85 -59 211 67 -25 166 -56 190 -94 80 90 28 -29 -164 87 
TEST 149 ARG:-35 192 -2 -101 107 165 -63 162 -42 -83 -149 -201 221 38 226 -6 88 246 87 -136 53 -153 184 61 181 -155 209 -143 96 230 -37 139 105 169 -68 -61 -129 -192 -191 -212 8 182 231 -105 229 -199 -217 27 -169 -229 -137 -163 66 152 -10 218 -111 70 81 227 82 144 232 120 -62 219 73 -247 173 210 -235 -59 -200 42 -237 244 243 35 55 -213 -157 -28 -183 78 15 123 54 -9 186 131 -152 202 -21 -206 -135 239 14 170 89 163 150 -204 225 168 -43 -79 -85 45 -243 30 -51 211 43 -221 52 -154 -12 148 -172 -95 -176 103 -167 212 -32 -180 34 -185 -13 201 -46 9 22 -139 -241 233 67 -166 141 -236 189 -151 -47 151 119 -33 -182 -120 213 220 -106 134 -72 -1 -110 -123 97 156 -39 -19 -53 -104 -119 224 -173 -159 -26 10 -64 154 204 196 57 92 60 -58 155 -242 -186 200 -23 122 3 84 101 -14 -70 -8 37 -92 203 0 33 -146 -121 -233 126 -240 -179 -31 135 77 16 -209 115 12 -71 216 -211 -226 -248 -99 128 -128 -45 183 -190 -11 47 157 245 109 -131 -17 -223 114 65 176 59 -107 247 248 -188 -57 159 197 -225 -122 -30 138 188 240 -77 129 -150 112 -130 51 -126 41 -18 -194 106 143 -80 -195 187 19 86 -86 -56 1 17 164 -219 -93 48 171 -27 4 -216 -22 -15 -245 241 -4 179 199 -203 -205 -90 146 95 -160 -148 -96 26 -76 63 -164 180 -238 215 -249 85 69 191 113 -224 242 -91 -198 223 -207 -158 208 -41 -38 174 36 -187 25 -50 190 99 -147 118 193 93 58 -234 -36 -102 -178 98 5 -193 18 104 -88 91 -113 -82 -165 158 -66 207 -67 -84 -133 111 166 136 -98 -112 -65 -7 -175 -170 237 64 102 236 -24 145 -222 21 23 31 -127 -60 -118 32 172 228 -87 80 -239 117 205 -54 2 -227 -144 39 -44 -125 -145 44 -116 195 -140 7 -29 214 76 -138 178 -232 222 108 13 -210 -218 125 -231 235 40 -103 -97 6 94 -5 147 249 -250 -74 28 -189 -215 137 -81 -171 -52 71 20 74 62 -49 124 -20 -73 -161 -114 -202 -75 161 121 -196 -69 133 -109 -16 49 -228 234 -34 206 -162 75 -181 132 116 167 -168 -141 -230 -214 142 72 -174 177 -100 11 217 -89 -142 -220 -244 68 -48 100 -184 -197 29 -156 -132 -208 -78 79 -108 149 238 175 198 127 194 -94 46 50 -55 -246 -117 -134 185 -115 -25 -40 130 -124 90 24 140 160 56 -177 83 110 -3 153 
TEST 150 ARG:236 121 -61 223 149 -60 -155 -198 -136 193 -196 -146 39 -133 169 -199 167 41 -160 245 -200 146 61 47 155 -224 182 -138 63 111 184 -177 -206 246 -134 123 115 -42 -157 206 24 -57 18 -193 -190 -115 -223 62 221 5 205 27 29 12 122 -120 227 -219 107 -186 219 -187 -192 71 -118 -171 -172 234 -142 -124 92 -43 134 -97 -205 57 -181 -210 -72 -35 -180 142 225 -64 176 -46 218 -29 -151 80 -248 113 233 192 120 26 85 -51 -76 215 198 60 89 -143 181 -7 -17 130 -242 -53 -13 72 222 247 -232 -238 -125 -218 21 163 189 116 55 148 -244 -211 144 -6 36 30 156 171 -202 97 244 151 86 98 231 124 -228 23 141 158 -83 133 -50 126 172 -235 -67 -14 139 -147 -111 110 90 28 -166 187 -73 -189 -128 178 42 -90 95 100 31 -122 195 190 118 -158 213 75 -247 96 -107 32 -106 239 35 -11 -197 -150 -162 241 -159 76 248 101 -65 -105 91 154 2 162 194 166 -229 -184 129 104 -71 202 -132 -38 -79 68 -59 -129 -37 -103 59 212 17 46 -25 -21 207 -245 67 -20 179 125 -82 99 -174 14 -145 -54 170 -102 82 109 136 -216 -249 -19 196 94 -152 147 -231 -126 45 -194 -113 232 -243 58 106 -195 -55 53 228 -175 224 -30 0 -77 7 -191 -137 44 -23 230 165 -18 -52 -32 -49 -70 175 48 11 -241 153 -182 132 131 -109 -44 73 79 229 8 203 70 -178 220 243 105 -100 -62 -222 9 -16 19 -153 -74 174 -22 -5 -85 -26 22 152 150 208 200 51 -36 -204 -15 -144 -66 77 -214 -207 -173 -127 -239 -209 199 -167 216 56 -48 -95 -114 -69 -179 -237 -185 197 128 -86 -2 235 161 50 -40 -108 138 -165 214 238 103 210 64 -201 -148 15 -121 177 -92 -96 -117 -9 173 -212 -89 -163 -246 108 -130 114 183 -156 -75 201 145 -63 1 16 -225 226 -45 -250 -226 38 74 54 -80 -84 -119 -56 180 -149 -87 87 88 -169 78 13 -227 4 168 -28 -230 237 -240 242 -176 -34 -68 52 -12 157 84 -81 81 -3 -99 -47 119 -170 20 -91 185 65 40 -116 188 159 127 -213 -236 217 -8 -141 117 -33 191 209 249 186 140 69 -203 -233 -31 240 -104 -41 -78 -154 -220 -94 -98 43 -135 -131 -217 83 -27 -123 112 33 -161 -221 204 164 37 -24 -188 93 -10 -4 -1 211 -112 -39 -101 34 6 -58 49 -234 10 135 143 160 25 -215 -183 -110 -140 66 -164 137 -88 3 -93 -208 102 -168 -139 
TEST 151 ARG:-107 -48 235 -139 -185 196 -168 220 -55 55 -24 -93 -113 177 158 -170 80 38 -106 144 -27 140 193 -86 167 98 31 -197 215 -146 4 -62 240 122 -75 91 -148 -67 -89 13 208 -244 -117 -186 42 73 226 198 0 133 128 -206 204 -156 165 -219 219 -177 -199 242 113 -245 149 118 -65 -5 249 104 100 137 214 168 -95 139 125 126 -136 70 30 -82 -14 205 39 -119 -233 109 216 -9 -85 -23 188 -176 181 -26 -239 -236 87 83 194 -87 173 239 115 -243 170 -163 -194 155 171 -201 134 233 2 243 20 -134 -127 201 117 -6 241 84 -225 72 -118 -182 -172 -167 -211 60 106 -215 232 -18 -108 211 -115 237 108 62 -200 -66 148 12 -73 -220 244 222 7 -221 221 182 -122 85 -40 -98 44 -56 -116 -208 65 10 19 16 224 -21 -78 -90 -218 -212 1 -247 -141 -53 -25 124 195 95 -131 -179 -181 -36 -33 -174 112 11 132 -193 -250 -202 63 227 -13 -72 238 -161 191 93 5 -164 9 57 230 -12 200 29 -130 34 59 -50 -133 -159 143 -143 -241 -126 -191 61 248 -142 -11 161 -183 17 -132 229 -99 -205 -80 92 89 86 68 -96 206 123 -91 23 53 -151 -20 78 -63 33 66 28 14 156 77 -38 -81 111 -101 -8 -120 22 51 -224 172 187 -242 147 246 -175 150 32 197 -155 -124 103 -213 245 99 -223 -30 -154 -2 -144 -97 -249 -58 -111 90 -44 26 -42 -16 46 -158 166 -59 190 180 212 154 96 -228 18 97 146 49 121 48 54 -22 -171 127 -165 -246 -7 -74 -237 107 153 -19 236 183 231 -102 -69 -230 176 142 203 40 -31 -149 101 -152 -248 -1 185 25 6 37 -83 -214 -153 141 -180 36 -32 119 -60 -79 105 135 41 136 27 -15 120 -88 -34 -226 -195 -109 -77 -166 -157 74 159 52 131 145 184 -92 -125 -160 223 -103 207 -68 -54 -112 228 -222 152 -123 -210 189 45 -192 -198 -238 210 169 -49 -188 110 -138 -45 -216 -169 -207 -76 151 -129 67 47 -71 157 81 138 64 56 -145 94 -51 -39 -121 -204 -137 -140 -94 -110 -61 -190 -47 -150 -35 15 163 -227 186 217 -46 -135 79 -184 225 -70 116 58 -217 43 50 -173 -52 218 213 160 -29 179 -178 -229 35 102 164 71 -100 -232 3 -209 76 192 114 -203 234 88 -114 178 8 -105 129 -104 -64 162 175 -189 -196 -84 -4 24 -235 -234 82 -240 -57 -187 75 -41 -10 -37 -231 202 21 -43 -128 -147 -17 130 69 -3 247 199 -162 -28 209 174 
TEST 152 ARG:-94 232 183 52 -98 107 1 -210 -204 -118 16 155 45 -149 71 64 190 101 -160 66 126 -199 85 -186 68 115 -112 105 197 77 95 -37 218 9 12 -71 -86 -178 -243 -234 -77 226 94 209 -85 -142 141 -29 194 -56 153 140 33 -155 -117 38 231 22 7 220 -10 165 -82 234 -46 35 -123 -7 -226 -58 221 233 117 -129 -22 81 -88 73 -225 40 227 65 -150 27 -133 122 55 -207 -30 -249 -100 -119 50 -63 202 -170 207 -228 240 -237 62 -191 -206 -95 -197 93 72 114 120 -83 86 216 75 -246 74 -32 -188 200 -39 -6 147 3 -190 -70 79 -161 175 91 -17 123 108 146 82 10 -51 132 -201 142 -143 -213 106 -64 90 195 46 230 -173 -203 127 145 210 -200 -238 201 128 -68 104 189 -96 -105 -107 -26 -224 42 162 -84 -65 34 -20 -236 245 185 139 -108 203 186 21 -126 -176 -55 63 177 -116 159 -21 -245 -219 -202 32 -180 133 144 -215 13 -48 -111 244 224 -222 102 -187 4 -198 246 -177 100 -81 -115 89 157 -145 -134 -218 -230 199 239 -167 229 135 -162 170 6 -3 -231 167 -209 -192 -52 88 -138 211 -49 -124 129 -109 -153 36 -184 18 173 -38 54 -72 248 154 -156 -50 -174 -132 -242 184 178 -59 39 -168 -66 -14 25 96 150 -179 113 -91 -8 124 -121 53 196 -110 -87 -18 -216 -34 198 -40 242 23 -169 -241 -54 -189 87 -15 176 -128 78 191 118 11 61 -130 28 -101 214 163 125 -53 243 -171 37 57 161 -62 -2 31 -13 -152 41 60 168 -181 -244 98 181 180 143 15 29 -99 179 -44 217 56 -240 49 -139 109 121 -35 76 51 -73 -75 -221 -183 241 -61 59 205 -232 238 8 187 164 -113 69 -144 -175 112 -217 14 -195 156 169 -248 -5 237 134 97 111 -120 -239 -31 193 67 223 5 -151 -16 47 188 -140 -163 -57 235 136 -43 -196 58 -93 130 182 2 152 -92 -42 -1 92 -90 208 -78 80 212 -67 -148 -9 -60 -28 148 -214 213 -114 222 103 -104 158 -166 -89 70 -125 -235 -193 137 192 166 -157 160 -19 -69 -4 -131 -172 -165 131 83 -164 116 110 -36 171 -79 17 236 -25 249 43 247 -33 -135 -247 20 -136 206 -205 -208 -194 -182 151 -227 24 149 30 -159 -147 -158 172 119 -45 19 -47 -76 -106 -24 -250 -12 48 84 -229 -137 -80 -122 228 -220 225 -74 -23 138 -185 0 -11 26 -41 -103 -211 -233 204 -102 -212 44 174 -141 -154 -223 -97 -127 -27 -146 99 215 219 
TEST 153 ARG:20 -43 -79 -50 229 -130 -45 -17 185 -74 94 81 -209 170 122 -167 -148 -238 104 -124 -153 -161 219 -103 -179 -219 244 227 -197 -180 214 153 -210 -36 -78 -15 -72 201 -151 134 241 -166 230 -141 129 -196 -192 35 65 67 92 84 -127 -220 -183 148 24 -136 -195 136 -137 -38 109 203 -53 131 126 -218 -145 149 -106 139 -39 -87 -29 231 -178 128 166 160 -232 -117 55 22 -3 -4 40 37 61 110 116 161 -177 -89 -47 48 237 212 -184 -67 120 72 234 9 -236 -105 47 -146 -227 -193 100 85 168 -97 137 -27 -10 147 -188 28 21 209 -33 141 -82 247 221 113 13 127 111 -25 179 146 207 186 82 -44 93 -198 123 -170 -241 125 -138 -158 178 -222 -240 144 -46 -34 31 18 182 -68 226 -19 -190 216 86 12 23 130 211 -134 205 133 60 74 192 -235 -245 236 -56 -248 -102 -85 11 -42 -95 -202 177 -9 -51 33 83 159 -86 -91 -174 -55 -249 52 -131 -64 167 233 172 174 119 -90 169 58 206 -173 -60 -71 -37 76 -83 -243 -182 -48 -80 235 188 -140 151 30 -142 -2 -128 -211 -14 63 155 89 80 -247 -94 157 -35 238 248 -101 -116 121 208 222 -26 -119 25 -230 -110 -1 -237 -204 197 73 108 -70 187 -69 112 -217 64 49 -41 -6 54 16 -155 -231 -112 224 57 -40 184 196 -11 66 198 -118 -160 239 7 156 -104 -187 -120 -200 102 -176 78 -226 -54 32 195 -111 124 96 -229 -165 -213 215 -93 -169 62 181 175 -98 19 -81 217 152 228 204 103 -191 158 -92 -221 -57 165 202 2 154 -207 223 45 90 77 43 240 17 -152 218 -122 70 -63 118 -186 132 -12 95 220 -149 171 -129 -223 150 8 183 210 -100 15 -5 -7 42 -24 -250 242 6 -133 -49 26 -205 246 173 -157 -242 -61 -150 -123 143 -215 -84 -132 -32 51 -233 -16 27 -147 193 -20 -18 79 -175 107 5 191 -52 -172 -88 -206 -181 200 -126 189 -234 -162 -189 -212 38 162 53 -185 -59 199 -225 -65 -21 -30 -214 249 -107 -208 -224 245 -108 50 101 -115 88 232 99 -143 -99 -194 194 -73 190 -96 -171 36 -199 135 -125 -164 -13 114 98 10 -66 34 -62 164 -114 -58 142 -154 -156 -246 59 -121 -113 -109 -22 -244 91 56 -31 97 39 -239 180 -135 -76 -228 3 -163 -28 29 1 105 -77 -168 -139 -159 213 163 106 14 46 71 176 0 -23 145 -201 44 69 138 4 -8 243 68 -75 -203 225 117 41 -144 87 -216 115 75 140 
TEST 154 ARG:-201 153 94 117 -53 65 34 184 75 -140 145 79 -241 71 246 -130 -205 133 197 196 175 -137 158 -120 -142 30 50 -119 -159 -162 229 0 -67 -57 29 -6 138 -40 16 -220 231 178 168 172 173 248 179 93 182 -125 11 -84 -94 201 110 98 240 -14 136 -153 206 -65 -134 -55 -170 -8 242 -81 -181 -76 -156 -212 66 120 -163 132 -61 -195 -121 -4 -199 174 17 -216 119 164 -237 70 -64 -180 -147 -231 187 127 214 15 186 -189 -245 31 39 -20 202 -10 74 170 -13 142 -109 233 -60 -161 215 97 109 -209 -243 149 238 -22 -193 -151 111 -59 -213 139 -214 -122 61 -210 -11 -31 -196 -70 -229 56 36 124 -50 -149 -143 122 -215 100 204 125 -46 116 -16 -37 -190 -88 234 126 -96 -47 26 171 -208 -35 -249 -246 224 55 41 63 -166 -133 -238 -226 -68 80 89 -157 -100 92 -34 5 -52 131 177 -176 81 87 67 -240 221 96 -179 205 7 185 143 -227 218 -62 51 28 -158 193 -82 99 59 -115 113 -44 118 141 -248 -146 101 -194 -42 156 -228 -85 107 -19 -27 -127 144 60 -218 -207 191 90 239 -167 88 -93 14 -211 -99 148 -221 -45 241 188 244 -98 95 -105 226 151 212 166 -97 247 -113 167 219 83 8 -232 -250 -141 189 104 -7 24 -39 -225 -144 -152 -138 9 237 183 84 -135 -38 -139 -169 106 -73 -155 192 150 -126 -165 -33 -123 35 -30 -5 114 82 162 -41 68 -239 -200 130 52 123 -112 -111 -3 -102 225 73 -148 232 -71 -103 -187 -224 -188 -217 -178 -242 -185 -56 -18 222 -28 243 76 -58 112 20 18 78 -136 -106 -90 -222 129 -150 -48 -164 236 -91 102 115 -29 -204 -128 -182 -17 62 69 154 200 1 72 146 -75 -117 -230 -2 -104 161 195 208 209 165 159 169 176 -171 199 -116 211 210 38 -108 -219 194 135 -131 147 -15 -107 -63 220 -9 25 3 6 -160 -114 -175 -87 157 230 -198 203 -1 207 -95 -77 -23 103 45 -51 -203 10 223 33 37 44 -247 -168 4 249 -110 -174 121 64 -49 -191 108 -186 46 54 -236 198 181 -83 -234 -173 235 -72 245 -25 49 58 -26 180 -223 57 27 -206 -86 -43 32 43 -154 12 -197 -132 85 -118 137 128 -32 -192 -69 -177 216 134 217 40 47 -24 -183 -80 160 190 -145 19 -66 -124 53 227 -235 105 42 21 -78 228 -21 77 86 91 13 152 155 -202 -184 -244 22 -79 -54 -74 -233 213 -101 -92 23 48 163 -36 -89 140 -129 -172 2 -12 
TEST 155 ARG:-217 32 123 50 89 157 -180 -196 -152 10 -199 247 -82 244 -56 134 226 -27 -47 138 26 -132 -21 218 -80 -137 129 -2 -165 147 -150 39 202 57 -50 49 -58 -67 205 -1 104 -219 -161 -181 -102 180 -247 -122 -200 -208 243 171 203 235 118 -108 -229 113 -94 -134 222 1 -38 -166 201 110 16 15 -135 -4 -107 -45 174 -115 108 -8 162 -100 140 -32 228 -72 78 71 225 61 -177 166 -194 -151 177 -155 212 77 -168 34 -241 245 -43 184 105 94 213 131 -162 199 -190 208 -206 43 -207 -148 156 -13 126 -197 -95 238 188 17 -19 81 -109 7 -68 107 -31 -186 -187 132 -149 -41 106 -128 97 -226 18 69 -230 100 -203 6 -9 86 189 -198 230 40 -57 -48 195 155 -167 232 170 -153 5 80 65 -92 -119 121 -124 -125 220 -246 -232 -163 142 -14 47 -69 181 14 219 90 -76 119 -110 137 42 182 -66 165 200 95 -145 -218 248 114 207 -83 -93 -243 -176 85 198 66 -55 -84 64 -214 192 24 -201 -104 -178 -64 -15 -63 221 -215 224 -44 -126 197 210 76 88 11 239 -87 19 -209 55 -18 103 136 72 -7 -96 -238 29 -3 144 -97 -111 -184 -103 -245 206 -30 54 164 -249 35 4 240 84 -146 30 74 -61 -60 -91 176 246 0 -99 41 186 143 -240 60 101 -79 45 83 -112 133 -193 -106 227 -113 -11 56 63 98 -221 33 82 231 111 -173 102 -89 44 191 -144 -123 150 -118 135 -212 242 -40 175 -227 -222 -223 -26 -12 -65 -51 20 193 -78 -130 158 -20 9 -225 -211 163 168 -101 68 -53 146 209 -237 36 -179 99 51 116 -154 91 -239 153 -90 -235 92 -234 -34 159 -175 -73 211 -71 3 -59 73 -204 194 109 139 -183 -192 -191 196 93 38 25 -29 -10 -6 -195 -16 -233 124 -228 -37 2 216 -120 -46 -171 -142 223 -36 -105 58 187 -131 12 -139 -28 8 190 -213 -77 237 -156 13 117 79 28 112 -189 21 115 -159 -23 -62 -70 120 -25 -116 -169 149 -52 241 233 -160 160 249 -216 75 -81 127 128 -147 -129 -86 178 167 -140 62 -141 145 -158 67 -231 52 -138 -24 37 -98 96 59 -205 -54 -172 154 125 -224 -220 -22 214 -188 130 151 23 -248 -5 -35 236 152 -127 70 48 234 185 22 -143 229 179 -85 -74 122 -42 183 -157 -236 -202 148 -250 87 -133 -136 -185 -49 -88 27 215 -242 161 -17 217 169 -170 -174 -121 31 -75 -164 53 204 173 141 -244 46 172 -39 -210 -114 -182 -117 -33 
TEST 156 ARG:-4 130 -213 -152 -242 -150 174 113 171 29 176 -65 17 -147 -175 -99 134 198 -131 60 2 78 -211 97 54 -123 213 -243 -82 -178 188 -134 -209 121 203 93 -29 64 -149 -92 -173 -15 -104 -35 -206 65 40 169 81 -60 -33 180 -23 -93 -235 -37 111 -188 181 234 -8 91 44 -248 -102 221 -48 -181 -176 -42 244 -189 45 99 231 125 -100 -105 -155 -210 -237 -168 -212 36 26 201 -234 186 163 225 -132 -250 -247 88 32 75 -136 135 38 -201 -19 -167 -57 -245 143 -232 -108 -198 140 -49 -3 4 -30 86 -204 -184 -203 -227 -119 19 80 57 230 -6 -177 63 -14 -83 -144 -16 39 -68 -249 145 160 -236 132 -224 148 217 61 -228 25 -95 165 105 96 71 0 156 190 -133 172 139 35 -7 119 14 76 70 -186 33 177 -218 195 249 -120 -141 87 -172 -69 -85 59 -25 -51 1 -78 56 149 -148 237 -163 -196 -45 58 67 22 -182 -231 129 -169 146 179 47 -139 -165 -115 -80 51 -101 68 -18 -157 -233 -117 120 53 239 -98 159 -63 223 131 199 -17 -110 211 82 -230 133 -220 162 191 -28 112 -135 23 -241 155 164 11 -195 104 84 24 -2 167 110 85 49 238 42 157 72 158 103 -223 243 -130 69 107 -124 -91 43 48 -116 -55 -221 -171 -114 -153 -138 31 166 -88 -5 -76 -62 21 226 -52 -217 9 -73 7 245 147 124 -9 220 -214 202 -180 -127 46 -47 62 192 -193 -246 141 170 50 94 -59 -53 -179 -44 -32 -194 -183 -103 123 -67 -61 178 -208 -26 138 189 109 144 116 -174 -187 212 -229 -128 102 -86 197 -225 -215 117 -38 108 -41 -126 -154 -164 -140 -72 -11 28 -107 215 27 182 236 -158 30 -12 222 41 16 -219 73 -145 -118 185 126 196 -129 183 175 89 -199 6 -13 -31 101 246 -185 74 -222 154 233 -146 106 205 -58 18 3 83 122 -205 -66 232 -24 -239 -122 -96 -137 -226 194 8 -159 228 20 206 -54 -40 12 90 100 -1 79 -94 -160 37 77 -238 -81 -22 -170 92 -79 -166 248 66 -50 95 235 -77 -46 34 -10 -97 55 -190 -21 208 10 -89 168 240 151 -27 -36 -244 204 -70 115 -64 127 -191 -74 -34 242 209 153 -240 114 -75 193 142 -216 118 241 -151 -121 247 -197 216 -207 -143 136 -162 -192 219 187 161 98 -142 -87 13 150 229 -106 -71 -111 -125 -200 200 5 -109 -90 137 224 -43 15 173 52 -20 152 -56 214 -202 -39 184 128 -113 218 227 -84 -161 -112 -156 210 207 
TEST 157 ARG:8 179 194 -218 -148 -190 -14 137 181 -18 -237 -128 66 113 48 -111 -13 -154 -40 -82 -58 -59 12 -145 -32 -101 68 -80 -1 -49 -16 138 -183 125 -242 146 83 -168 237 9 176 -208 86 228 -76 107 -163 84 -117 127 -212 -105 173 -21 104 202 -158 195 144 -5 -11 100 99 116 -89 -39 -239 44 -233 -121 -215 229 -86 -50 154 -53 18 -181 -124 49 13 160 -77 -15 -193 -214 142 74 165 182 -198 -174 -81 82 -229 -52 -30 106 139 -2 -99 112 -238 -67 50 -175 -55 -96 163 -34 -61 201 51 224 53 236 221 -147 -222 98 210 67 196 -134 45 57 -176 -137 126 -107 26 -125 -164 -232 -246 -166 97 -25 -94 -70 232 -192 -185 117 -6 47 183 28 190 238 109 -152 234 164 -9 -36 75 -109 -241 15 -155 -33 27 41 -133 72 -65 90 39 -220 36 168 226 186 122 241 -179 227 156 -205 -120 121 -146 -159 213 105 -249 89 -113 30 -230 78 60 -138 -231 149 247 -122 246 -139 -187 -85 -141 192 204 -44 22 -62 38 -250 175 124 -172 120 -132 118 185 -173 -211 -112 -75 -127 -228 225 11 -216 56 -203 33 -100 -170 59 -194 93 -87 -195 55 -188 -26 -54 -226 -28 -47 -115 231 198 43 222 32 233 -244 -247 87 147 162 242 -161 -207 -73 -160 -63 -204 130 223 -10 -248 58 -51 184 95 -103 203 -189 -201 62 -200 128 94 159 155 131 220 1 -12 209 3 244 52 129 25 169 -38 -29 7 -56 191 -98 4 161 114 197 206 -196 -234 -60 -7 -167 -66 -4 17 -240 -90 -186 -213 133 215 -102 -178 119 -182 77 -221 240 -97 80 134 71 76 115 -104 171 245 61 -42 -83 -57 -236 -41 -71 64 -225 -157 211 -114 143 -140 88 -209 -19 -153 207 69 21 145 -27 -119 -151 -217 151 -92 -78 -245 29 91 102 167 136 96 -197 166 150 14 79 -156 -210 -143 174 -84 -106 -162 188 24 10 -135 -22 103 34 73 -191 -184 193 219 101 -219 -72 20 212 -177 -24 6 -74 -243 200 -69 -165 5 65 148 -169 -206 -46 -144 2 -23 -43 230 -48 -224 -131 -223 -35 217 170 187 -126 172 37 -136 123 132 -227 -149 -129 -110 -91 178 -95 -202 54 108 152 218 -68 177 -199 -88 235 208 -116 35 -118 -108 85 92 -235 42 -64 81 140 23 205 -31 249 16 153 -93 -142 199 63 -150 -79 -45 158 -8 40 214 189 46 31 -20 -123 -37 216 19 -171 0 -3 -17 141 70 157 248 243 111 -180 135 -130 110 239 180 
TEST 158 ARG:-151 -72 167 147 -147 150 238 -12 211 -25 -127 93 -26 120 -238 144 -226 -103 -75 -189 -140 -13 -219 -104 24 41 -107 -114 -53 -235 -242 -119 -203 109 56 77 169 95 -244 94 -73 -133 -120 228 171 170 89 -88 -121 -130 223 -183 -60 -187 -63 -17 -66 189 164 31 -186 -155 90 2 -159 115 188 -27 -167 -9 -150 -198 40 168 9 -122 165 221 113 -237 -232 -80 202 33 -171 240 -2 -86 -170 -217 -234 -34 146 126 69 -106 21 7 42 -71 43 196 -22 141 -89 -188 -165 -32 140 11 -11 -30 65 -23 -145 104 -126 -180 172 67 208 34 -48 -20 47 128 81 -44 -105 -74 -28 -153 86 -211 -124 198 1 206 -224 96 229 -239 199 -97 -77 192 -143 -135 -250 130 175 121 177 102 13 -184 30 -146 62 -108 -141 101 45 -56 -19 37 -69 -67 16 15 -84 -157 18 -36 -246 0 111 -233 -55 71 -6 -35 -1 112 -209 -212 -45 92 46 163 -229 -112 -87 -59 181 -190 -160 -200 231 -68 -7 20 -199 133 225 233 80 85 117 -248 -64 -8 4 190 76 -172 -47 -166 -207 178 10 -177 -91 -76 161 106 -39 -46 22 75 245 200 66 -164 244 160 135 232 -240 -70 201 145 39 -142 -61 -21 23 -202 51 114 -137 59 -169 -192 -138 -210 87 72 204 -139 110 -78 -125 -102 154 28 38 83 99 123 36 -115 -29 162 -41 207 215 -81 -82 -134 -216 -52 217 124 -196 -223 142 239 213 -110 157 138 173 151 6 214 118 84 222 174 -101 103 -176 61 -14 -33 -136 60 249 -98 -156 218 -227 29 236 -174 -96 -148 97 -215 -90 179 -181 58 132 68 14 74 -131 209 125 27 184 187 -213 25 237 91 183 -109 88 -205 73 12 -161 -208 193 131 241 -247 -214 -3 -95 70 180 26 -185 -123 134 230 -79 -194 -228 19 197 49 210 3 176 -24 -51 -220 182 227 -241 -225 158 -37 79 216 -182 -218 -5 -191 -128 139 -99 235 -42 224 -83 100 203 32 219 149 -113 -149 -50 -243 -43 44 107 -54 -94 -204 -175 -58 78 -15 137 -201 -117 -178 186 -116 98 5 -231 127 35 153 -85 -57 159 247 226 -245 -173 82 155 -62 -92 -222 -49 220 156 -179 -18 -93 -193 8 64 -249 -154 53 -163 -132 152 -195 -38 243 -10 -236 50 212 17 191 -158 119 -144 -197 148 194 242 57 -40 -16 -100 -168 -230 -162 -65 185 143 -221 55 116 108 52 205 -118 54 234 246 166 48 -111 -206 105 248 -31 122 63 -4 136 -152 129 -129 195 
TEST 159 ARG:-232 124 224 159 136 -109 -19 210 36 -162 168 106 -191 12 14 -76 -238 -77 -129 -63 -247 127 78 -130 -119 118 166 -215 142 -66 -185 244 98 86 -132 -237 -209 -196 -234 120 48 -203 74 143 -82 -184 102 -151 198 -200 -70 207 123 -50 182 -222 21 31 -121 100 -213 67 156 38 213 -32 11 176 6 111 -158 -227 147 4 -122 59 -190 -16 178 -134 -165 209 46 110 219 84 149 -133 -139 128 -61 -29 -8 144 122 -111 -79 -64 -105 -180 121 227 -47 -22 -195 -108 -141 -127 -187 225 228 170 153 190 -106 72 23 -78 -179 -223 82 -186 132 -88 -138 -65 39 175 -57 -125 -135 236 -131 -240 158 -214 183 -89 -204 -54 -37 58 125 62 -241 -148 174 112 40 -118 54 -71 205 -112 -102 -72 238 29 34 -87 -161 191 -13 79 -245 61 56 -81 189 133 164 -160 -173 -40 -30 -218 200 235 135 140 -150 -110 241 152 -175 35 45 -91 141 -236 185 -60 107 -21 -34 -26 -28 101 47 77 179 -107 -55 -95 -182 126 -51 49 131 243 -45 221 -199 52 -96 68 204 73 24 -6 214 -59 -137 -248 -116 105 130 97 -93 117 148 114 193 167 240 -124 230 -73 37 196 60 50 25 75 -181 -246 87 -52 192 -126 -201 160 -56 -3 -244 -18 113 -97 226 -193 19 234 104 -224 69 186 91 -17 -94 231 -41 71 -114 -12 -46 -155 41 28 -2 -36 -92 -128 -42 81 -168 -233 -123 5 -219 -23 -142 -83 -100 -217 -68 55 -189 -62 -44 -48 8 -177 -9 66 27 217 139 65 -164 -242 70 116 92 247 -208 -113 202 -154 108 85 90 138 199 216 -226 -194 -197 -156 -39 246 181 89 -205 -90 -5 -101 134 -120 109 206 154 -250 157 63 -157 -75 -216 99 -147 30 -115 165 -53 184 245 -149 18 173 -31 119 -235 -58 1 96 -159 177 -85 -166 -243 16 229 10 -43 201 -174 -117 -183 -140 94 222 161 -69 163 -230 17 -146 -80 9 237 203 146 -167 208 -210 -221 7 -188 -220 -98 -84 -86 -136 -24 -27 242 -1 -11 195 -228 103 -171 -211 -145 80 223 218 -231 76 187 0 -172 -192 -152 -212 -206 42 20 233 43 3 32 151 -14 115 -176 171 220 26 249 -33 -7 -38 -198 -104 51 -49 44 169 -169 180 13 -225 33 -229 -143 150 -10 232 93 197 -35 -15 188 -4 -153 53 162 -163 -207 172 2 194 -74 64 137 -178 -239 -249 95 -20 83 -67 -170 211 129 248 215 145 -25 15 -103 155 -202 88 -99 -144 22 239 212 57 
TEST 160 ARG:27 152 -234 180 99 12 128 73 -141 60 72 -39 21 -112 173 -7 177 1 -144 96 195 -88 -61 -211 -149 -197 117 -190 -79 157 58 -233 184 -156 -37 -57 -38 -2 97 241 115 -242 -230 -69 52 149 -125 151 -12 78 108 121 -240 16 236 -201 -236 -203 158 106 -183 -16 132 107 -49 221 -132 165 -161 204 -115 47 -140 83 119 13 -182 -91 219 223 135 -6 239 -109 39 205 -153 51 50 -171 80 -218 -248 232 -224 -243 160 230 75 -108 -155 -110 -40 188 -107 -97 -249 -204 -134 191 118 -28 77 194 116 -212 234 32 -186 -127 -128 -83 -172 -189 245 -215 -30 227 -122 237 -173 192 -73 187 -199 3 82 -178 -114 198 137 84 -191 217 -58 -33 -216 -76 89 -89 148 122 87 86 134 -246 -131 -21 -25 100 216 131 -84 -219 46 57 213 -52 -41 -210 -175 -66 159 166 -154 -245 -64 -208 -67 -247 -50 -225 -214 193 55 33 -146 -235 178 26 202 -47 4 163 174 88 -20 62 144 5 136 127 133 161 -82 129 31 125 -27 -80 20 -72 -158 -145 -221 -174 10 66 -202 209 244 196 -244 145 228 54 69 233 235 240 28 141 -96 -60 -55 -152 170 -18 -217 15 -170 164 40 -205 -117 -162 45 -138 229 140 243 -148 19 -222 183 123 -54 -126 -220 -129 14 91 -101 -121 -169 -98 -150 -4 185 -36 -102 103 120 -17 -71 -62 35 92 -166 111 23 162 49 -77 -192 -120 199 70 -100 155 -207 11 175 -124 -95 38 138 -113 -232 150 41 211 29 146 -11 -74 215 -26 143 -135 172 81 76 169 -194 56 74 -228 -70 -63 102 -231 212 -56 -130 24 25 42 -157 -227 220 -143 -160 246 -195 -44 94 -239 -43 190 -3 -22 -177 226 153 189 -14 36 -176 105 124 79 -206 -15 -198 -167 -180 -53 93 -75 -90 231 181 242 -179 43 182 -78 -237 -116 208 -142 114 -1 -185 147 -29 -59 -8 -13 53 197 -93 -181 -106 139 -85 -223 8 130 63 -250 17 -123 -32 -86 -187 214 247 -163 -45 -51 95 -238 -164 167 -34 9 -200 -35 34 206 -9 -23 203 238 110 7 -133 30 -68 71 0 -137 48 65 67 225 -209 -19 171 64 -10 -46 -5 18 -226 -241 126 -111 98 248 -151 2 -188 85 112 -136 -168 176 44 224 156 -196 222 104 -81 -184 109 207 -213 -103 -159 179 186 -42 -104 168 -165 -48 -147 -139 200 68 -105 -24 -99 -65 -119 22 -229 201 218 -87 -31 210 37 -94 6 61 -92 90 154 101 59 142 113 -118 249 -193 
TEST 161 ARG:-208 -101 43 220 -30 166 165 -160 -200 2 231 -144 229 -234 -130 -246 114 -220 60 -177 36 88 -165 200 -68 -77 -135 239 -25 142 171 -152 -197 248 131 -112 33 -12 -151 -125 -82 215 -92 0 -244 150 -162 -62 -48 -142 -72 230 -140 152 -218 122 -240 34 249 -226 154 210 -193 -56 -198 -94 -74 -235 -6 -159 54 139 -185 50 -89 93 26 86 217 -189 243 -199 18 -190 -33 -175 28 -67 -53 176 8 97 112 -113 214 -31 29 15 -84 -237 103 174 192 -139 116 207 -195 223 121 72 164 209 89 -188 -83 -19 22 82 183 -2 -214 -191 78 -238 -7 -245 -225 -105 -192 -212 204 133 52 -114 132 85 96 193 -28 81 74 -70 35 -5 148 20 27 -155 -4 -182 162 77 146 1 104 -16 159 203 -230 94 -103 -90 -66 169 44 -166 59 222 -134 -204 -219 -156 5 -117 240 -15 -120 153 -11 -39 101 234 57 -183 -36 -107 -163 -133 244 -111 -222 188 156 -44 -13 -231 -63 -71 -52 84 -43 -87 -85 62 -86 216 163 141 87 137 16 -172 -229 -201 -217 149 201 25 242 -241 83 -184 56 -88 196 -173 -186 -132 178 233 -81 117 -8 127 -227 -167 -119 -215 -73 -109 186 67 190 -136 157 38 -46 -158 90 226 -38 -154 -206 -213 -170 140 68 161 247 147 32 -58 99 -232 -116 -102 236 -78 49 232 37 -161 -146 -59 168 246 118 160 206 -176 241 173 205 -10 65 -95 63 -69 -24 31 -98 -223 -122 -51 -210 -54 98 -106 -209 -149 128 -3 69 -57 198 -224 213 -9 -23 -104 -143 -99 199 64 -27 -118 -181 -22 184 80 -97 -127 138 -115 158 -42 9 106 -34 4 21 -250 -129 -79 24 -178 91 -100 182 46 187 71 -18 -50 -138 -194 42 -80 -207 208 -211 -110 195 -242 212 235 175 -61 -1 -49 105 -20 -14 -249 11 -121 30 39 -40 -196 -17 113 7 -150 -174 102 79 -76 107 -148 -64 23 -141 221 218 -247 -96 -126 -37 -153 225 -93 -128 123 -137 73 -179 -205 -147 53 -243 -221 180 211 -26 179 -45 170 48 120 66 181 135 -123 111 155 144 191 -75 136 -202 119 -47 76 -91 -29 -41 95 -187 124 224 -248 219 58 -55 14 47 167 -239 -65 -32 145 194 -216 10 245 -124 185 -203 238 19 228 12 92 197 61 130 108 70 189 -180 -108 -21 129 55 143 -236 -169 177 51 100 -228 -157 151 172 -233 41 3 -131 227 109 125 6 237 202 115 -171 45 -164 17 134 -35 -145 75 126 40 110 -60 13 -168 
TEST 162 ARG:110 -127 248 -169 232 -230 229 111 100 136 -39 -93 -23 -185 236 90 -99 168 74 -77 -58 174 203 -73 -168 235 -19 98 -131 148 206 -116 246 82 49 -134 141 84 162 -63 -175 -231 242 52 34 243 85 -108 147 -156 -104 231 -105 145 3 83 108 -180 -27 -79 -206 -217 -198 -164 -7 107 -203 -245 -130 164 223 -56 127 -248 12 -219 -57 -40 28 -202 249 -208 -31 -107 117 158 241 6 143 31 159 -3 244 179 58 233 -148 165 -45 77 102 -71 -139 -72 -9 -1 -162 -106 -241 81 -52 -143 125 -239 176 -13 -152 -172 27 -238 -113 133 169 153 -121 113 184 53 64 -26 -128 79 -157 185 -153 196 -218 20 131 -133 177 -174 190 80 -102 -144 115 130 -181 192 149 -179 142 -95 -136 199 217 211 208 -87 54 -236 -247 -101 -12 167 -109 60 -17 -47 207 -65 -67 29 -38 21 240 -103 2 181 161 134 -161 -124 -196 214 -178 43 44 121 -243 106 -170 101 212 209 -119 -36 -240 97 66 47 227 25 186 -54 201 -171 56 222 -50 -120 -150 -142 -249 109 156 39 99 -96 154 72 67 78 45 -85 -41 218 122 -223 -53 -75 213 59 -78 103 -140 -194 -55 187 -229 -46 -166 132 -235 89 -4 118 17 -33 198 234 -34 -182 155 -183 -132 175 -200 225 -25 -20 87 128 205 -201 -214 -92 11 180 171 -76 -70 -100 -158 33 7 -149 -82 -97 -114 -11 -44 -111 51 -18 -151 62 -224 5 -123 -205 -220 76 -86 -62 -154 42 139 -215 191 163 14 215 -29 4 0 -5 -226 -88 35 -213 -66 -250 221 129 -61 188 22 -207 -21 68 -35 13 230 36 124 238 88 116 -184 46 178 55 -242 -225 38 24 202 172 -192 73 -129 137 193 -110 -160 1 245 16 95 -115 -68 -163 -147 -186 93 -48 -227 -22 -165 -209 15 -189 183 138 -135 69 -98 166 -89 194 -204 8 26 -222 112 -69 -118 173 152 228 32 216 -191 160 104 -60 -216 -43 -210 63 -94 105 96 123 94 -84 -212 -16 219 135 -228 170 -155 -211 -167 146 -234 -91 -42 -187 -51 224 -122 75 -32 71 -246 -141 -49 18 -15 -6 -193 -8 -237 -28 23 40 204 114 -137 -126 197 -81 -14 -30 -10 -90 220 150 30 41 -159 200 37 86 -117 144 19 -145 -24 189 182 70 9 140 -74 50 48 -199 -232 -176 -83 210 -59 -233 -221 247 157 57 65 -146 -177 195 120 119 239 -64 91 -112 -125 126 92 -190 151 -80 10 -138 61 -173 237 -197 -2 -195 -37 -188 -244 226 
TEST 163 ARG:-29 19 -160 128 -207 -200 178 -102 -174 176 -16 117 -101 174 -90 -77 70 241 163 215 157 -49 232 78 -24 50 -33 -57 -143 86 -235 213 143 -78 -191 -111 -38 -193 87 36 -230 -9 -170 124 -122 -173 -217 51 43 -63 228 -73 -126 -165 168 40 239 -58 224 5 29 -197 218 243 -80 -149 -239 57 83 -238 -14 -164 -11 -127 -138 61 212 152 177 -212 11 -79 59 -95 158 -192 114 -87 9 42 -190 35 82 -167 -183 77 145 220 8 206 -109 -189 -94 230 238 -151 -41 229 203 217 -181 167 -132 236 185 4 -105 -231 22 -92 32 141 -242 136 -229 66 -175 17 108 -89 -84 140 49 -223 -232 -201 97 137 184 -213 -37 205 -17 3 -31 180 248 -83 73 149 -186 179 202 -115 -91 -194 -93 235 55 1 -169 101 56 100 -121 -110 -98 -106 -179 30 31 -99 200 -233 214 110 -199 231 123 -204 222 -225 13 109 -46 45 -134 170 -182 -240 204 -141 -39 -216 120 -176 -196 -119 26 164 -142 -214 113 -140 -1 226 44 -59 240 111 246 -177 -224 -7 10 -45 -72 -202 -40 -76 -61 76 -62 74 -125 -82 198 190 139 -227 171 144 -130 129 60 -234 -221 -147 -34 -108 187 -206 -144 46 -71 -208 92 -53 62 63 -243 130 -42 160 -48 121 201 134 96 -152 -112 -25 116 173 234 219 68 -19 -28 -35 151 -54 64 233 -4 28 -245 79 75 118 -56 37 -150 -85 -13 -244 -145 -178 -96 126 142 216 -155 166 147 -218 122 -188 106 20 195 -18 -51 98 -3 -124 181 -228 -162 -118 81 88 -70 -5 -43 -30 -184 159 18 115 -10 -65 12 165 54 -246 -97 192 -120 186 25 -157 93 194 -21 207 -75 -148 208 154 172 133 242 150 -22 39 80 127 -205 65 91 -81 24 -67 -26 -166 -203 -220 -163 193 -74 6 -32 -8 103 53 2 146 16 95 27 99 211 69 155 -128 -60 -180 -69 153 -123 -211 14 -104 33 -237 191 -20 71 -209 -226 189 -210 -116 -236 -107 -248 183 41 -100 197 38 -114 138 7 -137 -168 23 -12 125 15 221 199 -187 -47 210 -154 -86 -2 227 -15 119 58 -172 -36 -66 0 161 52 249 -153 -222 209 -64 -171 72 247 -146 188 112 107 -195 -219 225 84 -250 -161 223 -159 196 245 -241 175 67 104 -249 -6 105 -129 156 34 237 -156 21 85 -50 132 244 -88 -27 48 -136 148 90 -52 -117 94 -247 -158 131 -55 -185 -23 169 135 -68 89 102 47 -131 -215 162 -44 -139 182 -198 -103 -113 -133 -135 
TEST 164 ARG:74 198 154 131 61 10 83 156 -114 85 42 171 236 -55 231 -212 63 121 81 70 104 59 49 82 -95 -10 -211 58 47 -179 57 -191 162 -242 -190 213 -141 -6 -98 -124 31 -19 -140 32 -224 -3 160 -150 195 -166 56 203 -86 -180 -94 137 80 -184 -173 -218 -239 30 228 -41 -33 -56 0 90 120 -223 -66 -48 153 -71 -64 -185 25 37 -53 -20 98 -11 -174 219 124 -35 150 14 133 67 -26 91 -142 -110 -102 106 13 146 -243 111 72 17 -73 180 -208 -153 -128 -189 11 -107 164 -24 29 -228 -248 -74 -221 -148 244 172 233 170 -99 -181 183 -145 -62 33 69 222 -108 73 9 71 -167 -207 110 -42 243 -188 248 214 -249 -222 100 -60 217 227 116 -82 -147 130 -237 -186 -16 -78 -241 -158 -90 169 -100 -61 26 -168 -196 129 -205 246 -192 50 -76 161 -220 -92 46 199 -1 136 134 218 125 6 -129 -44 7 -58 -235 -72 65 223 -119 232 -127 3 189 -123 -138 -32 1 -170 -193 -89 -245 -68 -139 -146 24 -234 55 79 158 -38 -23 88 -164 221 34 -201 -40 155 40 247 -163 107 -22 114 4 15 -159 21 28 -215 -210 132 225 -96 2 52 175 -5 163 -109 20 226 -54 -199 229 78 142 117 188 -43 -52 101 -157 123 -149 -2 18 -198 -151 197 168 38 -214 122 -84 202 -206 -103 206 -187 141 -219 165 36 97 -156 -106 191 89 76 -236 -75 144 -203 -250 92 -18 -155 -29 -39 118 -28 143 235 -135 239 -195 108 -7 -87 12 -31 -21 -160 192 -14 -143 -88 215 -125 -182 177 -51 -67 105 194 -4 211 173 176 -197 60 112 -116 193 99 179 -46 -144 115 23 43 27 -246 200 147 -200 -177 238 53 242 127 -80 184 -172 166 139 -194 -111 204 -233 119 -85 -162 -120 187 19 44 -37 135 -137 -161 167 -217 -231 -226 230 -101 -171 -244 181 -17 -213 41 96 87 -97 48 68 -165 196 -209 237 -81 245 -79 64 -105 5 95 109 220 35 77 45 151 -49 145 -83 -238 93 -113 -247 249 126 -175 174 -204 86 -47 -93 -15 -169 84 -115 -176 209 -77 -183 -122 51 212 241 -229 -227 22 128 -36 -59 190 159 -65 -27 207 -152 -178 -9 -202 -240 185 16 -112 66 208 178 -117 182 -91 -12 -25 -136 -57 -13 205 -121 -216 152 224 -34 62 -154 149 -232 -134 -69 -132 140 186 -104 138 102 157 234 -70 210 201 240 94 39 -45 -30 -126 75 8 103 -230 148 -63 54 -118 113 -8 -130 -225 -50 -131 216 -133 
TEST 165 ARG:-59 206 235 -227 37 -12 -70 -143 137 -244 -48 160 58 136 -94 57 165 71 227 -82 21 -134 54 -18 -183 189 -147 -62 -10 -54 -64 -205 13 242 -76 243 -218 10 -34 -151 -145 -92 236 -171 -138 238 -21 244 162 187 102 -225 -229 -20 28 96 153 119 -216 33 -115 129 82 59 -122 -189 121 197 190 -106 -181 24 85 -207 -27 194 84 -84 -120 -74 -17 198 120 139 -248 5 91 -29 207 -186 -209 -172 168 -155 -42 42 -159 -113 -230 -25 36 88 109 -232 184 -117 -156 -96 64 -119 -28 -11 69 -141 127 111 -211 178 -107 -176 -126 -35 228 95 -90 -80 -190 -40 231 -88 130 72 224 -2 -86 83 -118 -213 52 141 -53 -46 169 -100 -169 249 -157 172 -150 16 8 -124 237 -19 -121 97 175 -101 -163 -142 41 -61 -79 55 218 -24 45 67 -7 101 -131 -72 60 34 135 -51 103 166 -9 -81 -127 -193 61 241 -195 23 -200 -30 191 78 161 -154 80 145 167 -202 -78 118 -129 -226 -66 -26 -85 47 179 -192 -125 50 152 -196 148 -165 17 44 -33 113 226 -234 212 -39 128 -132 234 77 -208 11 188 232 142 -3 68 216 -32 176 48 221 -95 186 230 -178 -239 192 -77 4 239 -199 217 35 93 -8 132 209 110 -45 -241 15 -219 -104 -182 225 -58 -201 183 208 -75 46 -223 1 -4 -220 -191 79 182 -243 -73 87 173 105 177 -116 -140 -87 -146 62 181 -83 90 70 222 -161 147 107 38 108 99 246 -69 0 122 -68 -215 -203 -114 219 -56 245 -217 -194 150 -112 100 75 89 220 30 223 134 86 -236 3 -250 -174 -149 -240 185 -214 -206 -152 -238 -22 -31 27 -148 6 229 -93 -197 116 159 248 151 163 -167 -65 -153 -60 -14 39 -164 -103 18 -224 204 131 -249 126 138 -41 -144 19 155 205 -123 112 -166 200 -50 240 14 104 -179 49 164 -57 171 12 201 -5 81 140 -135 215 144 -98 63 73 -170 -55 -71 -198 -237 123 -36 9 -67 -210 -212 193 -233 2 211 125 124 180 -173 -1 -99 -102 -49 158 -130 114 -111 7 -242 25 -158 92 -97 40 174 98 -137 -235 32 -15 149 213 -23 -38 31 20 -16 106 -245 -105 -185 -37 -247 -109 133 -221 154 -63 -177 210 203 -52 29 117 -188 -180 51 -89 233 -128 156 247 -91 76 -108 -133 -110 -6 -162 -175 199 195 -47 196 -13 -44 115 -184 214 143 26 65 -246 94 146 -187 -136 53 157 43 -228 74 -168 -204 -222 -43 56 -160 -231 -139 66 202 22 170 
TEST 166 ARG:-103 151 -192 -158 114 -168 63 -30 213 -133 107 37 123 -198 33 1 -135 -48 116 230 -94 223 -167 -5 224 177 241 138 231 -160 94 5 -203 176 -215 150 -159 227 -22 189 81 130 -40 11 235 -149 -100 157 133 23 82 34 -186 -106 203 -26 -97 19 -119 246 187 -181 -47 77 -197 18 -124 -143 105 -19 -126 -95 113 194 238 -141 -66 -70 76 -229 106 183 212 72 221 109 -85 -210 190 -187 236 -49 173 -185 174 -129 -211 52 205 -12 103 -3 -118 99 69 207 -195 -122 -174 211 25 -57 68 13 239 -169 -78 -230 41 -15 -76 -31 -142 -175 144 -204 96 -228 75 124 -33 -239 -71 108 -202 -171 -205 50 30 97 -102 216 -128 217 -201 204 -84 26 -120 42 110 181 249 122 -177 -7 27 40 -238 140 112 -134 54 -127 184 -199 115 -81 -46 -105 -156 -225 -179 -152 117 -234 -166 168 -43 -98 -67 55 210 -144 201 -61 159 8 179 -121 -93 -248 -244 -56 -115 -136 -17 -240 -110 242 -73 -96 -4 15 -194 80 -32 141 -109 31 -86 232 -193 -117 240 -146 90 93 125 91 156 -153 -233 62 17 121 -231 -27 175 -222 161 -178 143 199 -212 185 -123 209 -11 0 142 -52 -172 3 -113 60 -80 -140 -176 -74 71 89 -191 226 196 104 -16 131 -183 -75 -213 155 -220 186 -132 35 200 158 21 -221 46 -99 -235 101 -148 195 -245 -188 132 -44 70 67 154 -72 -38 95 -243 -53 139 -189 -155 20 14 -101 165 100 171 88 -79 208 192 -147 98 -36 -250 153 49 -35 61 -50 85 219 -8 -42 -216 36 -55 198 -161 -23 -14 -29 -217 -21 48 234 215 243 244 170 51 7 -137 -182 237 163 -232 -6 -130 -236 128 -162 -150 -41 -68 180 2 -131 -241 64 -163 12 -58 166 -2 78 -170 -139 74 167 -104 9 -83 -151 193 28 247 39 147 214 92 -24 -207 134 43 -107 59 -111 -218 -25 191 -1 44 248 32 -92 -223 164 -64 -54 182 229 -125 -60 146 -247 -91 58 -116 -249 -227 65 29 -39 87 -237 56 145 120 -65 6 225 206 137 -200 162 -90 -242 -138 84 -87 -34 83 -173 136 -37 -165 -51 202 -9 79 -164 10 -196 86 245 -219 -62 119 16 129 -28 197 45 -180 -88 -69 118 38 148 -184 -89 -20 222 126 -108 -18 218 -77 111 -206 160 57 -10 -82 4 -13 -224 -226 22 -63 -114 -209 -45 -214 -154 66 73 188 -59 169 -112 152 172 127 -246 -190 149 53 -145 178 -157 135 -208 220 24 233 102 228 47 
TEST 167 ARG:-189 -57 120 145 -70 -93 -108 8 89 -144 -159 2 102 95 -245 -45 124 -225 18 246 93 -139 -31 77 -126 178 -77 -101 162 -235 83 -66 -213 200 194 140 232 -26 3 160 247 -239 215 -170 61 -125 109 70 150 -51 -67 52 -82 114 184 182 -35 -90 -4 198 -98 155 -242 0 249 -243 -42 -238 -44 -163 125 59 -11 24 -114 149 -176 103 94 173 -192 85 -162 229 -196 132 65 225 41 -75 186 144 133 38 -249 -111 223 235 -227 -226 -236 117 82 121 -29 -230 -32 97 91 248 92 -110 -9 -47 179 -106 146 203 -49 -247 -233 169 -184 231 -56 237 -207 -21 -10 161 116 80 -12 -48 -190 238 191 4 -153 -149 206 -103 -104 -122 -188 -147 -30 84 21 -154 -202 47 -89 199 -214 -120 -5 -203 183 -40 40 214 -17 242 130 172 -36 -195 230 72 -194 175 81 -143 12 141 164 189 -232 208 -113 -116 -157 -59 113 -78 115 -216 50 171 -7 -197 111 -173 -119 -187 78 39 170 -27 104 67 33 29 76 -136 90 -181 63 -22 -175 -63 201 -130 -183 -118 -100 -145 128 -46 36 -13 -33 -132 131 -172 -8 118 -215 -161 -69 159 204 -222 19 -219 -146 57 -199 -86 -150 96 136 -76 188 -3 -156 -65 -81 -155 -124 -91 176 -18 -102 -237 49 -240 66 34 16 -160 37 -193 244 -169 180 -128 181 -221 -158 6 -140 -174 -28 -105 -167 205 -206 44 42 101 245 98 22 -212 -141 -179 142 -68 -58 -182 -241 69 138 239 147 86 152 88 165 -223 51 -133 15 -220 -19 -142 190 185 -131 -71 -112 126 -177 -37 221 127 -1 -244 112 55 -248 193 -87 -178 75 219 -61 -210 156 -2 197 218 -224 46 -135 32 226 196 71 209 -246 -54 25 100 -16 -109 58 -208 43 -79 -23 227 -95 -73 -85 236 26 143 -134 -99 -204 -168 -205 -97 -121 241 -211 105 -115 7 228 222 45 195 167 -250 -20 -228 174 -94 68 48 -62 -74 -138 139 -185 -152 -218 168 122 60 -117 -52 163 134 -186 9 11 192 211 106 210 -15 216 243 234 17 30 -217 220 -123 240 99 14 153 135 202 28 -55 110 62 212 -137 -164 -38 53 -64 35 -129 -200 108 -171 64 -60 -166 137 -14 56 20 119 27 -25 158 233 -198 -107 207 107 -229 -209 -234 129 177 -96 87 -6 -41 154 -201 -191 73 -43 54 187 -34 148 23 -180 -127 5 -231 1 74 -24 224 -148 79 -53 -50 -83 -151 166 -80 123 -84 31 -88 157 151 213 10 217 -72 -39 -92 13 -165 
TEST 168 ARG:217 -219 162 -242 -3 231 -92 43 79 -163 -164 -133 187 -126 -140 80 41 226 -39 -231 -119 182 -201 214 -79 -117 -249 180 72 -19 -86 -26 -82 -66 -100 68 -246 246 -161 -15 222 -175 150 220 -229 225 -173 19 -146 108 143 25 -49 87 -153 158 -223 198 -138 232 173 -198 117 -197 221 206 -228 11 -74 -27 100 136 81 111 123 -235 -178 238 132 93 224 -12 -166 133 -211 -202 -10 -20 -16 -64 240 -124 138 -89 51 -193 13 -71 86 148 203 128 152 65 114 -6 144 156 213 61 154 12 -144 -227 -205 -13 -60 27 207 17 -24 151 130 -160 -169 38 159 -200 165 115 -239 52 -38 -43 219 -68 169 18 -218 -241 -7 -142 242 -187 -31 125 -148 -215 239 -70 216 21 2 230 192 -63 161 95 78 6 -81 -230 -33 -143 104 249 46 -69 -54 -127 124 -93 -76 73 -101 -176 -58 29 -145 82 -29 205 -172 63 -221 -97 105 96 178 97 91 -4 163 153 20 -245 119 -162 157 202 -141 -248 -136 -108 126 47 -243 -99 129 188 -155 -152 -113 -77 36 -22 94 -80 189 -151 -85 101 176 107 -116 8 28 -104 50 237 -199 90 -179 127 -154 44 -216 -183 145 35 -182 -87 193 186 -190 -1 30 -109 -157 -61 -208 241 -48 -103 -25 34 -45 -83 139 -170 -196 112 -188 196 142 131 58 -21 -37 243 -244 69 70 49 22 -46 -73 -225 -23 -40 -168 4 -247 -130 -56 209 109 174 1 14 164 212 -125 -150 -203 -222 184 -94 244 -217 -156 -72 -96 57 5 -106 67 -192 210 149 -213 -55 -158 229 191 -226 -110 103 74 -57 -210 -212 -5 177 -191 -232 195 -250 33 -238 7 -75 98 208 -107 99 106 218 -95 175 26 -32 236 -134 10 66 -8 -123 146 -105 -88 -214 -59 75 -236 -90 -84 71 -237 -129 147 -233 200 155 179 116 -120 -186 -185 -147 -115 -50 60 -35 -220 227 45 181 110 -121 83 -2 -111 15 -65 245 -207 16 -174 -18 85 247 -128 -137 -132 120 48 135 -17 -30 62 -122 24 -41 -52 140 -139 160 -204 -209 92 -224 -14 -177 55 -9 -98 -159 199 113 -135 194 -36 -42 -234 31 -114 -167 234 233 -240 171 -28 170 56 84 -118 185 118 235 -194 59 121 102 248 228 64 0 88 197 -195 183 -91 134 -131 -165 77 54 -206 211 137 167 89 -180 168 223 -149 -112 166 -51 -11 172 -102 141 23 3 9 -171 204 53 -53 37 -78 215 -34 -189 122 76 -181 40 32 -47 -44 -184 190 42 -67 201 -62 39 
TEST 169 ARG:-180 96 -158 -187 -134 98 1 -51 -225 88 -57 243 -216 -36 95 42 -172 62 237 45 64 -43 60 228 99 -221 93 -45 -241 46 -52 82 -26 -56 -228 72 202 54 -197 196 21 81 9 63 -118 -73 51 -203 102 161 67 245 141 129 -22 90 -183 -115 -142 -141 -144 -245 157 -32 78 100 22 -194 11 171 214 -249 -74 162 -227 107 194 6 13 29 -35 40 16 61 -190 115 248 -168 205 -147 -222 17 -96 -129 -91 116 232 52 -80 -40 -58 -244 206 117 2 193 -11 -20 -117 -85 137 79 -139 -48 -4 104 -220 -59 208 218 7 -130 25 0 -84 247 148 224 92 -28 249 173 -175 -120 160 -192 12 110 131 158 152 -199 18 226 229 145 234 76 -108 -41 -226 165 -9 83 -208 -171 -94 -86 -55 121 71 -125 140 -14 233 127 -7 114 -69 26 -54 -223 -16 219 14 -207 -161 239 230 149 39 -44 151 -62 -46 181 -148 111 -189 150 55 -71 -126 223 -219 97 -205 58 -29 59 221 184 -211 195 113 10 -179 138 69 147 -116 154 -37 49 56 203 -33 -68 105 182 139 -121 211 -186 -201 130 -93 3 -154 -97 53 133 33 -176 74 -110 175 -136 65 28 -210 -127 163 -1 30 -152 86 -160 -238 246 -90 75 -247 -99 143 -31 -17 23 -119 -145 191 -233 225 142 122 -47 -138 -49 -191 89 -72 36 -15 216 -107 188 222 178 -234 -3 68 172 -21 164 -39 189 169 -246 132 8 185 -178 -2 -112 -202 66 -200 -166 37 -128 -196 -149 -65 15 -61 207 -132 242 176 -237 -88 -193 183 -78 -212 128 240 201 198 244 50 119 166 174 -23 168 120 -113 -151 27 -102 -131 -6 -77 200 44 -204 -177 -34 -156 -218 213 43 -213 41 -24 -240 -18 109 48 -224 -25 -124 -236 -248 -83 -162 134 -111 -243 85 106 -30 144 4 -53 -89 192 -63 235 -173 -169 156 47 -214 204 -109 209 159 190 241 -12 -50 124 -82 77 38 -100 210 -143 -19 187 -250 -140 -98 135 -60 -123 -114 118 -157 -67 -38 -27 -104 24 -163 -81 35 103 -64 70 -153 -92 91 -8 -10 -198 73 155 -13 227 -159 -215 -182 -164 57 34 108 215 -231 126 -155 -95 -5 -195 -122 112 -101 -181 -137 186 -87 -70 31 5 -103 -239 -229 217 -167 -75 -185 -232 -146 -165 197 -106 -188 -184 238 -206 167 -170 101 153 212 146 -230 94 19 -135 20 220 -79 -235 136 125 177 84 -150 170 -42 180 -217 -66 32 80 179 -105 236 199 87 231 -133 -174 -76 -242 123 -209 
TEST 170 ARG:-1 131 -17 -55 -204 -239 -54 -5 -10 196 -225 -168 111 197 173 181 -93 -62 -95 -194 -205 -133 -207 61 -21 235 -22 14 47 -211 -164 198 -181 201 142 172 -187 -77 211 52 -212 -190 -231 -27 202 -69 -13 219 70 106 -97 -109 -2 -156 -39 137 -247 -151 -103 -144 -108 179 -20 -188 143 -88 214 -241 110 157 4 85 163 -12 150 -98 -130 -147 73 90 220 151 -34 -139 124 18 119 -140 -219 242 -184 100 -44 -185 -99 -36 -122 92 190 -82 -107 -67 218 -23 81 247 117 -243 207 -104 -73 178 -135 -33 30 74 -249 -236 236 115 -6 -222 -56 40 89 -150 -235 180 -238 188 -117 -123 -250 -35 176 -174 -165 45 245 24 -183 31 -215 32 6 -232 140 -19 -208 199 -83 167 -59 19 -242 -25 -106 -134 -87 105 -163 -126 -38 -201 -125 27 223 194 -137 17 -155 -127 129 -52 -221 -105 187 138 208 36 72 130 -26 3 56 -37 159 87 -199 -154 206 46 -53 128 139 103 -170 39 212 58 75 241 60 -158 -79 -198 8 -11 -89 -8 80 -240 23 195 -65 -60 -29 -115 -226 -30 68 -203 41 -202 -61 -3 -177 155 -70 22 191 192 -28 154 169 57 15 -141 -142 -96 -51 -166 34 79 66 37 234 102 -228 -186 -191 -47 71 11 -45 -245 -206 -85 -149 123 -246 83 -15 64 -66 204 114 -48 -94 -162 164 -209 182 184 136 -143 -46 -24 43 232 -90 76 44 121 16 28 -71 67 118 -217 244 189 65 91 213 -171 13 -175 227 228 21 193 53 158 -213 120 113 -31 -192 -216 -84 205 170 -161 -121 200 -180 51 -114 -72 -16 -182 99 7 -224 -152 171 -179 -14 109 246 238 215 -74 -100 248 153 -75 -128 -189 230 38 225 -42 -113 224 -167 -210 134 98 -91 -50 -116 -136 93 147 63 42 77 -200 -146 126 35 177 54 -112 216 166 -220 240 221 108 -173 20 -153 -176 -111 -63 141 95 33 203 156 231 233 50 -237 -4 162 -160 237 -157 165 49 149 168 185 209 161 116 -9 -148 69 122 -223 -229 59 12 88 82 10 -7 132 97 -110 210 -119 -102 -248 48 -64 133 104 183 -80 96 -41 -234 -49 148 145 -76 86 243 175 -120 78 2 249 222 62 -196 -81 -92 -145 239 -132 26 -118 -172 127 160 -197 -169 -43 146 -86 -138 25 -131 1 -195 9 94 -129 -227 226 -193 -40 -218 -124 186 -68 229 101 84 -230 112 -214 29 -57 174 55 125 -78 152 -101 107 135 -244 -58 -178 5 217 -233 -32 -159 0 144 -18 
TEST 171 ARG:179 -152 12 -28 -200 237 175 72 -167 -177 -175 169 93 -228 -77 214 -45 -151 -110 216 -17 -220 5 -11 236 49 -125 78 -141 -31 233 -83 -81 112 -23 -244 -134 162 140 -19 165 91 220 -248 -149 -207 59 -3 -65 241 125 -166 147 159 101 -121 134 -136 -154 65 97 -120 43 -44 -231 99 -204 173 -209 96 235 -50 81 -34 40 -161 188 47 145 87 -214 0 1 187 -27 54 -8 -176 -111 127 243 -7 76 34 198 228 160 -239 -158 226 -104 -33 -217 -38 156 -69 -137 157 8 58 225 -229 149 -119 -189 -10 62 -94 193 -227 113 -122 75 154 -159 -64 -106 -174 -59 194 -72 -221 133 70 -178 115 -156 64 42 176 240 -128 -13 248 -129 229 -97 170 13 -107 -169 -39 -233 35 231 30 66 219 -108 -32 -201 -249 -91 204 -73 -213 -131 -238 -43 189 -242 184 51 -15 -92 71 -206 31 208 -147 191 -194 26 -170 -116 -160 -98 100 218 130 206 116 -205 212 146 -20 242 163 53 -225 -71 -241 77 -173 3 14 166 109 249 -12 245 19 -148 180 190 -234 -90 111 63 -232 -243 211 -101 230 139 32 16 -14 247 -26 -143 244 120 -146 -215 10 239 17 -188 -230 -112 -157 -139 -86 -62 108 -123 -63 186 155 -138 195 -250 168 95 73 -49 -48 223 -171 -240 234 41 68 -68 143 50 -223 -29 -22 -219 -53 -79 209 86 74 -42 215 202 -195 -9 -114 -181 -245 102 -210 39 183 36 89 129 -84 56 122 123 -118 232 -184 -168 138 -88 -179 -52 148 124 174 20 -150 -199 -55 -18 144 -2 172 2 132 79 -74 -25 -57 7 -211 55 238 -162 128 -70 -172 -132 185 -133 -165 88 -105 82 224 -6 171 -182 -1 -78 23 -76 -89 -208 46 -24 182 -51 106 -187 52 104 136 217 29 -99 -164 -96 164 -183 119 61 -193 -103 -140 -61 197 158 222 -142 -21 -36 181 210 -218 -197 192 -135 83 -191 153 92 126 -236 -127 167 131 -80 107 -155 -93 -41 -82 207 -192 -222 15 -87 6 135 -153 199 -37 205 -115 -196 -144 -56 -212 -66 152 38 -226 -126 -185 -67 141 -30 105 25 33 45 142 -40 -4 9 21 94 151 114 -16 37 137 -58 -145 -5 -180 -202 121 98 -46 177 -75 -237 -113 90 178 246 110 103 -124 -224 -235 67 11 48 24 -130 22 -246 -95 69 -216 -163 4 -203 60 201 203 -47 -109 213 -198 -190 -54 200 27 -117 84 227 -247 28 221 118 80 85 117 161 -100 -35 196 150 -85 57 -60 18 -102 -186 44 
TEST 172 ARG:64 101 -2 195 -73 -144 -69 -86 232 -109 -101 -138 -246 48 -156 32 108 10 -66 118 91 36 -46 13 -142 215 203 -202 -210 234 239 -126 -118 -18 -134 -228 -75 137 8 52 -91 -79 233 -170 -163 72 61 -140 -41 -249 -175 -248 84 46 -158 -52 -22 50 -192 -24 183 -44 56 160 -164 222 -200 143 -179 163 200 31 83 85 -160 -28 100 -136 -229 7 121 -211 -225 -17 102 132 -135 43 -108 63 -205 164 110 -55 179 62 38 -149 -85 35 184 -235 161 -223 -48 -148 188 -25 -147 131 -222 -68 209 -93 -132 -113 92 58 -190 -233 -204 -182 -216 53 -89 -131 218 115 -63 111 -219 216 -145 237 -178 28 -14 22 197 176 -213 -193 6 15 -224 -237 204 120 -43 166 87 106 211 243 245 17 -61 -40 104 246 -70 -53 -128 -181 -231 -173 78 142 -26 149 138 -167 -98 219 116 220 196 -236 88 -159 3 155 -244 228 -141 -208 109 214 229 -171 2 -57 73 -50 42 227 -58 18 134 117 -94 -186 -13 -37 -76 -65 144 208 -29 -82 130 -195 178 171 242 -129 181 128 -239 202 103 -96 -232 -103 68 112 -143 185 -92 49 0 154 224 231 11 -220 -199 95 114 -203 -1 76 105 198 217 -139 180 -227 -234 21 -185 40 -242 -83 75 225 -215 -180 70 -169 194 5 -214 -56 -19 71 41 -122 -95 51 -97 175 124 82 -5 -23 -146 136 -151 221 173 153 -154 199 37 -198 -105 54 122 -8 39 223 97 60 169 -177 213 -161 -166 -125 -201 230 -115 -150 207 -31 -162 126 -157 240 12 -226 -172 24 127 -217 212 89 -49 165 241 -34 235 57 244 -64 -238 29 -100 -77 74 69 -36 -90 -133 -11 191 80 -74 -12 -120 -212 -240 -9 -218 247 190 -245 139 -60 186 -117 -107 -59 -114 59 133 -176 -191 238 156 205 -87 -84 159 -184 27 -33 -116 119 -16 189 -39 -155 -168 -112 79 -153 -99 -197 44 177 -209 67 -207 236 94 14 -3 4 123 26 -243 9 -21 -10 -165 -123 125 129 248 -194 93 -80 -189 45 -119 -47 145 -51 226 -20 86 -230 -72 135 -196 140 55 -15 23 -81 148 33 168 -183 -110 150 -38 25 -88 -250 -127 -78 -45 151 99 -4 -35 107 -187 167 -124 19 -130 -30 -121 -247 30 113 193 187 -27 1 16 147 -7 206 90 -102 174 47 66 201 20 -54 -106 -42 -62 -71 -111 158 -104 -67 192 65 172 34 98 77 146 -221 182 249 -188 157 -137 170 -152 81 -6 -174 -241 210 96 -206 -32 141 152 162 
TEST 173 ARG:55 -14 -41 -79 -160 -54 -107 182 244 240 178 -3 35 111 141 -182 20 4 142 194 52 -44 247 217 -248 -6 -125 169 -122 65 155 230 99 -180 -189 -4 115 88 -77 59 49 -48 -158 122 225 151 -204 171 -32 14 73 -132 -150 175 -145 75 -62 -18 -188 179 50 -25 17 113 -42 -40 162 -104 13 -119 215 39 209 54 -88 185 -166 219 58 -28 -5 3 140 -21 104 60 -191 -223 -86 -169 -59 207 -20 -106 18 -212 189 206 31 163 -108 -200 212 -149 26 -168 224 -69 -55 -99 16 -171 208 24 -35 191 28 34 -218 154 190 64 158 205 242 -227 -76 -172 77 164 -148 -97 -87 -247 -177 -73 95 -58 192 -153 193 198 -114 91 156 -210 27 89 7 -229 -12 139 -226 -246 -228 136 -156 214 -38 -65 121 124 202 145 -112 -31 53 -220 108 221 222 228 -9 -93 -143 172 -144 238 -34 -91 -72 62 174 127 66 181 223 96 -154 -233 -80 25 -142 -151 56 41 -138 197 245 -187 90 -231 -129 -39 -164 -82 -244 -22 -173 1 -103 168 -184 30 10 -217 -24 -7 -98 46 -155 128 -193 -195 -15 -137 -152 -16 109 81 119 37 199 -190 -10 -83 72 248 195 -245 -130 -192 105 -207 233 107 -102 47 -8 -243 -113 -50 9 -197 150 -70 8 85 -11 220 149 203 114 -221 106 216 138 -135 -225 187 167 76 -109 -66 101 -53 112 129 -78 180 23 82 0 80 131 123 78 -170 -176 -17 144 110 -140 184 -117 -141 29 -111 -167 -57 -194 19 -71 130 57 -120 -162 92 -214 166 98 -43 -202 -205 135 5 133 -159 226 153 -63 -118 -241 186 -179 -92 -206 -249 -13 118 165 -121 -128 -242 -250 74 93 -219 -139 -81 -123 -45 40 -127 48 -84 -89 68 137 -234 -19 -240 -37 84 161 246 146 -52 -163 -85 51 -236 -49 160 36 120 116 239 -115 -36 -157 -95 183 -174 -224 -208 86 83 38 -133 12 249 229 -209 213 -27 -33 173 71 -238 87 -230 -94 232 22 211 102 -124 -30 43 -90 -146 -134 -183 -26 15 97 -165 148 -51 235 -64 -110 176 33 125 143 200 -116 2 -201 -198 -186 -96 -1 177 100 70 -232 234 6 231 -74 -47 -196 44 -211 210 -175 -178 -237 -46 -222 -75 69 -105 196 -67 -215 -60 -181 204 227 -161 11 21 170 -100 188 61 157 152 147 126 32 -131 -203 -185 159 -2 -68 218 -101 201 -136 132 103 -61 -56 243 134 -199 117 -216 237 -126 45 79 -29 241 63 -147 -235 -213 42 236 -23 94 -239 67 
TEST 174 ARG:-177 100 -132 -86 -13 -200 188 -121 -239 121 -209 -214 -37 -81 -241 129 -220 154 44 235 -224 -167 -35 -84 -5 -153 162 -29 -87 29 199 12 6 -38 -211 -71 116 134 66 -19 -125 113 73 -199 46 88 150 -30 135 192 20 -159 14 156 -168 60 -210 237 234 -83 52 -18 -194 97 -120 -160 -196 -62 -26 -235 -61 -78 63 -144 17 -6 69 185 -70 -248 158 61 -129 -93 147 -66 -72 -112 50 38 -48 -186 221 -148 -89 -206 -233 98 208 -96 -204 131 -57 21 177 94 -22 136 212 -179 195 214 49 78 196 -88 102 3 -231 249 72 42 183 26 75 -43 15 91 217 35 -147 105 18 -158 -97 130 171 -7 163 -221 145 -131 8 218 175 -176 90 -91 233 -85 -180 -143 19 -244 -184 -123 -185 83 248 168 -166 -169 209 -39 32 71 -140 -162 245 206 74 236 151 -136 -205 -212 243 239 24 182 -222 -114 118 200 181 -183 -142 115 79 -16 -25 54 -49 30 48 22 -240 2 166 77 -198 -116 169 222 43 -229 -202 70 -150 247 53 -90 -188 191 -105 -213 -152 -161 -189 138 33 -94 -51 240 194 -24 -141 106 55 36 -11 -134 -79 -50 127 216 51 -190 -1 -55 -47 204 23 202 -58 -118 -187 -75 -236 5 219 230 -45 -101 -14 -242 40 0 167 -228 31 -165 -68 231 -103 242 109 99 179 141 140 201 164 125 124 62 -215 1 13 215 -102 -246 -32 160 184 211 -17 4 148 -92 108 -69 95 198 68 -170 -139 187 -108 -28 -109 -107 -171 -76 173 -173 -178 -34 -219 223 39 -197 111 -193 67 96 -217 -133 178 -36 143 -2 -3 -245 180 -56 161 224 -138 157 205 159 123 -126 112 47 -8 189 -192 -250 117 122 -73 101 -155 -203 119 227 144 -157 -201 -227 -216 126 -247 -77 -98 186 137 203 -163 27 -106 86 228 93 165 104 -10 -119 238 85 -237 149 -230 244 172 -207 -65 82 225 -128 -117 59 -42 -21 193 10 -135 114 34 -9 107 80 -154 232 103 152 -218 -111 16 37 -82 -95 226 58 -226 -182 -181 -64 84 197 -195 -115 76 190 -208 -20 -164 -80 -175 89 -156 207 -172 229 174 142 -63 41 -67 -232 -191 -234 57 7 -27 -41 155 153 -31 -44 -33 -53 -127 -146 -113 -60 146 -104 176 92 28 -46 241 -130 -40 45 220 -145 -52 9 139 64 -59 87 -238 -151 -74 11 25 -174 128 110 120 210 132 170 -110 246 -149 -54 -225 65 -100 -12 -4 -15 -137 -122 -99 -243 213 -23 56 -249 81 -223 -124 133 
TEST 175 ARG:-124 -153 -146 -168 -42 85 4 -36 -186 -179 -107 14 141 147 -65 227 -144 99 -26 -51 209 148 197 3 70 194 -192 92 -166 236 -123 37 177 87 238 -191 -212 -89 -91 54 -197 112 -110 239 188 90 -142 71 -238 204 210 122 -240 247 -160 240 162 57 -190 241 8 -203 175 114 -10 -130 86 -112 143 69 -214 68 149 178 -131 43 24 -45 100 -205 196 108 150 171 -106 15 64 172 58 31 -139 17 -101 -187 33 -15 211 249 160 -58 164 125 232 -217 32 113 51 66 0 202 180 -249 -237 106 -247 -199 -1 -73 174 -67 102 111 -77 -23 -229 18 -248 -79 80 -148 -88 216 95 187 -184 -134 118 199 77 207 30 67 -37 -82 -103 -204 -93 -71 -69 -193 183 -178 233 152 -220 -173 21 -25 -246 -96 -105 -115 189 96 212 78 -211 181 56 -137 -174 -138 -226 -19 -157 41 163 -216 110 -39 -50 -242 98 146 -35 130 -230 -171 103 -200 116 215 -135 -234 -161 42 -60 159 221 52 1 -159 234 115 124 60 -244 34 225 -63 50 214 -83 161 -206 213 9 -195 -156 5 229 -228 25 19 140 -5 201 72 -68 -235 -97 166 -198 27 59 -80 -43 123 -27 191 -243 184 -90 -70 -8 -81 94 -241 -13 -218 89 -172 -56 -104 -46 65 93 -102 -149 -250 -233 62 -30 117 -189 170 44 -222 -223 -231 -219 222 -208 -114 138 -141 -118 -95 142 109 -201 -9 -32 -152 -108 -169 186 185 79 245 248 134 -119 154 228 12 -28 -99 129 -151 -86 -21 179 133 -2 231 168 49 139 -132 198 145 -98 74 -194 -33 -16 73 230 137 63 193 47 -12 -176 105 -48 84 -127 -40 83 224 206 -185 -24 246 46 176 104 -76 136 128 155 -227 -239 203 -188 -140 -165 167 -117 135 -182 -180 217 -47 -154 -85 -133 132 -175 35 -163 -29 -54 -31 -113 -111 156 205 2 182 38 153 101 -164 -109 165 82 16 244 -196 10 -158 223 -61 219 226 -64 23 -162 -143 97 -52 -55 120 -18 -126 -34 40 29 -17 -3 -57 -66 -92 -209 36 242 -22 13 -49 208 -11 -74 -38 -167 157 -232 220 11 -75 -225 81 -44 91 127 -155 158 20 200 126 -87 53 88 237 121 -213 235 61 -221 190 107 -125 -20 218 195 -100 45 76 -183 55 131 -78 -145 -210 -14 -4 243 151 -147 -6 -170 -207 26 -53 -84 -245 144 39 -215 6 -181 -121 -224 -129 -128 -62 -202 22 -136 -59 48 192 -122 28 -94 -116 -120 -150 169 -7 7 -41 119 -236 173 -72 -177 75 
TEST 176 ARG:-62 178 -142 -233 -135 83 -241 -25 -192 69 94 -106 227 -158 -96 -182 131 -72 162 -102 190 118 119 -173 169 5 -242 -42 76 245 -190 -136 -49 42 75 46 193 -18 166 72 192 88 -35 -225 214 117 127 152 84 4 17 -214 242 0 -189 161 1 40 -65 -61 143 82 -117 -55 60 47 225 215 -174 31 19 -11 -114 53 156 -167 -179 -186 -221 3 136 -60 106 -93 10 28 249 65 -78 29 97 135 -40 -23 -107 209 -108 191 39 -77 -95 140 23 167 55 -105 -67 -227 -240 87 20 -37 186 -215 132 -111 231 -216 185 -161 -151 149 91 123 -90 99 50 -194 196 -122 224 -7 -2 -8 115 137 221 -130 157 95 -79 18 246 -235 -24 25 35 16 -69 -162 96 -27 184 -127 151 21 179 -110 -139 98 199 -15 -177 -164 -52 -236 -30 62 90 78 -231 139 103 -150 -43 163 11 113 -63 57 -248 -22 48 244 146 -4 6 -226 -54 241 -46 14 -238 133 -163 -207 -17 -39 -97 183 159 2 26 200 194 -220 -94 -244 181 -234 77 -137 -200 9 -209 108 73 -31 122 153 -118 204 -155 -249 -88 -100 45 -181 -191 228 -239 27 -166 -183 -86 13 -195 128 -145 -204 -36 116 -33 -120 8 174 -228 -99 206 158 -198 -156 -47 -152 59 101 198 -109 201 -129 -230 213 180 -211 -16 51 -138 -80 -128 207 -19 160 232 109 -210 64 -172 -178 -68 -32 -134 -148 124 -157 89 -84 -59 164 -73 -188 -3 34 -169 -45 -51 -223 212 -70 80 111 93 56 86 -154 -50 195 120 -197 105 223 -237 -57 129 243 -146 44 -246 188 197 74 79 -56 -202 37 -232 233 24 -153 142 -168 230 238 -212 168 -243 148 -34 -12 176 -48 -13 -245 -75 -123 -147 -6 -66 203 36 -26 -199 -219 81 211 -222 -217 -119 -133 145 235 70 -85 247 -218 170 92 218 175 -64 -92 32 141 -14 -208 -83 229 138 114 202 -116 -184 15 102 38 165 171 -131 43 -41 -213 -185 222 -28 239 173 -91 -132 226 58 216 -9 -126 -143 -10 220 7 -180 -20 -144 -29 -250 177 189 234 -5 208 -193 -171 -104 -89 -206 100 -76 -121 217 66 33 -115 -247 150 -38 -113 -98 22 54 -201 -53 -1 63 144 -149 -176 41 -140 -44 -170 30 -124 104 236 248 187 85 -229 110 147 134 -81 125 -71 -160 -82 219 -159 172 -112 210 -205 52 68 49 71 107 -101 126 -58 -203 237 121 182 240 154 130 -196 67 -165 12 -141 -87 155 61 -103 205 -187 -125 112 -224 -21 -74 -175 
TEST 177 ARG:192 214 -156 68 -101 -77 -134 -213 160 2 178 28 163 -32 239 -69 112 56 -79 -13 -203 69 84 -225 238 -4 -72 96 -208 8 131 -18 -162 117 246 -54 -250 151 -114 161 129 -3 190 -240 -60 59 53 97 119 -185 18 -148 -211 108 148 86 219 -97 105 154 189 63 -38 126 80 -16 5 -149 34 -217 209 91 13 98 -186 60 -192 -71 36 -91 -248 -216 -174 -99 -8 -143 179 82 134 226 -146 166 -189 -113 -154 173 50 33 -239 216 -177 224 -244 242 -235 -230 156 240 -200 197 -84 170 20 198 203 -135 -168 -85 54 -202 -107 -11 144 213 -29 114 -94 -180 175 -21 155 -64 -194 -195 -119 -214 205 -170 -56 -144 -68 61 210 -183 -25 -187 208 -40 -219 142 -133 83 -42 -31 -242 -96 -245 -93 -34 -103 158 143 77 -10 138 -232 -166 32 -62 -83 48 -190 146 -169 248 -209 -36 49 -181 -92 -199 -223 184 -152 -100 -65 195 93 212 -221 45 -234 31 -172 -74 183 4 -227 72 -50 180 9 -150 102 -175 -147 65 -105 149 115 113 -37 -82 141 199 -73 -131 -126 42 -87 -140 -39 -120 181 168 217 -110 -51 -249 245 233 -173 27 25 104 121 -128 -129 -118 100 201 -49 -33 -160 62 -206 -229 -102 -104 -141 40 -117 147 -12 -164 -233 -188 229 10 110 230 3 -153 -193 227 46 -243 241 -161 137 38 236 -224 -53 145 76 186 225 196 -46 200 -207 22 -115 95 75 6 231 122 -22 -47 -228 17 -76 79 -48 174 -81 -159 -61 162 -5 249 -139 152 29 -222 -127 47 23 -205 -197 99 -178 -184 204 94 206 182 -86 -204 -241 -108 -58 -78 185 14 135 89 64 -138 -19 51 -121 -28 164 136 -116 -30 111 -9 243 -59 222 234 132 -106 37 -179 101 87 -158 -24 125 -35 73 30 127 -145 -17 -155 172 -70 193 -231 0 237 120 116 -196 70 194 188 -123 -111 150 -212 232 -226 202 106 -67 130 -182 -98 -247 128 -218 -43 -45 -157 118 -44 41 -1 215 177 52 -6 171 221 -88 107 19 -112 211 12 244 223 123 -122 -26 35 -125 -15 -55 -80 235 -66 -167 -165 103 7 -14 -163 -176 -7 176 -151 -63 -90 43 -132 153 57 -171 -23 109 71 16 220 -109 78 -136 165 1 88 -220 247 -20 66 -57 187 -238 169 -210 157 -89 -198 -27 55 -246 228 -191 133 167 58 44 74 -95 24 90 -142 26 -124 207 81 -137 191 92 -41 -130 21 -2 85 -237 39 218 124 -215 67 -75 159 -236 -52 15 140 -201 11 139 
TEST 178 ARG:-182 67 46 213 193 152 109 175 -185 -14 -188 -237 -167 -157 -192 -1 100 186 -63 107 -149 -221 238 -242 129 -250 203 -20 91 59 -216 38 72 77 140 -175 219 85 139 -88 236 90 -121 216 -132 234 -135 -119 191 95 156 -51 -70 -190 248 31 -222 114 -173 176 115 210 -189 135 2 -98 223 180 -197 -207 14 98 -31 -94 -101 25 -180 16 -171 242 -179 224 249 183 -40 60 70 141 -38 -162 228 123 130 99 -75 -214 155 -208 -166 205 -93 -43 -97 -45 -80 -90 9 -41 184 121 -164 -241 -159 207 -244 120 103 -105 214 -77 -126 87 197 136 -248 -156 -8 199 202 101 -168 -161 122 110 247 -58 -235 229 -127 -66 36 -62 170 245 83 -249 -37 20 -139 -18 -113 32 -29 158 76 -138 52 -152 -234 42 -223 54 196 -231 -52 -120 -147 134 172 190 133 7 -150 -195 57 -220 167 -165 -210 206 -131 -115 -160 -206 -199 137 -111 147 -12 209 -85 -200 105 93 194 -204 -61 82 29 -92 212 119 -215 146 201 179 -9 185 58 23 -226 -84 164 -141 27 -47 3 -240 145 -176 -128 1 51 -53 -87 106 -81 55 125 74 -95 88 -194 -114 -2 -82 -34 243 211 131 189 -246 142 -129 200 -243 138 -183 -73 -177 49 -15 41 50 148 143 -11 -107 -71 -10 111 -202 -117 4 174 11 -96 220 81 169 45 -26 34 24 30 43 -54 -140 6 -25 118 -134 92 -64 -68 66 168 -143 218 -229 -57 225 -76 198 127 233 -125 -99 -219 -196 96 -198 -19 -169 65 -16 160 232 -36 -148 -78 -59 -104 208 -123 97 150 -184 -112 -228 -3 -239 128 15 69 -33 -145 177 151 28 113 181 -133 71 -83 116 -44 -21 -232 26 -48 154 94 73 162 86 -146 -5 10 39 -181 89 -91 -217 -154 239 -193 -17 -144 -109 217 -124 178 33 -89 -60 226 159 0 47 -233 222 188 221 63 64 -56 75 -50 -106 8 -212 -130 241 182 -46 -187 -163 61 -74 68 -170 -65 -158 -191 -218 79 -69 -110 -213 126 17 244 -108 -42 19 -205 -136 195 132 -227 173 -236 -201 -209 -23 -28 40 204 53 171 78 -122 -79 -153 166 -151 -142 124 18 48 22 -27 -55 -172 237 102 240 187 -155 12 -137 84 -6 192 231 144 -24 80 -178 246 -13 108 -186 227 153 215 -35 230 235 117 -174 -116 -32 56 -4 35 21 -22 104 -100 5 -102 112 -7 -72 -67 -103 -39 149 161 -230 -49 -203 -86 -224 165 163 -247 13 157 -30 62 44 -225 -211 -238 37 -118 -245 
TEST 179 ARG:-139 -60 -74 7 78 140 -163 112 -27 -229 -70 74 216 245 35 -53 99 133 -238 90 151 -117 102 57 -228 145 -124 -108 223 -152 238 -6 -204 -121 -109 98 51 108 -148 229 -209 236 -93 226 -231 187 174 -187 231 -11 25 244 -30 176 27 -8 158 -239 156 -54 -220 195 -245 -233 207 -188 -18 -92 201 114 202 -183 -218 87 -193 -77 -16 192 -143 165 -69 138 -154 10 -174 76 131 86 14 -147 -140 141 118 -221 -4 101 -23 -171 185 -85 -208 175 11 248 143 -181 -155 220 85 84 -3 79 24 -130 -159 12 166 8 -144 46 62 -216 -36 217 -94 -87 -97 -236 -136 -207 -164 34 37 -95 5 -62 153 144 -173 -78 126 -88 68 107 0 -185 -244 -24 -158 -63 212 233 -89 -160 -161 113 197 132 58 69 -134 -175 221 -129 124 71 209 228 40 -132 249 179 -145 -201 -214 115 111 122 -1 -71 -46 -186 67 -232 218 -19 -141 -100 -34 173 -61 60 77 246 63 -105 -99 130 129 106 66 95 -137 -162 3 127 81 -197 39 19 -112 32 -169 -48 -38 -113 -28 -45 -224 6 172 -15 -142 146 169 -190 -73 -248 -125 -165 152 -26 13 47 -203 -249 -168 -206 21 240 -98 -250 -223 -116 208 -75 -194 116 -151 224 41 -122 18 28 20 94 160 -96 -126 104 56 -211 125 48 148 82 190 26 213 -237 159 -179 -51 -57 72 -119 -212 -241 147 222 196 -37 243 186 -111 -115 -172 161 42 109 -217 -114 182 128 203 -7 93 184 55 -106 167 170 -205 -49 -156 234 88 31 163 120 -59 210 -83 105 59 52 -184 121 -226 -196 200 4 136 -176 -68 49 -215 242 -80 183 -118 235 -40 22 -47 181 110 64 -189 142 119 -31 164 92 -72 -180 -150 -21 117 162 -25 -247 -91 -10 198 -110 -135 44 -42 155 -13 225 205 -235 -243 80 215 -32 194 -82 83 -101 -41 -182 1 -64 -157 -177 -58 -246 -20 -242 137 237 -90 17 -210 204 -44 -107 219 241 -202 -131 103 53 73 -67 50 -14 157 180 -149 -225 -22 -33 247 171 36 -65 -84 232 -81 135 -138 -56 -29 214 -104 188 9 230 -200 -195 149 70 -128 -240 -127 178 96 154 29 -213 -55 168 -79 23 89 43 206 45 38 227 -52 211 -86 239 2 -192 100 -120 -199 30 -43 -234 61 54 -146 -39 -191 -9 139 -133 -103 -5 199 -222 16 -153 -170 191 -17 -66 -102 189 134 123 -123 -178 -166 -198 97 -2 -50 150 -227 91 -12 65 -219 -76 -167 75 177 15 -230 193 -35 33 
TEST 180 ARG:-220 -47 173 -28 52 -3 96 -118 -52 171 -150 161 196 141 -87 216 -195 36 -250 119 211 231 -57 194 -187 0 114 -198 176 91 48 139 193 28 228 190 -79 29 19 -238 68 100 -108 -155 217 -205 -12 209 -46 -140 55 -49 14 101 77 -111 -224 102 -65 215 -184 81 108 59 -78 47 158 13 82 -66 212 -154 142 -70 -127 -190 54 133 -226 205 71 79 44 -20 106 -26 -230 -39 -214 -97 -162 238 -135 206 -93 148 151 3 -53 202 45 -149 -85 -59 115 167 -189 -22 80 -18 -62 -246 89 -209 -179 4 244 -82 191 140 -223 38 -234 207 70 174 -227 -171 -233 -131 -32 -151 11 94 -50 24 -175 -136 -1 -73 -68 61 126 113 232 -219 -74 -194 -64 1 166 -139 246 -23 201 -243 177 -225 -72 46 -117 -221 -183 -173 -8 210 -5 150 62 -14 78 53 10 -17 -166 138 224 -24 -180 -10 -44 218 -89 -185 -122 197 200 143 208 245 49 -244 -128 198 104 105 -247 236 124 -164 -215 -15 221 97 107 134 -208 230 -31 -30 178 235 -58 -218 73 109 130 159 -86 -84 -109 179 -77 65 -11 122 -4 60 -235 57 132 -202 164 92 22 16 112 31 -81 222 -55 -212 -19 -145 27 120 125 -51 -228 248 86 -148 -176 -71 -60 -153 -41 -203 -181 182 67 -188 -240 -159 26 -29 175 -249 74 152 15 9 183 189 214 -207 213 146 -217 -123 184 83 -35 -242 -107 180 -177 -80 12 163 -239 35 117 -45 157 42 -213 145 162 -48 6 181 -40 90 -113 234 -229 -163 87 188 220 170 137 -199 -100 -98 -201 -101 127 144 237 203 98 -192 63 118 -160 103 219 85 30 -95 -54 -67 75 -91 116 135 23 -110 -182 -197 156 58 -96 99 -142 40 72 -99 -105 -9 8 66 -241 -232 -167 -94 21 192 239 -120 -75 -102 -130 169 -144 -116 165 -174 -200 37 93 -56 -76 -37 -216 111 233 -132 -112 84 -25 -236 225 -125 -169 -146 -147 223 -210 -38 64 242 -152 -124 121 43 243 -186 -6 2 247 -69 -90 153 -168 -103 -170 131 -143 -2 25 -61 50 199 -206 -106 136 -178 -119 -211 33 240 -231 -172 -36 18 -42 -141 -156 -114 186 229 185 168 -191 -138 204 -134 -126 -129 129 39 -7 -83 123 -161 154 32 -157 -104 17 241 -33 226 -165 69 -245 -16 160 110 88 34 -34 147 -13 227 41 -137 -222 5 187 51 -248 -27 7 -193 76 128 -63 -158 -43 172 -237 20 -204 -196 149 -21 155 195 -88 249 -92 -121 95 -115 56 -133 
TEST 181 ARG:201 -185 246 174 48 163 43 84 -104 209 -58 -35 157 240 -103 0 153 -158 86 -155 -101 179 -68 192 -112 -55 -220 -136 111 14 -75 -169 -215 -39 -85 171 206 -30 -186 119 91 159 -63 188 -113 -140 -20 32 190 -161 -60 -122 -180 249 20 136 140 -91 -76 -36 -89 -105 -184 -223 -160 124 44 133 -212 121 223 -162 235 -187 90 247 -49 -201 63 -159 -102 -237 -65 82 -133 -7 -16 98 -128 226 -198 -129 73 -47 87 -182 76 15 -231 113 7 187 194 152 -137 80 -131 142 101 -108 -62 -40 -28 118 -193 78 -81 -34 -59 42 -210 197 244 -148 -165 -118 -135 102 224 36 175 172 47 -183 183 -23 19 -208 6 105 -80 53 -95 58 -228 23 -207 -146 -245 148 -66 -119 106 -144 -82 232 -151 16 93 215 -219 83 -174 -202 3 21 -48 -240 182 -216 -127 -93 22 103 -98 228 -6 40 234 196 100 64 204 173 -200 116 -163 167 230 231 144 -14 51 -111 137 160 -204 -156 52 35 146 -176 -38 -114 -56 -149 151 70 150 -88 109 -8 96 -175 138 195 115 227 95 -107 193 -2 12 120 217 99 -78 -74 -12 170 89 132 54 -9 -243 -248 33 -218 220 -13 189 -181 -99 186 37 -45 -71 -29 -141 -152 94 17 169 211 185 239 25 -22 10 243 216 -61 -171 72 -242 57 75 67 -194 -233 238 34 56 8 177 -214 -97 -24 191 -190 -166 166 -44 -205 219 207 26 176 -143 -168 -1 -72 9 158 -25 -33 222 130 5 -229 24 104 -110 92 248 127 -92 135 -249 -123 143 -17 -238 165 65 -69 85 -167 -145 -188 -42 214 -19 -21 -234 -117 -196 -211 134 162 180 200 122 59 -31 -132 -224 -70 -153 -43 221 -147 245 -18 -27 -26 60 -96 -246 -203 -57 -50 123 -86 -197 -125 38 128 -236 131 97 -213 210 -130 -178 -154 156 -53 -126 129 71 -142 -222 -15 49 205 30 88 198 -73 -32 74 -115 117 -87 -77 28 68 27 -177 -221 39 46 -239 18 112 -109 -67 -164 66 29 -100 -51 242 -54 -139 -232 -179 125 178 -189 -235 161 -10 77 208 225 168 236 -192 69 -116 -79 79 237 55 -3 218 126 -225 -244 -226 -5 -121 -172 45 -173 155 62 41 -94 -227 139 141 -150 4 -134 -199 -52 108 145 154 -250 -64 233 61 -124 147 -90 -83 107 50 13 -157 -138 31 81 -217 213 -120 -4 181 149 1 -106 -170 -247 -46 199 -206 202 -230 110 241 -11 2 184 -241 -209 -195 212 203 164 11 -41 229 -37 -191 -84 114 
TEST 182 ARG:-46 -228 -238 215 -119 48 -197 146 202 136 -241 -100 73 212 38 191 109 60 -161 49 189 3 -74 75 -164 92 -14 -3 -26 118 -6 96 -94 11 227 66 -205 -21 -15 219 -95 208 144 -38 68 9 196 216 -158 -225 -151 -166 -142 47 131 105 -213 -54 235 112 -72 -243 -39 117 -203 42 193 179 123 -232 89 -138 26 100 222 145 150 213 15 101 241 -97 67 197 -50 223 -83 -214 -34 205 178 -215 103 -249 237 -57 -193 244 126 -96 -218 -125 198 156 -98 -153 58 120 -175 -73 133 33 -87 -231 87 -237 -180 -250 -245 -35 -13 -90 -204 90 -103 -206 -170 -66 106 65 -217 40 -41 -219 -179 -149 -186 39 -210 -64 -239 175 -75 149 -121 31 -172 91 4 173 14 -36 181 161 186 76 13 -76 35 139 -101 -154 218 88 -191 211 -8 -19 239 -81 32 -198 -110 -236 82 56 -226 25 -124 -159 -234 -44 224 29 165 50 176 -150 122 -56 -102 -212 151 -244 234 19 -147 143 -45 129 148 -55 108 242 -20 -111 -86 1 -223 -221 -65 -59 80 182 -70 79 -104 167 97 -165 -106 113 -202 -155 249 -148 86 37 115 171 221 85 -84 -229 -11 160 125 238 -49 -78 -224 -5 99 -60 -27 -128 77 -183 -16 155 -23 121 -185 24 -18 247 -192 2 -43 236 64 119 134 180 248 54 -187 -114 -33 163 21 110 111 -211 -63 59 204 206 8 44 10 -157 229 36 -42 -209 -79 -174 114 168 -117 -85 -235 -89 -1 -123 -126 -177 -248 232 -99 71 -156 -37 -113 -28 23 169 41 -52 -134 34 -216 -80 78 164 -167 246 -58 83 200 -61 132 188 -91 152 -247 233 185 6 -188 -163 -152 203 102 166 -176 -127 128 -130 245 230 -62 -53 -122 -182 130 -233 72 -108 194 -135 137 -7 94 -141 -246 127 -160 170 228 74 -131 140 27 -129 -4 104 -194 -30 220 -184 -22 18 124 -69 55 -77 -120 141 -222 147 243 17 -118 -208 -67 201 -173 138 -93 195 -10 -132 -51 62 -230 61 240 -181 -9 135 46 -107 207 -201 217 53 5 157 20 -40 153 -109 177 -196 43 -136 93 231 -116 -220 210 -25 -171 22 158 -227 -68 84 192 -2 69 16 -48 -140 -144 -189 184 7 -17 199 -137 63 -12 -115 -32 0 -199 70 -145 -240 172 52 -169 81 -47 -139 -162 12 -112 98 -105 57 95 225 214 -200 -168 51 162 -195 -24 -29 30 45 187 -143 -146 -82 159 -133 -71 -88 174 107 -207 116 142 190 226 -242 -31 28 183 209 -190 -92 -178 154 
TEST 183 ARG:107 -61 -19 71 118 174 -237 -60 -90 -178 -184 170 153 -236 -31 -18 -7 173 84 -99 179 -25 86 -114 113 37 217 -142 -217 -21 -115 -207 56 59 92 54 144 241 -128 237 238 247 -193 -45 -12 178 24 125 -80 -34 -192 193 73 51 -9 0 -20 87 43 -146 -63 -148 132 -106 -39 128 -11 97 58 -140 -220 -244 -248 -6 79 -137 16 -150 -134 -189 -64 52 67 117 75 98 108 34 -175 -199 156 204 -2 15 -224 -102 -158 195 -226 -232 248 -69 -32 -110 111 139 -78 -94 -213 239 167 6 77 64 32 -177 95 -243 -74 76 -234 -170 -96 88 -35 69 31 146 -159 -223 81 115 137 5 148 2 -50 -197 -66 109 -68 -194 -212 72 246 161 225 158 -169 -71 120 25 228 -119 96 -136 133 -195 143 -250 -188 -4 -113 -121 -138 90 136 249 -204 91 205 155 39 21 -5 -181 221 48 -10 -132 -30 210 -100 -190 50 -172 55 -227 -82 110 142 9 -123 103 -167 -246 -160 -208 -77 -22 199 114 220 -185 -180 -183 -139 70 -109 219 -201 -43 -17 -166 -76 -191 -135 -209 49 187 191 172 -211 -154 -24 -38 -219 1 196 159 -79 229 33 85 -141 243 -14 245 -240 -151 -83 192 -165 80 -16 -112 -210 42 -53 94 164 -56 -221 -126 -105 -65 53 152 -29 23 65 102 -196 -8 -235 112 -149 46 104 122 -168 171 -55 -101 -54 227 177 -241 62 -13 201 -131 163 -111 166 61 4 182 127 18 129 38 12 19 -40 93 211 63 -58 169 157 -26 140 -145 183 124 74 223 47 -125 78 149 214 160 -249 -98 194 -239 -133 230 10 -218 121 218 222 11 -230 -28 141 13 -200 231 165 -107 -245 -92 134 190 116 242 145 100 -233 3 208 -3 -93 -129 -81 -37 -85 -36 -173 -147 -87 -229 60 -103 209 -120 -231 226 28 123 22 235 -215 -57 -187 -242 27 244 147 224 216 30 -153 -116 57 -143 -1 26 -179 29 236 66 -238 -206 184 -47 -67 106 -157 -164 -88 176 83 -73 213 -75 -222 8 -162 -124 -15 -41 -89 212 -176 181 68 206 -205 -33 -27 -118 154 -247 14 -182 -203 207 -225 99 203 -52 119 186 202 -144 17 -130 -117 180 -51 -156 -108 240 189 188 -97 41 -48 45 -198 -59 215 -91 -44 200 135 -72 -70 -86 130 138 185 -216 105 232 -46 40 20 234 -174 -42 -186 197 -163 162 -202 36 150 -84 -161 -95 175 168 101 -228 82 44 -152 -214 -122 -62 151 -104 -23 126 -127 -49 89 198 131 35 7 -171 -155 233 
TEST 184 ARG:153 -217 -189 -168 207 151 -247 -55 97 -66 96 103 147 -99 -2 28 25 193 -41 132 -42 62 230 1 -193 -220 -178 45 -40 -25 -152 -150 186 226 24 180 -138 29 8 -105 -139 -111 124 47 110 44 104 128 219 112 -136 77 121 -237 152 -81 57 -116 -184 -210 -213 -3 234 189 -159 -240 130 -180 242 -158 -62 240 -69 70 238 -133 138 244 236 34 -147 -179 -120 206 -245 -145 -57 -165 -208 133 -188 102 -170 -236 116 183 196 16 75 215 129 -222 73 -1 -110 -114 135 -229 67 229 -15 105 136 -219 -154 11 -128 -241 -172 -85 167 -134 210 143 84 -68 -7 217 177 -166 -122 211 48 -80 92 222 235 -228 -190 125 -231 -47 91 30 63 -71 208 -196 37 -234 -205 -108 -21 -199 243 -209 -89 -14 -9 -28 87 19 203 184 205 -123 -151 -94 137 126 -20 -218 -67 233 247 -51 -195 -207 -212 65 -144 -176 80 -64 -137 -90 85 0 -140 106 -54 146 123 168 36 197 -238 163 169 23 -194 -11 52 -131 31 55 200 -232 -36 209 195 46 118 58 -161 -221 -164 -84 -162 79 -230 -186 86 131 39 227 127 228 109 214 213 154 198 -167 -121 -49 -74 -187 -177 4 93 237 170 -86 82 -130 144 204 -153 -226 -143 71 98 -171 246 149 158 248 -18 69 -52 -53 -215 115 -13 -88 22 99 -96 -10 101 -93 -191 182 -119 -34 -101 -76 -32 -113 225 192 -79 -56 59 13 -132 5 113 -249 90 -100 232 122 -223 -30 224 -206 -23 -87 83 14 -148 -5 -22 -37 35 174 56 -27 3 216 -127 181 -173 -146 95 -45 50 120 -197 185 220 -192 231 -203 -112 51 10 -59 -227 12 111 -225 33 -97 66 42 155 187 -181 191 -83 38 -135 -12 148 175 -8 89 -19 114 -33 18 -235 -224 171 -103 -211 172 -201 72 -182 -65 2 -233 -61 223 53 -141 141 41 -169 -46 17 166 194 108 -163 -60 -216 81 43 165 94 107 21 202 179 -156 -75 140 -70 9 49 239 78 -115 -107 134 -243 -24 212 -26 -155 -202 119 142 40 -29 74 -102 7 -250 -50 60 -174 27 -48 -6 160 156 -244 -92 -175 -63 -17 -98 -38 -204 -248 145 241 -118 -124 -78 -16 199 54 173 201 32 -95 -4 -246 -214 159 -126 -72 -183 -109 157 61 -198 -242 20 -58 -44 100 -117 190 150 26 -104 139 64 15 -129 -82 -185 245 176 -39 -106 -73 117 188 -160 -43 76 -200 -35 178 68 161 -239 -142 218 88 162 -31 -91 249 -149 -77 6 221 -157 164 -125 
TEST 185 ARG:5 -84 110 -206 -218 84 153 2 -69 -97 173 93 70 -75 -198 -183 -58 193 -42 190 -212 71 -21 -74 -150 87 -119 40 143 -87 -223 18 -190 161 -39 -34 210 -107 -117 157 -249 -194 -78 -9 -100 -213 111 91 -90 159 247 -80 -236 -92 -93 -15 -219 -83 37 4 144 236 124 -121 -162 -233 0 65 -188 -14 208 -237 179 -103 86 44 132 -51 33 49 -166 -130 140 -33 -57 7 -72 134 -112 -240 -17 -24 -118 -250 72 237 14 128 146 34 -229 198 183 131 241 55 141 -114 -71 180 -46 -232 54 114 102 200 -123 154 -208 121 -59 67 -230 -26 215 189 -228 -165 167 -209 -225 -79 117 228 -147 -11 36 -170 246 42 -187 165 -241 139 118 -154 147 -245 170 51 -222 199 -131 234 -242 172 222 230 207 -189 78 64 116 -143 -175 115 73 -224 -132 -185 244 -31 188 -35 -104 245 -16 227 136 -105 -29 -37 88 56 219 -246 194 89 -122 83 97 -68 -44 195 -48 -153 75 -139 -239 142 21 129 -36 13 -94 -138 -19 174 -77 226 229 126 -141 25 58 46 209 26 -134 8 45 99 148 -127 248 119 223 -49 -146 204 -61 63 -231 127 -54 -66 -243 -115 -197 -210 -176 90 218 221 -160 -149 -136 -181 12 -102 214 -108 -45 22 -216 -129 162 -205 191 -172 -76 -28 -27 -167 80 -67 -215 249 -56 94 185 150 -41 239 -47 66 -81 -10 -161 20 -204 -220 -217 130 164 62 15 225 41 -3 -151 186 -73 35 105 -235 -91 61 -126 11 -193 156 -12 -22 -116 -55 -99 -142 -2 47 100 -155 -144 217 69 16 77 -124 149 -25 213 -140 48 133 -128 -82 -111 92 232 29 38 192 160 216 1 182 -186 -247 -178 10 238 145 -163 171 24 -64 -196 53 -120 -226 -168 -98 -43 60 211 -5 -85 243 -174 -177 -50 30 -133 -65 52 -184 -95 233 176 6 158 177 -135 197 -156 163 205 -113 113 -203 166 206 -18 3 74 -152 -125 -192 -6 109 -148 -201 231 -60 -158 -109 -7 -53 79 82 240 -40 184 -200 123 112 23 -70 103 -110 68 -234 27 -207 -227 -52 137 -211 57 -101 168 39 -89 -86 196 120 151 -8 -88 -96 96 106 175 -199 31 28 -164 -106 212 178 9 -248 95 -30 155 -32 -13 -244 201 -191 187 -173 -63 -20 -238 181 -221 169 108 19 -23 -38 242 17 43 81 101 85 220 122 -195 -145 152 -1 224 -180 235 -202 -62 98 50 -169 104 -137 -214 107 -171 -159 -157 76 203 -4 59 138 32 202 -182 135 125 -179 
TEST 186 ARG:191 -213 166 155 -101 -19 -134 192 -34 71 44 -187 -123 244 -156 -233 -114 -25 156 -89 -78 173 -178 43 212 159 92 -38 -9 40 239 -189 -92 -61 -209 245 160 79 104 -175 -49 218 232 -69 -122 -219 96 -105 -171 93 -18 37 85 0 -57 -170 -140 -32 112 168 -3 102 99 131 -197 249 135 -30 -235 185 82 58 89 -50 145 -17 55 -37 236 -136 84 -55 52 70 149 1 -120 217 246 161 167 -164 -1 32 -154 -125 -45 83 110 220 -128 66 -211 126 153 51 130 227 -221 2 -52 150 29 -54 -246 107 204 -40 -13 226 -121 -177 174 -88 163 -28 -224 -113 181 -2 198 148 50 9 7 100 -143 151 -173 154 10 -201 -96 179 -82 -142 162 195 -111 20 -196 -74 -8 -229 -188 208 56 30 -198 213 -68 238 -163 -93 -176 -179 120 -244 207 199 75 -174 74 -91 127 124 -16 -137 171 -193 -59 -108 -29 -56 24 -58 -215 -109 -230 97 143 -46 235 -27 -31 41 -202 228 38 -144 -212 -130 202 -12 -85 -146 222 -203 31 -63 -238 -158 4 -77 19 144 -223 219 -239 45 -14 -204 -155 115 48 140 -70 -232 53 21 -166 -236 -131 -132 -51 59 22 128 233 -42 -147 119 -153 -167 87 62 5 189 205 -206 95 -159 -118 186 136 132 72 11 -43 240 -157 -172 129 248 225 138 216 157 177 -67 209 170 -103 188 169 -141 -165 18 -181 61 206 -228 -4 -75 193 -104 -231 247 -191 -5 -200 -76 -66 36 -150 197 47 -33 -86 86 -210 35 101 116 -247 221 -99 -169 98 69 -65 147 -83 183 6 -6 241 201 165 118 73 -152 -199 -129 -205 210 -148 117 125 215 -110 -119 -117 105 -23 -240 -53 137 -95 203 -248 -47 -184 -195 -161 -98 67 -135 -127 -94 -214 -84 39 122 -133 23 200 -139 178 172 54 139 -21 224 -20 15 -35 3 8 243 -151 46 -237 77 196 94 176 182 -220 -160 -242 -207 123 -81 -11 103 -106 -182 108 -225 -138 -216 -185 -15 -41 -126 106 -168 -192 -115 25 78 -72 -180 -97 -79 76 -208 211 142 -90 234 -102 -64 -107 -241 141 133 -100 158 -250 16 113 121 -87 28 -190 -124 184 -116 -22 -227 33 187 -186 81 -26 180 65 90 -44 -226 -24 -71 -222 49 -194 26 17 146 -249 68 231 -48 111 14 64 -217 152 -245 214 -112 60 34 114 63 237 230 80 190 -10 229 -234 164 -62 57 13 -162 -80 27 242 91 -243 109 175 -149 -183 -39 -36 223 -60 88 42 12 -7 -218 194 134 -73 -145 
TEST 187 ARG:-151 84 -81 -136 -184 85 -235 -218 170 -46 -139 -226 -79 -247 120 -189 10 50 -49 192 12 -124 -233 -160 190 -112 -206 80 108 -51 4 203 37 232 -153 113 16 86 -34 165 -74 -19 46 -113 -17 -125 53 -6 228 -178 -180 -95 -176 -91 202 -15 238 103 215 5 153 -225 -237 -152 131 -156 -29 69 77 -143 243 127 17 -169 229 227 -16 230 -248 152 -55 -146 -221 -223 194 -244 -236 -241 -157 98 -87 231 -198 72 218 149 -2 128 -187 -108 -119 -77 -120 51 -116 -62 -129 58 -23 112 41 -159 237 247 138 -144 19 246 -185 -10 -201 167 105 -207 241 -114 -115 106 163 48 168 133 214 180 -85 196 89 143 92 125 32 -220 137 68 156 216 -117 -26 65 -67 -103 26 140 -234 -172 193 177 204 160 -80 126 52 -70 33 -100 119 114 -250 -33 27 -98 242 213 -65 45 21 233 -110 155 235 59 -39 -121 -128 -142 135 123 -174 184 -245 -131 -167 115 169 82 -173 -148 118 29 -5 -44 209 212 121 -149 40 -213 56 110 -147 64 -12 -229 -109 2 -240 -135 201 100 -158 206 223 208 90 236 20 39 -165 -78 -192 -83 -64 -61 -214 146 -190 61 188 111 -69 -166 159 99 109 -25 -127 205 -63 15 147 -230 -193 36 -249 -137 63 141 -210 57 244 174 -231 117 217 60 79 -72 -86 -145 221 -186 -102 124 102 -177 -41 44 136 23 -38 -7 6 198 73 -36 -133 -3 -104 -99 -8 3 162 96 -53 139 11 225 191 -54 239 -45 150 207 70 -57 42 31 -140 -20 76 55 18 -134 -150 97 67 -138 83 -92 -101 -161 104 -88 195 74 -11 78 161 187 -14 88 -195 -58 -211 -82 9 93 129 -24 226 176 -219 -89 -9 -164 -215 -197 -96 -30 -21 -50 -203 91 -162 -1 -31 49 -196 -208 -118 -181 -105 -188 -56 -4 -232 -28 -170 -43 43 -222 -37 -205 -202 -179 222 -155 -171 95 0 -228 183 -238 87 -168 75 -13 54 22 -60 -42 -97 166 154 -123 -107 240 142 -22 210 94 173 186 134 -239 -217 -84 -191 130 -243 -194 -71 -200 248 -111 164 -52 -163 245 145 -199 178 -183 -227 -94 -212 -76 -154 189 8 -224 13 144 101 -130 -246 -122 -18 157 172 -216 7 200 249 47 14 197 199 -32 107 81 -75 -59 -48 66 71 -27 224 -182 -126 38 171 -47 234 34 24 25 220 -141 181 158 -40 -204 175 -68 132 -66 148 -175 185 -132 -90 122 -93 182 211 -35 116 179 28 -209 30 62 -73 219 -106 151 -242 1 35 
TEST 188 ARG:-154 -111 124 -141 191 122 6 173 -31 -132 -152 80 -70 245 -77 188 47 -142 70 195 -18 -84 235 162 165 -93 101 237 -61 -162 -72 -208 233 -163 46 205 -15 -7 -221 -157 108 -185 42 -101 36 -160 96 -250 -233 -80 1 189 50 -228 -90 220 -226 -42 249 -150 206 -48 -209 119 203 -40 76 -139 59 -44 -96 -122 176 -46 25 196 -158 151 149 103 183 -212 -217 -198 202 171 -137 193 -206 174 -33 152 35 -45 -232 100 -231 -179 230 -238 -148 97 -27 -60 -248 89 169 -170 -218 -52 216 -223 52 175 194 182 -86 5 -131 -79 -177 114 -37 -211 -229 67 38 14 155 -43 212 -140 -147 159 141 248 225 244 92 -249 -81 -74 -64 23 129 -56 -78 154 135 30 -103 -76 240 -28 106 -151 218 -165 -63 222 112 17 -133 107 -104 56 167 239 49 163 190 -134 -159 -120 19 208 -29 -8 -12 71 118 -245 186 58 -186 123 137 -194 -166 -59 -54 -188 179 95 -239 -38 -99 64 217 -11 -222 117 -6 -75 -181 -116 198 -176 -191 -21 12 144 128 -22 -100 180 83 8 -244 -114 -14 -36 -30 -16 27 -108 -178 -175 156 232 31 -200 102 -107 -215 113 -26 111 -182 -136 145 93 62 -167 -3 32 69 148 40 132 -192 -25 -41 -2 68 121 -85 146 -144 -1 45 -242 236 -49 11 -234 -10 147 -172 184 73 109 192 86 75 204 -174 138 74 24 -57 125 -55 -153 44 213 -237 -117 -83 -205 -73 84 -118 -102 -171 -95 -164 -173 99 238 -193 -156 16 -197 51 -53 209 170 -71 -47 -113 231 -91 139 197 227 -149 110 199 2 224 48 -214 247 142 -115 15 -241 3 120 116 166 229 -88 143 214 134 -138 -201 55 -216 177 -58 181 22 -168 66 -51 207 -65 39 136 94 85 91 -126 -23 -202 -82 -204 221 60 158 -35 -68 -87 127 -69 -5 -109 77 187 126 -34 -62 -224 115 -236 -169 -247 -20 88 242 185 -235 -243 -13 0 -92 7 178 10 -128 13 157 21 63 -123 34 246 -129 -210 9 -135 -32 43 -66 78 -196 -94 131 -112 228 215 -246 -9 -184 -203 -227 140 -146 -189 61 -225 210 -220 -145 241 -97 -24 37 -105 -110 -19 211 -143 219 65 57 168 28 -119 133 -199 226 33 53 87 -183 -121 200 -125 130 72 -4 105 161 -230 -17 41 -130 82 -187 172 -213 4 150 -124 -106 104 -195 201 -207 -190 -219 -180 -161 -240 54 20 29 90 81 -155 160 -67 -50 -98 79 26 -89 243 98 -127 153 164 234 18 223 -39 
TEST 189 ARG:68 197 44 0 -33 131 55 -86 145 -216 148 -246 90 208 4 -3 -166 -115 112 1 -153 -81 -82 98 26 -194 127 -131 84 -80 -243 249 169 -57 -92 81 228 116 -36 -149 82 38 183 -201 212 -49 25 -247 -160 -178 236 133 -188 20 -148 29 -250 59 158 150 -245 -5 -100 63 54 -211 -55 -4 78 -40 -150 209 -41 13 33 -2 -66 -185 -124 239 -137 -118 134 -103 -177 -234 10 195 43 -17 245 69 -144 34 -8 189 64 -237 107 -248 95 196 42 -132 -72 3 -235 -51 181 221 -73 -199 -162 -113 -114 139 -156 162 -52 152 72 129 191 47 136 28 -104 -89 137 99 -202 205 -191 -227 30 -205 -107 113 130 -83 -133 -71 -163 27 23 -35 247 -207 174 159 -151 222 -60 160 163 -38 76 88 242 241 106 115 -101 -186 194 -146 237 118 234 -225 49 65 -145 -126 -102 91 -39 -94 135 -154 -11 126 86 -31 58 215 -138 -123 -108 51 -125 119 202 -26 -232 79 -111 -87 77 -208 248 -135 8 -30 -95 -161 -9 -99 184 -56 -184 -182 -174 -77 161 179 -195 48 -53 60 -15 -242 240 -212 -130 -203 -129 230 -50 2 207 -180 149 101 40 -241 192 -63 154 14 -106 -128 168 85 37 -136 157 -79 -120 120 21 -121 35 235 74 -233 -214 57 226 243 -159 -226 -168 -7 -192 -140 18 -64 102 -19 92 -85 -44 108 24 224 213 36 11 -42 -147 75 71 -215 206 -65 -6 6 -70 227 -27 -1 -200 231 -139 -12 178 -18 -152 73 -47 -176 89 52 -196 -219 96 93 -244 200 41 177 -97 165 -189 173 153 -173 187 175 -58 198 -230 -48 80 -141 -29 193 -116 67 151 -90 176 -23 53 125 114 216 -181 124 220 -28 7 190 203 -249 143 22 19 -84 -14 128 12 246 122 -10 144 232 -119 138 -54 -224 123 -169 -193 146 -91 -112 170 -110 -209 -172 -76 -13 17 -197 46 -221 -198 164 -231 -69 -22 -229 217 -59 186 -16 141 -62 87 156 32 -171 -68 -105 -88 -109 -213 -238 -239 -164 -222 225 70 104 -236 16 -67 182 166 121 204 -157 -98 83 109 -75 244 56 238 -37 -190 -32 -187 167 -25 -167 -179 210 -74 140 -204 218 223 -93 -20 -45 -175 172 -21 -96 -117 199 94 105 171 -206 147 -220 9 -183 -134 -122 201 -228 -240 97 155 50 -210 103 -158 -223 -165 233 31 -34 39 219 185 5 66 211 -218 100 62 -43 -46 180 -24 15 132 110 -142 -155 188 111 214 -127 45 -61 142 -217 61 117 229 -143 -78 -170 
TEST 190 ARG:-106 201 -59 -148 244 165 -248 86 59 61 39 106 -30 220 -78 -186 -218 -43 221 81 229 158 -192 -142 -69 -135 -224 242 -28 88 -23 -77 155 46 -62 -190 -170 27 -83 182 62 -140 -166 71 4 -44 -141 -111 55 98 -81 192 -35 26 206 -113 -178 -234 -205 128 133 13 -38 82 119 178 240 -184 -223 44 21 181 -100 -45 -243 145 169 -164 -239 -134 204 42 -149 96 245 -65 215 196 -204 -136 84 -129 83 47 -102 -175 -179 -4 -27 -222 57 108 -85 32 33 120 -233 -193 -244 216 -163 -208 80 -200 -197 -8 -60 -137 -138 -33 -152 54 -50 167 -80 -144 118 -159 -92 -247 -227 -150 -90 50 -86 -2 35 48 60 222 172 125 -237 232 231 211 19 157 109 -167 20 -156 14 65 156 107 194 52 114 -122 -235 11 73 -165 -199 -5 87 -98 -13 -206 -53 -123 -58 -131 130 66 -210 141 210 199 23 188 -49 -94 185 -157 -114 -66 -117 -188 -9 174 135 -7 -75 58 104 43 -162 51 186 -146 93 3 -143 123 -127 -169 -250 -172 -121 49 89 197 -12 113 235 76 -128 -249 95 173 0 -68 -97 103 -41 -202 -215 -118 75 246 248 213 146 170 -64 2 -14 127 237 -221 142 69 -6 -109 -177 -74 153 180 203 177 163 36 -10 187 -242 9 233 175 94 -189 -101 131 126 90 74 183 -240 -168 -93 -63 38 238 154 147 -120 79 198 111 -214 -229 -103 -73 97 -22 209 179 166 -87 72 152 -219 137 31 -16 -54 78 99 -95 161 241 -1 189 -216 239 -112 5 -48 -17 -196 40 -198 -191 -18 148 -52 159 212 63 -47 -174 217 -32 -182 202 -194 -147 25 208 -180 1 -183 53 -104 -238 225 -105 -153 -126 -19 117 -20 140 -155 101 -232 115 -11 -55 205 -88 -203 149 234 92 162 41 -245 218 -241 -119 -24 22 -212 100 191 193 -21 -132 -57 -185 138 7 -115 144 139 -213 -195 -89 -209 -91 -145 151 -173 -71 121 37 -108 184 134 -130 -171 -176 214 28 129 243 -139 200 224 110 102 -37 -125 160 171 176 122 105 230 -99 247 -220 56 195 -181 15 16 168 77 -187 -42 190 45 228 -231 -207 249 112 -161 -46 -36 -25 -225 124 223 -3 91 -226 67 -76 136 -70 -211 -217 -110 -29 -84 17 -56 132 34 -15 64 29 -79 -26 -72 -116 -67 -154 -51 18 -160 30 -230 -61 164 24 -82 -201 -158 -246 70 -40 219 150 -39 227 236 10 85 -96 207 -34 68 -107 -236 8 12 -31 -151 116 -124 -228 -133 143 6 226 
TEST 191 ARG:-214 -234 -153 174 38 77 91 55 -207 239 -4 -144 -190 244 -123 -125 -185 18 16 -104 -148 -126 -226 -235 -194 -215 222 138 -94 -180 -212 140 -128 -100 141 -159 155 -216 -5 -91 -120 188 -186 143 99 -224 -173 -187 -141 -111 -210 -168 46 -101 32 223 52 -89 -47 -152 -177 170 -113 79 167 68 -3 25 -57 -106 -96 -200 -160 -169 85 142 -54 120 -238 112 -163 152 36 201 -79 4 0 -50 154 -49 -16 -116 -222 129 199 -88 26 -81 208 -127 45 171 210 114 -193 -198 -149 -243 8 -24 123 -48 -65 66 102 -17 204 197 177 243 -84 90 -221 -242 -183 -102 -131 -165 20 119 -13 104 -129 -230 165 -6 180 -69 -53 -151 -26 214 5 151 72 229 -189 175 -154 -147 -66 40 -93 163 -197 -204 156 135 -59 200 -95 -135 -202 -87 -43 -208 220 -56 -18 132 -121 110 -9 37 -220 150 41 131 196 -244 -184 122 -179 121 -205 65 -218 -130 -73 153 78 -78 -75 74 -158 178 -119 -63 226 93 49 203 33 -72 -231 -55 198 -199 237 84 -155 -41 -77 190 -122 169 205 -103 227 133 125 97 -86 127 -7 185 21 -39 -219 118 172 233 10 28 31 -162 -237 246 63 -70 -201 -172 -67 -62 225 -36 215 15 30 3 216 -25 -157 42 -19 -164 -245 247 134 89 236 87 213 -68 75 -1 126 -109 130 -97 -145 2 -133 -110 -14 195 241 -52 17 218 230 -167 -21 -76 88 -42 103 -8 -174 -150 242 -206 189 57 -239 53 -136 -117 145 13 105 231 -217 -196 211 27 -34 139 238 -38 -45 -10 -80 -228 60 193 50 -37 -99 58 -175 -138 161 -181 179 51 80 23 -33 98 14 -140 248 19 86 137 -64 -178 39 108 -137 235 48 232 -209 -249 -188 -241 -124 29 -246 22 1 106 107 71 9 43 94 -82 -92 147 159 -232 59 186 -2 -105 136 -247 -171 -58 -118 81 117 224 221 234 -71 187 -192 207 148 62 -28 -143 -195 164 34 -61 109 70 44 -11 228 -203 100 12 149 -112 168 -213 191 -142 245 202 192 157 -20 -114 -29 209 7 128 35 24 111 -156 -132 -161 249 -23 162 -236 184 -115 -108 -107 -225 240 -31 -211 113 -40 -32 64 -134 11 6 92 -60 -191 144 -90 -240 54 -51 219 67 166 116 206 181 -30 115 69 183 47 -139 -146 -166 101 217 124 83 158 73 -85 -44 61 -35 -46 -83 212 -22 146 95 56 -170 -176 -74 82 -250 -233 -98 -27 -182 173 -248 182 -223 160 -12 -227 -15 76 176 96 -229 194 
TEST 192 ARG:89 70 216 -87 213 200 -85 23 -139 66 168 -209 -48 -22 -37 208 26 215 -115 -195 -110 209 -80 113 47 172 68 106 160 207 -134 22 -173 -34 -167 -215 -157 185 -73 -77 -100 -1 90 187 57 -156 204 -183 88 -42 27 -67 -178 -60 96 67 -211 203 92 -177 -3 -228 -131 166 -151 64 -245 112 54 126 -53 12 40 -127 -205 -69 193 -49 231 35 -96 -79 -147 -191 -93 -59 -112 63 -119 -68 -237 -184 173 -201 -15 -55 122 217 -242 198 229 -179 78 236 -121 36 -39 -57 248 -32 -162 212 -74 227 239 -190 37 -233 -150 -143 -197 177 176 -222 179 -229 -224 -227 6 -160 -137 -20 -170 -145 -249 -91 -232 114 101 -230 225 33 -72 -126 155 -102 -17 -176 238 98 -33 72 -16 240 161 -25 -27 -236 169 -118 141 -31 105 -95 58 83 205 181 -234 -142 234 -111 139 210 183 197 -204 242 -221 71 136 165 110 11 117 81 3 -240 -161 162 -136 -70 -168 138 -92 145 196 21 -231 15 -107 133 73 226 -241 104 146 74 -88 -38 237 -152 41 -124 140 87 211 39 -99 228 182 135 221 -125 -171 -207 171 -2 86 116 -194 -214 95 9 19 147 -12 189 244 -9 -86 150 -155 -243 5 -6 -187 48 120 -8 4 107 158 -138 -149 -76 219 186 91 148 -226 -141 111 103 108 -109 44 129 -123 -210 178 -78 230 -66 -186 152 56 85 157 53 43 50 -185 20 137 206 194 247 34 -89 -188 159 -220 180 124 222 -133 -182 188 0 29 245 -29 -122 -51 153 -223 -82 190 -83 -7 -84 134 -203 1 -4 30 24 -81 151 -128 -64 249 -169 17 -41 -65 -193 7 -30 94 144 18 45 62 -103 -63 51 199 128 -216 -165 131 241 -97 49 170 163 202 119 132 -71 -130 -28 -113 -166 115 -172 25 -213 218 -246 223 184 123 -90 -26 -13 10 -140 -105 -62 142 -244 77 -18 61 -116 -217 235 154 -106 -36 -10 99 -164 80 -153 38 102 -206 -250 164 -108 -208 31 -54 16 -181 -159 195 149 55 -11 46 -238 32 -248 14 167 52 -132 233 60 -135 69 156 220 -120 -46 -158 127 75 121 232 -35 -5 224 174 175 214 -24 -154 -235 -196 93 100 13 -225 -44 -218 -202 -200 -129 65 -148 76 -61 -239 42 -98 -192 -58 -101 -146 -47 -198 -14 -144 -212 -21 125 -50 2 -180 8 28 82 118 109 -219 -19 243 -114 191 -43 192 -23 -117 -189 246 -45 -40 -75 -104 84 -163 59 -56 -52 201 -247 143 97 -174 -199 79 -94 -175 130 
TEST 193 ARG:50 28 3 14 -74 112 89 -35 185 -124 -190 -2 -47 -10 197 109 73 -60 -140 248 -1 -143 211 173 -174 -19 -196 -183 246 -250 189 -213 -116 163 98 45 -11 -9 155 200 229 106 194 207 -173 48 -27 -185 -132 133 47 -169 125 -156 -69 -136 26 137 38 201 -219 -102 168 82 76 -206 238 -85 172 -99 138 88 174 90 0 -107 -100 -177 -32 -165 124 63 -145 -3 59 135 -224 -88 196 -207 223 -42 99 62 186 -210 55 -155 167 180 -40 -70 -142 51 37 -73 206 -137 -63 147 25 -211 -166 -125 212 187 -164 232 94 -33 241 -202 -106 8 184 -188 -94 129 41 136 91 182 145 -21 87 -30 -41 242 153 -208 -54 -176 -93 12 -209 142 -158 -52 131 -186 96 -113 -98 -214 64 15 -112 152 215 -120 -201 175 39 -178 -215 -149 158 44 120 114 -71 -26 157 -48 -13 21 169 -189 162 -225 -203 -222 -65 199 30 16 -18 -160 -97 100 -242 103 40 220 -56 -49 69 60 -16 151 85 -194 -90 222 -233 126 166 156 -6 -109 -51 61 -150 -118 -111 192 -20 -104 -79 68 -154 -148 -128 244 217 204 -152 121 42 104 -226 -12 27 144 143 53 -167 -239 -230 -43 71 -39 -14 65 -72 22 36 -235 115 -95 -195 176 159 -240 95 -193 -36 227 178 139 -184 -197 154 -115 -199 -15 181 2 160 235 113 -223 -247 247 195 -192 -172 29 -244 -4 5 70 -245 149 -101 -50 -87 -23 119 -216 23 33 -122 -248 -212 -59 202 19 234 -57 -5 -126 -147 183 -138 -80 148 -144 216 31 249 -243 -141 102 240 -64 179 18 67 191 208 -22 -8 116 150 -231 97 -130 74 -7 -44 92 -89 -181 -135 -133 -84 -105 214 165 -236 -24 52 -182 225 79 -108 101 -218 -180 -127 80 -217 9 -123 -38 209 -66 84 10 236 127 -34 -232 161 93 57 -151 -220 17 -62 203 -228 86 -28 146 205 118 1 54 -241 20 -55 -78 221 46 13 -187 122 -117 105 -161 -249 -121 -82 -234 198 35 -162 -103 -204 193 58 -237 -163 34 224 -81 24 -200 77 141 110 210 -114 239 140 128 -53 83 107 134 -170 -205 233 130 66 75 -37 72 -159 117 -229 -45 -58 231 -110 -91 -171 56 43 164 -46 -83 -221 243 218 -61 -246 -86 -191 -96 -92 -129 177 -134 226 -25 -238 6 -67 111 -68 81 -119 -77 -198 -17 -139 -179 190 -175 7 188 -227 213 170 245 78 -131 -168 108 123 -157 49 -31 -153 -76 11 4 228 230 132 171 -29 219 -146 32 -75 237 
TEST 194 ARG:-207 -229 -152 210 -66 67 -57 -64 -30 133 106 -29 135 -100 -51 189 -134 -120 -52 -140 -213 76 205 -78 125 22 -92 -94 119 0 -7 -59 -46 -217 181 -115 163 -61 83 -233 171 -19 -56 147 -183 43 230 -80 238 136 17 161 -130 38 -89 -28 229 -165 221 37 188 -146 216 -44 -49 5 -86 -167 236 140 -227 -48 117 -222 101 173 108 167 196 193 -105 -173 -184 228 -159 -85 149 -243 123 -185 153 152 29 -2 -32 97 -112 -138 -191 -248 39 -75 179 -208 -77 79 -241 -79 180 -129 183 107 40 -219 -212 -211 121 217 232 -177 -202 75 1 -122 134 208 113 9 -74 13 -45 151 -168 206 118 202 -126 91 45 -139 -87 77 8 -224 -180 -47 -43 58 170 -174 222 -18 -209 59 52 -121 -11 -118 30 33 -97 -172 -195 -102 -37 -53 191 -235 110 -99 11 178 204 146 -109 197 -113 -206 87 213 -70 28 -240 220 -161 69 -21 144 211 51 -36 -148 137 138 15 203 -203 -132 35 -17 -200 -157 111 -81 19 -237 -93 -141 132 36 96 74 -226 244 94 16 -198 -103 175 71 212 53 116 219 -215 176 -31 -98 -41 48 231 49 63 85 -156 64 109 4 157 112 -163 -170 88 -25 -201 -186 92 -250 -90 31 165 -216 -193 -158 -91 -114 -20 226 155 -232 -111 160 -160 -155 -71 131 241 243 -223 -249 -135 -38 248 -188 150 21 154 237 -110 174 -236 66 114 207 -131 -244 65 -242 218 166 199 -145 214 46 194 57 -107 127 172 -154 115 -8 82 -181 162 23 -5 -194 14 -133 184 -192 95 -3 186 120 -151 -246 130 201 -171 234 224 -50 -182 -33 195 60 159 158 -197 -67 177 185 -84 102 -210 -63 61 122 -204 3 -26 200 -228 -179 -14 -83 -106 -27 233 198 128 -153 -22 139 42 10 124 -190 215 -166 -220 141 -95 142 -24 93 54 99 209 68 169 -143 86 148 242 -149 26 249 104 -60 -169 -221 50 105 -96 -124 47 55 145 -72 6 -187 235 -15 98 -127 -247 -199 25 187 247 190 -104 -225 -39 -73 -108 -230 -147 -150 -234 223 129 -9 -10 143 41 -23 -245 -62 -88 18 192 -1 80 -136 -69 156 -164 24 20 70 -137 -82 239 -162 12 245 -231 240 168 -6 56 -58 -68 -239 126 103 -214 -116 -101 -142 62 7 -54 2 -42 84 89 -16 182 246 -35 81 78 -238 -125 -123 -34 -178 -65 34 -119 27 -117 32 -205 225 -176 -12 -175 72 44 90 -13 -40 227 -196 -4 -55 -128 -76 -144 -218 100 -189 73 164 
TEST 195 ARG:-91 243 175 79 105 57 -54 -50 -194 -127 35 167 -230 120 -62 -212 -130 189 -168 -121 -108 125 -125 169 72 83 240 -24 -146 45 -184 224 77 -205 -173 -144 232 172 211 102 -111 184 133 111 -206 212 -106 -7 64 -49 104 -35 194 -188 -150 -202 -139 110 241 -237 174 -28 -216 119 106 112 89 -222 -75 -60 23 -233 0 -193 151 -74 218 -236 163 236 22 134 78 -26 -94 217 118 -135 97 124 -4 -152 5 -170 -43 -221 81 -69 -131 200 -114 -162 -234 -85 -107 -17 -126 -122 -227 84 -101 -102 206 -181 73 15 122 49 156 201 246 -11 132 -191 -8 -13 75 42 -51 56 -58 -18 39 -174 -93 231 -166 237 -178 -243 -23 229 -76 239 33 190 67 -71 7 155 195 -249 -117 -231 -88 29 -208 115 50 86 137 182 -32 183 -190 20 1 117 -63 223 108 -138 17 53 221 -229 -46 -57 -156 93 -176 -3 -223 -33 -225 -39 185 220 -183 191 -167 -38 -98 -37 126 -30 129 205 226 -92 146 -86 -244 145 -159 -42 -235 214 234 37 16 197 -241 213 128 -200 -19 152 147 107 -73 238 -12 -147 19 -128 -211 225 -204 71 -180 202 113 -55 -151 100 153 196 138 -129 -59 140 -104 149 -16 -169 82 -53 -177 -29 8 127 168 -220 116 -172 60 -44 -10 -87 -80 -134 -120 -142 154 -105 44 233 54 123 159 -97 -82 40 62 -242 11 141 -70 66 204 -47 -66 30 235 70 -214 90 -195 198 76 -124 -199 131 -215 -118 31 164 103 -201 -79 18 109 -141 -61 187 222 46 -99 179 25 32 51 61 165 85 -248 -198 74 -21 -2 170 92 177 -250 230 -103 -48 -109 245 171 87 -182 -5 69 10 142 -154 12 26 176 157 -240 -40 14 -72 219 -68 160 -84 -90 244 91 161 227 101 210 139 -41 -45 178 -112 43 36 94 192 -137 -36 2 -89 -15 -247 -219 -95 -210 -56 -203 -196 -136 55 130 136 166 203 162 208 180 -77 24 13 -163 -164 3 193 -52 -67 -228 -165 -192 188 -27 21 158 -246 247 -14 28 -224 -140 148 48 186 216 -25 209 -143 34 27 95 -197 96 -161 -34 -64 228 -100 80 -9 -158 47 58 -116 -226 -217 -179 52 -20 38 -157 144 68 248 -145 -81 -186 -96 150 -209 99 199 -113 143 -83 -232 -133 -132 -110 -6 114 -189 -123 -155 -171 -218 -22 -148 207 9 -187 65 -78 -119 242 -213 173 -153 -239 -115 -245 -1 98 249 181 59 -185 215 6 -149 4 -207 -238 -31 -175 -65 88 121 135 -160 63 41 
TEST 196 ARG:-16 124 41 -75 -47 -137 44 -142 87 -14 -125 -52 239 198 104 119 166 -7 -170 -9 -220 -24 133 219 -236 -175 134 -149 -227 174 108 -202 92 185 -230 95 -226 56 232 -228 242 -210 -195 74 122 207 106 -143 193 172 216 240 227 93 64 26 -173 68 189 121 35 -238 -156 -139 -10 -129 145 -199 -77 -174 -240 -39 213 -246 -119 -120 -57 -123 246 -136 -97 168 105 13 -114 226 228 177 237 186 -224 249 221 20 -54 -33 -198 23 224 60 -90 16 217 7 109 160 78 21 -2 233 -42 111 176 -115 238 -67 -153 -201 116 -11 79 194 -19 150 65 -135 -36 98 6 -3 230 -94 247 -50 -13 152 -154 -30 -79 -127 167 206 -167 141 -41 62 50 -178 -148 82 149 86 110 -145 -237 40 -110 67 58 -186 -200 -180 -158 218 12 -203 222 -185 15 -204 197 100 -194 -44 -64 11 144 -83 -59 -206 -4 -65 -96 -233 205 76 204 -48 -108 -152 63 -99 47 131 188 245 -12 107 129 163 -68 -109 181 -225 192 154 -89 81 8 220 32 84 -22 -5 75 225 -35 -140 -26 137 173 -80 -216 17 -141 -103 142 -112 244 -197 94 -159 190 -190 -82 -18 -17 -205 136 -160 127 96 101 243 102 83 -45 -177 -55 -60 10 -131 19 118 236 -29 -213 146 -87 54 120 -58 235 -181 123 -8 148 -132 43 158 52 -49 53 4 184 -150 -245 88 199 61 -122 201 -88 -56 -163 -247 -106 -32 2 223 5 -144 59 -162 -209 -239 113 -243 -241 -157 -101 69 155 -188 -214 248 -6 -81 170 30 3 128 159 -113 -104 -117 -61 157 135 -116 209 -222 -71 191 -70 -37 -187 89 -234 -249 164 115 200 -184 211 37 -212 203 -138 -191 132 -235 -189 178 140 33 -118 139 153 -38 22 97 99 31 229 27 28 -78 103 36 125 -21 -73 -66 38 -171 24 -105 175 -128 -196 91 42 -164 215 -63 1 49 -126 55 -51 -43 85 -242 80 -218 202 171 -229 -72 179 66 34 90 -172 -93 -155 72 -98 -74 45 187 -192 -15 -215 -84 -176 -1 147 25 -232 -183 -100 126 208 -53 70 -23 77 -248 -182 -146 162 183 -161 14 241 -193 -86 -208 -221 234 -92 -25 -95 -91 -102 -211 0 -166 -179 -231 -124 151 -207 130 214 46 231 -107 39 -133 9 156 57 -244 -121 -151 -134 212 -69 117 -28 -34 -168 -147 51 -40 -111 -31 143 -20 161 138 71 -219 182 -217 29 -165 180 -130 -223 196 -27 -62 73 -250 18 169 210 -85 -46 165 -76 112 48 -169 195 114 
TEST 197 ARG:-14 -39 183 -33 -41 -210 230 244 10 -152 158 212 38 -204 90 -208 -176 98 -189 -126 -127 -134 146 100 248 -207 -99 9 -187 -102 -142 184 -98 58 106 20 -124 160 -7 208 125 -3 -153 -106 80 213 -101 27 19 238 -47 -178 -156 -34 -201 -118 -198 -197 26 -116 -61 116 -49 67 -222 88 -62 134 -40 -216 219 -75 -60 -137 -151 -1 127 117 175 -22 -161 153 236 22 155 43 164 162 189 -184 -90 -212 8 246 -79 6 53 -166 17 132 -220 -130 121 197 119 224 243 -70 -5 25 211 234 -181 -97 -117 -223 -196 171 -186 -246 109 -248 -112 -86 -4 91 -139 130 -52 145 -59 173 209 64 -74 -24 -148 -25 151 -20 206 59 -177 142 -157 -221 -81 163 -158 -227 -85 242 128 23 232 -44 176 21 180 -67 -133 -65 -209 -172 -154 -131 227 -2 -144 75 -195 69 32 35 165 -225 -63 -200 237 87 105 228 110 52 57 63 -136 223 94 186 -88 247 -155 133 -165 138 112 -243 -91 -135 123 -13 108 124 72 97 190 -242 -125 -245 204 36 -237 -108 -234 78 -141 70 129 159 83 3 40 156 167 96 42 126 77 79 12 -37 54 5 -23 -9 210 -84 161 31 -21 -120 -36 -230 122 229 225 49 -114 -149 -11 68 217 30 14 -46 203 150 -147 -30 60 66 -205 -168 -244 37 0 235 -238 -73 -56 -173 -28 -183 48 -104 222 39 -239 174 -50 -43 74 196 113 62 215 -219 -80 -17 -103 11 81 102 233 89 -121 143 139 1 -215 -140 -68 84 -206 169 -119 15 33 16 166 -211 46 154 104 193 198 65 -8 221 -188 -93 -202 188 144 -48 -129 -64 231 45 199 107 172 95 114 -190 -228 201 -77 -15 -92 -18 -214 136 194 76 245 -32 -16 86 -100 115 73 -217 -218 -38 -107 168 -226 47 -241 135 -192 -232 -179 61 -115 82 192 177 -109 -76 -233 226 152 7 -89 24 -249 -167 -224 -10 220 185 13 -160 -236 85 207 18 -185 28 -78 -94 149 50 -110 -95 157 -146 29 141 111 71 -235 241 240 -31 -171 -122 -105 -111 -82 -193 -143 -42 -113 239 -170 -83 -250 -182 216 -19 200 249 218 -6 -123 -57 120 205 -66 -199 -58 182 2 170 -150 118 -132 147 -247 56 -55 195 202 -163 191 137 51 214 -27 -191 181 103 55 179 -240 -194 -53 -138 -180 178 4 -71 140 -145 44 -162 -175 93 -169 131 -164 -69 -26 -159 -51 -174 -229 101 -45 34 -213 -54 148 -29 -12 41 -35 -72 187 -203 -96 92 -87 -128 99 -231 
TEST 198 ARG:114 -63 248 54 91 222 166 56 247 101 23 16 34 -46 60 -107 -241 21 46 214 244 13 117 121 -239 63 -55 -96 -24 104 170 -187 -56 -37 241 -148 100 227 -36 218 -127 41 -207 -122 -233 155 185 140 201 123 61 120 37 -68 -74 24 40 44 142 -161 -211 127 178 223 -121 126 -209 -79 112 245 217 -17 -98 70 -141 144 81 215 122 -59 -104 51 -240 -162 -228 -194 176 49 -84 -169 -170 -10 86 -91 39 -186 -126 -9 242 -165 29 168 -7 -202 -34 238 18 151 -176 89 -242 -147 210 200 -182 87 131 -168 -160 -89 4 -48 -184 -142 -105 45 -54 -57 -226 -236 196 -153 -229 202 226 -145 234 35 106 -219 186 159 -150 2 230 9 115 -212 79 -197 -131 -199 -136 235 157 -156 -51 -245 -45 -243 160 -93 65 -191 -128 147 187 -167 -47 -181 -247 -231 -22 199 -178 28 133 249 216 -19 -90 -5 179 236 213 -16 72 237 156 30 209 -174 -33 -83 -95 -129 180 -86 219 94 -192 38 76 -26 -85 -220 240 97 -123 -40 -155 -222 -27 -50 19 206 113 -232 139 -235 84 137 -94 169 20 67 74 -44 -172 -134 192 154 153 -21 -163 -152 128 -1 136 -88 146 -158 6 190 -70 -138 78 -73 -143 66 165 12 118 -6 130 -205 -175 10 96 5 -135 -249 -4 -230 -80 -114 -117 135 110 62 -224 -109 -110 -92 116 -198 22 -185 -217 -28 -179 -64 -87 -159 203 15 243 8 167 -189 -78 -97 -75 26 -67 42 -124 183 -132 -215 -42 -72 175 -119 -196 107 -149 125 -8 47 3 224 53 52 80 -76 -115 191 102 -102 -20 208 -39 -140 -77 -112 -58 -204 93 105 -206 -35 -82 -103 -30 -111 90 194 138 -69 211 173 -120 -18 73 145 32 36 108 11 -180 -81 -244 -113 -171 -41 48 174 99 -210 231 -225 7 134 163 -43 68 246 193 1 177 143 -216 225 -52 -139 182 103 148 -221 -201 17 71 -3 -62 77 -183 239 149 -108 129 -25 58 181 50 75 152 -144 -61 220 228 -238 85 -71 -173 -15 184 -248 69 158 -227 82 27 -250 207 119 92 64 -190 -203 -200 -13 -166 -146 -32 0 109 -133 -49 -237 95 88 164 -234 -195 -208 -65 212 171 -137 -38 -116 -101 232 124 233 -130 189 197 -23 132 -213 195 -60 14 229 -151 -11 -164 59 98 55 -29 43 83 -218 111 -154 141 204 172 198 150 -2 25 -125 -157 31 -99 -66 205 -100 -193 161 -14 33 -188 -53 -214 -246 -31 57 162 -118 -12 188 -106 221 -177 -223 
TEST 199 ARG:193 31 61 176 -218 -33 -73 -94 194 157 -52 195 -210 74 185 98 147 181 -165 51 -55 -235 63 10 -60 111 -200 86 56 100 -139 -232 -121 164 177 171 17 -141 128 44 156 136 162 33 246 -212 49 90 -98 57 -84 -56 214 -89 -202 65 -109 -194 106 225 -245 167 132 -81 -10 165 -215 -185 -174 244 80 235 104 123 -1 -71 -7 154 101 -149 199 -13 107 -207 -246 247 35 -72 202 64 -29 -9 -178 124 -107 -224 76 160 27 45 -5 -154 68 -153 133 -44 -112 139 230 200 191 150 -213 -106 121 -111 109 237 34 -77 -63 215 91 238 73 -140 7 -120 26 -24 -114 -43 117 -250 -101 -135 -226 173 232 -129 149 -123 -248 -59 222 8 -238 -187 -170 -234 -21 224 -171 130 99 -228 -239 82 9 16 -162 -93 -126 -57 -78 211 -247 43 -58 -66 178 144 -91 62 161 -219 105 118 -49 21 142 -188 -221 -34 -90 22 -192 131 175 -138 186 36 97 -64 -105 -6 204 75 -148 -61 0 -85 -169 95 183 241 87 -173 -168 218 239 -146 -189 113 -83 -36 37 -102 151 -100 40 85 -157 138 122 -99 -131 29 -137 -230 245 11 242 4 -175 23 1 5 47 -197 -133 227 197 -87 38 50 -223 127 -65 -241 -32 41 6 -124 54 -26 -220 -163 -209 119 -95 -11 -3 -181 -118 231 -68 228 20 72 -113 53 -119 141 208 192 81 -67 120 -206 -193 -40 148 198 -53 -244 -240 -225 14 145 -80 180 -69 -179 -229 220 -28 -12 -152 169 172 -191 134 -199 143 187 236 -217 89 221 112 163 206 -183 213 -16 -35 103 -4 -20 240 243 -156 -158 -195 -237 -74 146 -160 -19 -25 219 152 -132 -128 -50 67 70 -164 108 -82 -180 12 -22 -88 -62 137 19 -161 216 114 -70 -196 -144 92 79 248 -167 226 -92 -54 -184 179 188 96 212 203 174 -15 159 -115 184 2 46 223 83 -186 -116 59 140 -249 -242 -8 -127 -45 -233 102 234 -150 32 55 52 -117 217 -23 189 25 229 205 -134 116 -143 168 -42 18 -190 135 -176 -110 -198 158 69 -14 -216 42 190 -104 -159 -136 -30 -155 13 -18 -222 -236 84 15 28 -2 153 -96 166 -205 39 -211 -243 -41 -182 -145 201 93 210 -86 -122 -79 94 -39 182 -142 110 -214 78 -38 -125 -204 -51 -227 207 58 -203 66 -108 -97 24 -151 -46 48 -17 77 88 -27 -48 -177 -31 -201 -76 -166 -37 125 60 -208 3 -172 115 196 209 233 71 -147 249 170 -231 -47 155 129 126 -75 -103 -130 30 
TEST 200 ARG:-92 8 41 28 86 -196 233 163 218 -79 130 183 -45 -101 171 84 204 189 20 89 -194 -192 107 -217 248 236 170 214 -220 127 62 -218 249 153 151 -4 -30 -20 -19 -81 -52 33 58 6 61 -126 133 71 -147 -77 117 137 226 70 22 53 -46 -193 -107 136 -157 116 -70 -112 -171 111 87 -131 24 15 -43 60 -82 -182 -103 211 -148 5 -111 -124 -235 -38 19 72 147 99 -14 3 14 -106 -163 191 242 -94 -247 -86 -29 -96 131 -138 -249 -128 -40 -150 21 -23 -139 114 240 168 36 229 -22 146 -213 -115 172 186 -51 207 92 49 -58 74 216 181 -87 173 -72 11 201 -229 198 -35 134 40 -97 -61 63 51 -89 -216 -224 7 234 76 -73 122 -26 68 -223 31 -165 -205 54 -59 103 25 -144 67 203 69 43 193 -241 -166 192 -248 0 245 -13 48 239 174 -50 -121 -67 -201 59 -236 -195 -191 -104 -234 39 90 -24 -120 104 155 -25 167 -219 -227 -11 -80 -74 -99 -250 -162 12 -186 -152 219 -214 -145 212 -66 91 55 -55 -151 175 -90 -211 -5 121 94 -153 222 -83 -36 66 123 -159 16 -132 205 243 178 -93 202 -225 -95 230 46 -232 -142 37 -32 185 -202 32 162 -88 -125 196 -17 165 -53 -113 45 217 -242 -68 38 26 -155 199 -230 150 129 -84 -164 231 241 -49 -108 80 237 -8 -110 -175 -42 132 247 227 119 176 143 206 -200 -2 -117 235 -190 -246 -60 145 188 50 139 110 -48 -62 -210 161 -198 238 246 -91 -114 -119 -156 95 -188 82 142 213 -18 -212 -178 -9 85 -243 209 223 244 17 18 -130 190 10 125 -116 169 -71 184 128 -129 -47 79 78 -6 187 52 -238 -209 -37 56 -118 83 126 -228 -85 -197 96 115 221 -221 -56 -154 149 -199 97 4 -170 232 -149 124 -226 -28 -143 109 -141 -64 -21 -169 -244 2 64 -98 102 148 158 -63 13 -123 -57 -136 -222 -233 88 81 210 -44 -183 -185 179 -231 -69 182 -140 -31 -187 112 65 -7 -172 166 138 -215 42 -161 -27 135 144 -65 35 -206 -208 120 106 195 -240 -33 -134 100 200 27 194 -54 -34 160 157 -184 57 101 215 -1 -174 197 -146 -177 -237 -76 -160 -158 -173 47 98 -239 -176 -100 177 225 -204 220 228 93 -105 77 -15 108 224 152 208 -39 141 34 164 -179 -189 156 140 -127 -207 30 -203 -12 -41 -135 180 105 -122 -109 -3 23 159 -75 9 75 73 -167 -181 154 -10 29 113 -245 -133 -16 1 -78 -102 -180 118 44 -168 -137 
TEST 201 ARG:86 -167 -20 -53 27 -93 40 -56 207 165 -122 -105 -83 11 -84 -92 -184 229 -205 184 141 135 96 111 -67 -91 51 196 46 57 -106 108 -42 -70 -201 68 151 -231 247 -211 148 -192 77 188 -171 115 -209 -31 220 136 -249 192 41 48 -45 -96 167 12 54 -197 -25 -189 159 -15 -187 183 2 -214 -59 166 -152 223 -213 -248 142 122 -206 -157 -72 174 -75 206 -154 140 61 129 -5 199 227 248 -142 -123 120 0 -182 -2 228 204 -114 -36 -216 -43 55 -16 -135 156 -172 139 -54 -219 144 31 -112 154 18 -200 -8 163 -147 52 160 -144 195 -220 201 66 -125 17 -235 70 -11 -50 -98 238 -236 9 15 -113 -177 87 98 -90 -140 -18 -40 -109 -14 249 90 209 -61 -246 43 -190 -127 246 -86 130 53 -163 -186 -195 -28 107 -224 230 132 14 147 -126 237 -238 -226 -133 30 -199 244 -55 -10 37 161 110 -33 -71 -218 -210 -155 -104 -234 -73 65 104 -13 152 221 172 74 -139 138 -148 64 63 -230 150 -156 189 -44 113 -30 -166 -159 -103 -68 241 -47 24 4 93 146 56 112 -131 -207 242 -99 -19 -146 -119 -23 -168 215 143 208 92 118 -74 -39 35 -243 -76 -208 38 22 -194 -174 175 13 157 -198 5 -149 -65 233 58 81 240 181 -134 127 -181 -179 23 211 -232 72 -82 171 60 243 -115 231 83 -12 -193 49 -136 -116 -37 -244 -52 -212 239 88 114 103 155 21 -110 -137 -178 -111 -57 73 193 222 -100 32 -60 125 210 1 -245 -117 42 217 80 185 126 158 99 -21 225 -180 170 105 -7 8 -170 36 59 137 133 232 -3 -151 -169 -58 67 162 -1 -202 -124 45 117 -6 197 -185 134 71 121 7 -94 -38 91 -132 131 -9 -233 -227 -118 -150 47 -97 -165 -102 -35 218 78 245 -80 89 -188 82 -215 198 94 -221 19 -153 -101 164 -241 -77 26 -222 -175 190 39 149 -49 109 194 -89 -69 34 -4 -62 -79 -63 28 -108 -141 102 44 213 -176 101 -191 -51 -24 169 -64 -225 -183 -223 219 -22 -32 123 -66 119 -250 128 97 -143 84 79 -128 -95 -247 -164 186 -158 -217 191 -162 -121 33 124 -26 6 226 -41 106 50 25 -239 145 -237 212 180 -29 85 95 -87 -173 -161 -240 62 -78 176 173 187 234 224 205 16 100 235 178 202 -120 168 -203 -242 182 214 10 -46 -107 -88 29 -27 -48 69 -34 203 -229 153 -196 216 -81 3 236 -129 179 -138 -145 -160 75 116 -85 76 -130 -17 200 -204 20 -228 177 
All size test
TEST LEAKS 5 ARG:0 1 
TEST LEAKS 5 ARG:0 2 1 
TEST LEAKS 5 ARG:3 2 1 0 
TEST LEAKS 5 ARG:2 3 1 0 4 
TEST LEAKS 5 ARG:4 2 1 5 3 0 
TEST LEAKS 5 ARG:6 2 1 3 0 4 5 
TEST LEAKS 5 ARG:2 3 0 6 5 4 7 1 
TEST LEAKS 5 ARG:0 6 7 4 8 5 2 1 3 
TEST LEAKS 5 ARG:4 0 3 7 1 8 9 6 5 2 
TEST LEAKS 5 ARG:2 9 3 8 6 7 5 10 1 0 4 
TEST LEAKS 5 ARG:1 6 5 8 3 10 2 0 9 11 4 7 
TEST LEAKS 5 ARG:0 3 8 5 2 1 12 6 11 9 7 10 4 
TEST LEAKS 5 ARG:6 12 1 13 11 10 5 0 7 9 3 8 2 4 
TEST LEAKS 5 ARG:0 11 7 14 2 12 8 6 9 13 1 3 4 5 10 
TEST LEAKS 5 ARG:6 15 13 2 0 9 8 14 12 3 5 11 7 4 1 10 
TEST LEAKS 5 ARG:8 2 3 10 4 16 14 13 11 0 5 12 15 7 9 6 1 
TEST LEAKS 5 ARG:2 8 10 7 11 1 13 15 9 16 6 5 4 17 12 0 14 3 
TEST LEAKS 5 ARG:8 15 4 0 14 9 5 16 11 17 10 13 3 12 18 1 2 6 7 
TEST LEAKS 5 ARG:7 14 10 5 18 6 16 15 4 12 0 8 11 17 3 13 1 9 19 2 
TEST LEAKS 5 ARG:16 2 15 1 5 20 0 19 17 11 9 18 4 14 12 8 13 3 7 6 10 
TEST LEAKS 5 ARG:11 15 13 17 9 2 20 7 18 5 3 1 6 4 10 8 14 16 0 21 19 12 
TEST LEAKS 5 ARG:15 8 11 19 6 2 3 7 9 22 17 1 10 21 14 12 0 16 18 5 20 13 4 
TEST LEAKS 5 ARG:10 14 22 20 23 6 13 9 18 12 11 2 8 3 19 16 17 5 4 21 1 15 0 7 
TEST LEAKS 5 ARG:3 8 14 23 6 10 18 0 19 15 22 9 4 16 13 7 5 21 17 20 24 1 2 11 12 
TEST LEAKS 5 ARG:2 22 10 5 1 16 13 3 19 12 18 21 9 17 24 7 4 23 8 14 0 25 6 11 15 20 
TEST LEAKS 5 ARG:25 3 26 1 6 15 4 13 5 19 24 22 9 14 23 17 8 16 7 10 20 12 0 21 18 2 11 
TEST LEAKS 5 ARG:18 17 10 26 25 3 15 7 14 8 11 20 5 24 27 6 12 0 16 23 9 13 2 19 21 1 4 22 
TEST LEAKS 5 ARG:12 11 7 19 24 5 9 22 16 25 1 0 14 10 4 20 27 15 28 17 18 13 23 2 26 8 21 3 6 
TEST LEAKS 5 ARG:20 22 4 18 23 19 17 7 5 15 29 3 0 6 25 16 8 24 26 11 1 21 2 12 13 27 28 9 14 10 
TEST LEAKS 5 ARG:16 17 24 0 1 2 18 21 30 6 29 8 15 20 9 14 10 27 5 7 3 28 22 4 19 13 11 25 26 23 12 
TEST LEAKS 5 ARG:28 19 5 1 20 3 13 22 0 26 30 14 25 6 24 11 29 31 17 23 8 9 2 27 12 7 18 16 10 21 15 4 
TEST LEAKS 5 ARG:18 15 28 9 22 17 10 7 21 32 31 30 16 27 6 19 2 23 14 29 3 25 13 11 4 8 1 12 24 26 20 0 5 
TEST LEAKS 5 ARG:23 3 27 8 16 15 28 5 18 7 13 11 29 1 19 22 12 17 31 24 10 4 9 33 2 14 26 0 32 25 21 6 30 20 
TEST LEAKS 5 ARG:3 32 24 12 4 5 23 10 0 34 18 22 27 26 2 31 21 30 19 28 14 11 7 9 6 16 8 17 1 29 13 20 33 25 15 
TEST LEAKS 5 ARG:30 32 7 22 27 13 0 8 19 28 3 10 34 35 29 25 1 9 20 16 21 6 2 24 5 33 23 26 11 12 18 4 14 31 17 15 
TEST LEAKS 5 ARG:4 9 36 25 20 32 31 15 6 28 12 3 1 23 2 27 21 14 29 5 7 19 17 11 34 16 30 8 22 18 10 13 35 24 26 0 33 
TEST LEAKS 5 ARG:30 36 15 22 11 28 27 4 35 23 17 2 21 5 1 6 34 13 16 14 7 20 10 3 12 24 33 31 29 26 9 8 25 0 18 37 19 32 
TEST LEAKS 5 ARG:38 16 18 1 28 19 24 37 2 5 6 27 11 34 9 0 4 30 21 15 26 20 29 36 17 22 8 14 31 12 10 3 23 35 32 13 33 25 7 
TEST LEAKS 5 ARG:35 37 9 39 7 3 15 22 4 2 0 11 10 30 24 20 31 1 25 18 14 27 5 12 23 32 13 29 17 6 34 28 19 26 33 38 8 36 21 16 
TEST LEAKS 5 ARG:20 25 12 35 29 39 37 1 13 0 19 6 15 5 34 7 38 21 26 27 22 28 8 23 14 3 9 10 17 24 16 18 31 36 40 32 30 2 4 11 33 
TEST LEAKS 5 ARG:13 7 30 40 19 1 38 2 31 14 24 26 32 15 25 27 22 21 36 10 4 12 16 0 29 8 23 41 20 9 28 17 35 6 39 18 34 3 11 5 33 37 
TEST LEAKS 5 ARG:31 1 7 14 11 9 33 6 15 20 17 41 32 27 4 8 40 2 30 12 28 21 35 36 24 34 37 29 26 13 25 38 0 39 42 18 19 22 10 23 5 3 16 
TEST LEAKS 5 ARG:29 32 24 13 2 19 42 5 25 36 17 40 39 38 22 9 10 43 31 37 14 33 27 30 23 3 1 4 6 8 20 15 12 41 0 26 28 16 18 11 34 7 35 21 
TEST LEAKS 5 ARG:3 34 0 39 15 17 31 11 23 8 13 40 1 44 5 35 12 26 33 36 21 6 27 19 42 14 25 41 24 2 4 16 10 30 18 38 7 37 43 29 9 32 20 22 28 
TEST LEAKS 5 ARG:19 1 30 0 14 39 24 31 12 11 35 45 26 7 29 15 25 41 23 4 17 21 32 36 20 27 42 16 40 18 44 6 9 5 8 10 34 22 13 37 33 2 38 3 43 28 
TEST LEAKS 5 ARG:15 35 29 0 8 28 34 17 3 21 16 22 40 26 5 2 38 45 25 23 37 36 18 19 39 6 20 31 14 43 27 4 12 30 9 10 33 1 41 11 7 44 13 24 42 46 32 
TEST LEAKS 5 ARG:25 32 6 47 24 20 9 2 29 44 18 10 28 43 27 3 42 0 36 5 39 23 40 15 37 30 11 8 14 19 34 16 7 45 33 1 26 22 41 46 12 31 13 17 21 38 35 4 
TEST LEAKS 5 ARG:34 23 10 17 47 7 3 42 48 40 8 16 43 13 6 9 11 19 27 1 20 38 36 15 44 35 28 24 29 0 32 14 45 2 41 22 46 5 21 18 39 4 37 33 30 25 31 12 26 
TEST LEAKS 5 ARG:33 25 38 36 26 1 5 10 29 27 13 43 40 31 0 21 16 4 22 24 6 12 45 35 17 28 23 46 2 11 20 15 32 41 34 30 42 44 39 18 37 47 8 14 49 7 9 3 48 19 
TEST LEAKS 5 ARG:6 0 30 24 35 33 23 16 2 45 8 26 27 34 41 14 32 29 21 28 17 7 20 50 10 12 39 25 19 37 11 38 9 3 13 42 4 48 15 47 5 44 49 18 36 22 40 46 1 43 31 
TEST LEAKS 5 ARG:21 4 34 37 40 49 31 0 19 16 12 27 28 35 22 33 9 39 25 44 15 2 8 11 42 13 6 38 10 5 50 26 30 24 3 17 36 7 20 51 23 1 14 46 32 41 48 45 18 43 47 29 
TEST LEAKS 5 ARG:10 50 9 2 1 19 38 28 7 46 18 4 33 21 31 20 32 43 0 41 6 36 25 8 49 12 44 14 35 47 26 13 22 23 17 24 48 3 37 42 34 39 45 30 11 52 16 40 27 51 15 5 29 
TEST LEAKS 5 ARG:25 45 29 8 12 20 43 27 17 0 10 38 28 13 30 22 9 40 31 19 6 41 14 15 37 51 32 42 16 48 34 3 4 44 21 52 18 50 2 39 7 24 36 49 1 11 46 53 47 23 26 33 35 5 
TEST LEAKS 5 ARG:34 31 10 3 30 37 29 43 21 4 24 52 41 7 25 27 1 54 23 15 20 14 0 47 16 49 22 45 48 39 33 46 18 28 13 42 53 6 9 51 32 40 8 35 50 17 19 44 12 11 26 2 5 38 36 
TEST LEAKS 5 ARG:13 15 10 3 18 5 55 7 41 29 33 16 11 45 32 20 25 26 46 50 14 42 52 19 24 51 9 6 4 35 12 23 1 54 43 0 27 44 34 36 17 28 38 40 47 37 31 22 21 53 8 49 39 2 48 30 
TEST LEAKS 5 ARG:49 26 13 44 23 21 16 34 42 31 51 22 32 56 43 5 52 45 11 55 37 3 17 36 0 25 1 47 15 8 35 39 19 10 9 54 20 12 18 38 41 14 2 33 6 40 48 7 30 50 27 24 29 28 4 46 53 
TEST LEAKS 5 ARG:38 30 12 47 0 56 37 7 50 48 55 34 4 39 42 17 13 45 54 20 31 53 41 29 44 57 35 26 1 46 24 22 27 21 8 14 32 52 18 19 33 2 9 3 36 40 49 11 5 43 10 28 15 51 23 16 25 6 
TEST LEAKS 5 ARG:32 12 50 6 28 34 8 30 44 35 5 23 39 18 22 58 48 42 46 14 38 1 31 20 0 7 15 54 57 56 41 55 10 49 47 43 40 13 9 51 19 21 4 52 27 33 16 36 24 29 45 37 17 26 53 11 25 2 3 
TEST LEAKS 5 ARG:27 15 29 48 3 34 56 43 53 40 24 19 21 6 33 23 31 44 37 22 41 14 7 49 54 1 12 42 59 47 39 51 9 36 45 50 32 55 16 8 28 30 0 4 46 35 58 57 38 11 18 13 25 17 20 2 26 5 52 10 
TEST LEAKS 5 ARG:52 50 9 47 6 46 51 44 18 27 42 22 49 24 0 17 55 59 1 60 13 4 8 39 41 25 32 29 40 2 56 11 14 33 58 16 43 10 57 5 21 7 12 54 38 37 15 35 53 48 36 23 30 3 45 20 31 19 26 28 34 
TEST LEAKS 5 ARG:12 6 26 46 0 50 41 32 59 29 36 9 48 2 10 38 28 31 22 8 44 27 7 35 30 56 15 25 17 42 21 3 34 1 16 52 54 5 45 51 55 19 40 57 20 24 39 33 43 53 37 61 13 4 11 49 47 60 58 23 18 14 
TEST LEAKS 5 ARG:32 0 19 40 35 48 7 15 41 45 20 54 23 50 61 22 12 18 58 14 2 49 30 39 47 62 46 21 3 31 17 11 53 38 57 52 37 34 16 13 9 8 26 59 24 27 1 6 60 10 56 55 42 51 25 33 43 5 36 44 4 29 28 
TEST LEAKS 5 ARG:62 36 45 25 28 7 31 57 24 60 49 58 23 9 33 22 50 54 59 40 20 27 42 51 0 47 3 63 10 32 48 44 38 21 13 6 55 56 46 2 11 8 1 14 18 53 52 12 17 30 5 15 35 19 43 29 26 61 16 41 34 4 37 39 
TEST LEAKS 5 ARG:1 23 57 38 61 17 55 36 25 20 10 3 14 50 58 11 51 22 27 12 8 41 34 49 44 40 0 48 21 16 18 30 6 5 9 2 45 28 52 62 32 46 35 33 31 59 42 37 56 26 60 64 63 19 47 53 54 15 7 13 24 43 39 4 29 
TEST LEAKS 5 ARG:47 51 41 64 60 3 9 26 63 17 7 52 59 37 14 20 53 35 49 44 13 31 15 2 22 30 65 8 38 36 23 1 55 39 32 24 10 25 4 58 56 29 34 42 18 11 28 0 40 61 45 27 16 62 54 46 21 50 43 5 6 57 12 48 19 33 
TEST LEAKS 5 ARG:57 25 19 53 35 18 62 51 40 13 55 2 47 22 39 38 1 0 45 63 59 60 9 33 10 14 11 42 41 5 66 64 46 31 17 4 20 30 36 6 44 24 12 54 43 58 56 50 23 65 48 27 7 21 49 37 3 8 34 32 52 29 26 28 15 16 61 
TEST LEAKS 5 ARG:50 17 51 13 4 18 22 65 0 40 61 66 28 47 27 34 20 67 43 45 49 32 56 31 58 5 3 6 53 12 35 1 38 48 8 29 64 44 63 57 46 21 11 9 36 55 10 14 41 16 60 26 33 23 15 25 52 7 42 19 24 37 39 30 59 54 62 2 
TEST LEAKS 5 ARG:23 66 20 9 49 67 60 59 32 63 25 17 22 64 13 40 10 12 52 68 2 1 39 6 30 4 43 8 56 36 42 24 35 14 37 57 45 21 28 34 31 11 3 16 18 0 50 47 65 44 62 19 38 51 26 48 58 5 55 29 53 33 41 27 7 54 61 46 15 
TEST LEAKS 5 ARG:64 23 30 37 41 27 33 3 10 17 4 20 28 52 13 57 8 68 39 56 63 32 61 31 38 45 59 46 40 49 66 69 19 43 44 26 65 18 67 55 12 6 24 47 0 62 25 7 15 16 5 36 2 14 35 50 48 51 58 60 42 1 53 29 22 9 11 34 54 21 
TEST LEAKS 5 ARG:26 19 9 32 37 24 55 18 31 67 3 65 25 28 47 41 29 46 57 63 30 13 45 52 27 5 12 66 35 51 42 62 64 7 59 39 21 58 14 56 6 23 43 48 53 60 0 15 49 40 44 33 4 16 20 54 69 36 68 61 34 1 2 17 10 11 50 38 70 8 22 
TEST LEAKS 5 ARG:16 29 14 24 18 28 54 67 0 7 55 8 42 3 60 22 11 53 17 10 5 1 69 45 4 46 37 49 26 58 62 13 56 38 64 66 9 30 25 6 31 35 48 36 41 61 59 15 34 71 51 12 40 20 2 33 39 47 70 19 52 63 27 57 68 44 23 21 32 43 65 50 
TEST LEAKS 5 ARG:25 63 49 43 52 8 12 19 10 7 16 71 62 14 39 42 1 35 51 46 5 15 26 59 68 38 34 33 48 31 58 37 66 41 57 53 21 0 54 30 70 72 3 13 2 27 24 55 17 6 36 23 18 61 32 47 20 69 4 9 40 11 67 65 50 56 64 60 29 22 44 45 28 
TEST LEAKS 5 ARG:8 32 0 54 59 60 44 39 31 7 47 23 72 19 65 38 49 40 45 34 26 57 56 28 4 12 24 41 21 71 9 36 66 52 5 17 11 18 35 64 70 22 20 58 27 53 62 29 46 3 13 51 67 50 42 61 25 33 10 6 68 15 48 69 16 43 1 63 37 30 73 2 55 14 
TEST LEAKS 5 ARG:71 6 36 20 48 29 65 37 74 23 8 16 49 60 7 39 54 33 72 24 64 57 56 3 61 51 67 41 70 34 45 15 35 50 53 1 58 0 28 68 62 2 66 30 55 12 13 10 26 52 9 22 47 11 44 73 4 17 31 42 18 59 69 21 25 14 19 38 43 46 63 27 5 32 40 
TEST LEAKS 5 ARG:15 67 41 40 51 25 4 66 54 69 19 59 38 65 31 6 30 18 24 5 22 49 36 58 46 29 0 75 47 2 68 8 33 26 27 70 13 3 12 14 42 43 73 71 23 28 35 21 53 10 32 60 44 34 72 57 62 1 11 45 9 20 63 17 55 64 61 50 56 37 48 52 7 39 74 16 
TEST LEAKS 5 ARG:34 10 33 38 43 37 72 21 48 42 54 41 46 13 35 16 19 6 36 12 26 8 18 58 63 45 47 9 66 68 61 29 3 15 1 51 60 62 59 44 70 7 75 0 57 56 65 30 4 40 20 71 73 67 17 55 52 2 11 14 25 64 74 53 39 28 50 76 69 31 27 32 49 23 24 22 5 
TEST LEAKS 5 ARG:44 29 34 74 47 61 32 22 51 55 70 75 36 13 68 53 64 17 37 63 6 20 30 65 38 2 3 27 18 52 72 43 5 0 14 41 7 77 45 15 50 31 56 42 71 67 62 58 8 69 48 25 76 60 11 54 9 21 57 10 24 26 1 23 4 35 28 12 73 39 40 16 33 66 19 46 49 59 
TEST LEAKS 5 ARG:9 70 43 46 5 40 38 2 27 69 36 12 60 19 35 6 34 37 26 32 1 7 58 14 18 54 62 44 8 25 56 74 48 21 72 77 0 11 52 4 51 73 31 13 3 16 49 28 66 78 76 63 45 24 20 33 15 42 17 75 53 68 10 64 55 22 67 59 39 23 65 41 57 29 71 61 47 50 30 
TEST LEAKS 5 ARG:25 22 18 74 21 39 67 16 8 41 62 69 49 55 28 10 43 76 27 77 26 11 6 73 32 47 54 35 72 17 59 13 12 57 60 0 46 37 30 68 56 48 63 23 20 66 71 44 2 40 15 70 38 31 7 29 79 50 75 64 58 1 78 42 52 53 4 34 24 9 61 3 14 51 19 33 5 36 65 45 
TEST LEAKS 5 ARG:46 5 69 24 49 22 6 10 34 54 12 11 29 55 52 13 72 33 26 39 68 65 77 71 0 17 20 25 8 66 9 78 50 74 27 60 57 45 1 67 56 48 37 53 32 36 58 51 21 44 70 42 73 23 35 63 40 76 14 38 80 64 61 7 3 59 15 41 31 62 16 28 2 4 47 19 18 79 43 30 75 
TEST LEAKS 5 ARG:1 17 56 64 11 68 70 54 78 24 4 14 20 33 37 55 39 13 28 75 69 5 35 62 8 36 48 67 73 9 51 31 50 29 44 2 42 12 49 38 65 52 18 61 47 59 16 53 76 77 57 3 46 45 72 79 66 34 60 25 15 40 6 30 43 27 41 32 26 74 23 7 81 22 10 63 21 80 58 19 71 0 
TEST LEAKS 5 ARG:0 4 50 52 3 17 14 37 38 28 36 54 51 55 6 30 80 20 24 72 74 26 15 71 45 58 82 27 8 12 39 60 40 32 78 29 76 10 47 64 63 48 49 73 59 11 77 70 68 42 22 16 2 75 9 44 56 61 1 53 23 19 31 62 65 67 7 18 41 69 79 34 81 13 5 43 46 21 33 57 66 25 35 
TEST LEAKS 5 ARG:12 41 0 31 9 23 69 57 56 36 66 61 27 30 60 55 51 32 35 37 79 24 3 34 40 14 52 67 70 28 17 47 62 65 10 42 4 83 33 49 53 39 48 76 81 64 26 75 77 20 8 13 54 44 80 72 82 63 1 74 29 58 6 43 19 5 22 46 16 18 73 21 59 78 50 38 2 68 25 7 15 11 45 71 
TEST LEAKS 5 ARG:9 24 40 36 63 75 5 80 70 56 32 27 59 83 20 74 0 1 73 21 67 7 45 12 14 48 15 69 33 66 65 81 13 57 28 76 43 68 34 29 39 78 23 51 64 71 50 2 77 47 41 61 19 31 17 25 62 38 54 52 8 35 42 58 49 55 10 82 84 44 72 6 79 37 4 30 46 3 26 16 18 22 53 60 11 
TEST LEAKS 5 ARG:32 18 73 16 21 44 42 84 15 59 47 65 50 1 28 25 48 34 41 2 55 51 54 37 71 85 36 70 39 8 68 35 63 82 14 31 0 43 66 79 49 46 20 80 58 29 5 78 76 60 13 40 75 26 64 17 74 38 69 45 22 67 52 7 53 6 61 33 77 9 24 3 27 12 83 4 56 19 23 10 81 11 62 57 30 72 
TEST LEAKS 5 ARG:75 37 60 38 85 18 28 86 74 71 49 4 23 45 29 55 0 8 21 10 32 57 67 15 9 51 56 64 17 73 84 13 52 6 33 27 47 66 69 41 78 5 39 22 72 30 42 14 25 53 43 58 7 16 26 82 1 46 2 54 70 80 83 31 34 40 35 36 50 79 24 81 11 44 12 76 19 3 77 62 68 65 48 59 20 63 61 
TEST LEAKS 5 ARG:45 52 81 69 39 4 83 25 38 26 59 13 20 34 21 6 17 22 41 54 61 57 7 66 29 12 3 15 82 77 71 63 73 2 10 40 47 58 53 19 46 42 72 44 23 35 64 24 5 18 75 60 37 27 8 28 49 51 33 1 31 85 50 70 74 78 9 67 43 56 87 68 79 62 16 30 65 14 32 11 84 86 55 48 80 36 0 76 
TEST LEAKS 5 ARG:43 20 41 25 29 34 15 65 49 48 58 14 50 54 7 18 70 17 45 28 59 26 68 53 88 69 80 77 19 60 46 81 51 9 10 63 64 79 3 74 2 36 52 1 21 22 86 66 31 62 13 24 39 35 84 30 11 67 61 47 56 85 55 32 44 6 42 0 5 27 72 8 76 82 37 33 75 4 12 83 57 38 40 78 16 71 73 87 23 
TEST LEAKS 5 ARG:3 14 12 45 17 0 47 89 21 31 1 64 86 22 54 79 43 15 37 33 30 85 67 19 35 48 73 40 10 60 8 34 57 66 25 44 59 32 56 58 9 77 13 71 42 69 84 65 16 26 61 76 82 52 11 23 63 5 28 29 75 68 72 36 81 18 24 62 41 39 50 20 78 6 38 27 83 87 51 4 74 53 80 55 46 70 7 88 49 2 
TEST LEAKS 5 ARG:84 76 72 89 56 7 11 20 5 62 45 66 61 49 67 16 15 14 33 12 80 79 3 21 40 85 88 46 22 37 57 69 4 6 38 1 44 47 8 32 60 75 10 25 13 64 19 28 9 42 78 90 82 48 86 50 29 71 26 55 41 52 87 70 43 65 31 23 0 81 27 51 18 2 73 63 74 77 83 36 24 34 35 58 68 30 39 53 54 17 59 
TEST LEAKS 5 ARG:19 24 3 16 4 66 47 69 87 43 5 72 60 90 18 48 38 35 56 86 68 77 49 89 75 59 76 41 82 84 39 29 45 52 44 57 36 31 54 22 7 25 58 42 37 13 64 28 2 17 50 53 14 46 8 83 65 71 85 33 81 61 26 34 91 1 21 51 6 10 74 55 88 0 32 78 63 70 62 12 27 20 80 11 79 23 15 67 9 73 40 30 
TEST LEAKS 5 ARG:68 45 25 49 64 24 57 56 51 77 14 19 3 32 0 16 26 84 46 17 74 54 65 1 72 44 10 79 86 40 71 33 81 21 60 70 4 29 52 87 47 20 18 83 50 90 69 88 38 23 6 22 58 15 61 8 66 67 82 28 55 91 35 85 63 41 11 30 7 2 89 13 36 80 39 92 9 76 78 34 43 31 73 75 59 27 37 42 48 62 53 12 5 
TEST LEAKS 5 ARG:22 74 5 65 2 89 81 49 55 47 45 17 50 23 72 52 79 71 1 30 88 46 43 70 16 53 33 93 86 39 27 36 61 56 12 58 20 85 51 31 80 68 48 76 38 84 42 11 64 44 32 21 14 35 25 75 87 92 28 3 91 29 0 82 13 18 24 10 57 62 40 37 69 15 6 66 34 54 41 78 67 83 19 90 73 4 8 60 7 26 63 77 9 59 
TEST LEAKS 5 ARG:21 91 1 53 39 66 5 16 86 87 57 9 56 26 58 22 94 54 33 10 32 49 30 38 13 44 41 63 59 82 72 7 31 40 35 17 8 68 0 2 81 77 92 88 84 60 4 25 76 75 42 62 73 83 28 74 69 12 29 15 18 24 65 78 90 46 61 43 48 93 3 64 70 51 11 45 36 37 27 79 20 67 6 23 47 89 85 52 14 55 80 34 19 71 50 
TEST LEAKS 5 ARG:91 2 4 23 80 21 43 35 55 0 39 15 93 13 3 59 34 68 46 26 32 12 38 31 50 11 1 60 78 16 65 51 57 36 53 41 33 92 86 8 20 17 45 44 37 81 88 42 77 5 71 90 74 40 63 82 27 10 29 87 76 30 72 62 19 79 56 94 58 22 64 47 89 18 6 85 14 66 24 49 28 84 69 9 73 54 48 7 95 25 52 70 75 61 83 67 
TEST LEAKS 5 ARG:25 44 64 56 70 17 78 61 81 55 80 38 47 54 74 20 12 22 5 96 50 63 26 1 27 24 69 90 0 59 83 18 73 33 67 76 49 19 87 8 62 42 2 45 93 11 66 32 65 75 7 36 16 58 53 35 3 10 95 37 92 23 91 46 89 60 21 31 41 77 85 52 29 28 15 71 40 13 14 43 9 86 79 68 57 84 94 48 51 6 39 88 4 30 72 82 34 
TEST LEAKS 5 ARG:55 12 91 78 57 21 54 51 19 1 59 34 66 74 85 43 53 70 30 35 13 3 48 38 8 36 50 39 95 72 56 37 41 68 44 24 29 7 97 20 77 33 88 26 5 62 75 89 31 27 67 25 49 17 83 18 69 15 71 84 58 47 79 32 94 73 10 4 14 28 64 16 9 40 0 2 23 81 76 60 82 90 61 45 80 86 11 87 92 65 63 6 46 22 96 52 42 93 
TEST LEAKS 5 ARG:97 30 44 68 91 82 24 2 58 81 12 80 26 28 45 15 43 34 75 59 78 35 13 98 76 27 88 32 55 31 84 4 42 37 66 1 18 46 39 9 56 10 67 5 17 19 23 38 73 47 0 85 33 86 77 96 92 51 94 62 11 61 72 25 69 74 48 6 29 14 52 89 93 63 40 20 16 49 53 8 79 3 57 64 36 90 70 21 83 95 71 60 54 50 22 65 7 41 87 
TEST LEAKS 5 ARG:78 59 75 81 5 45 92 71 0 95 18 31 73 93 27 87 57 84 82 74 72 39 58 56 53 66 98 17 22 49 76 35 26 42 14 11 12 16 6 91 9 38 25 52 36 33 67 15 80 62 88 40 13 94 83 34 30 86 70 23 68 60 90 50 51 21 65 4 43 48 69 99 77 28 3 44 61 32 29 37 24 54 10 7 85 89 97 46 96 64 20 55 47 41 63 79 2 1 8 19 
TEST LEAKS 5 ARG:30 91 43 28 81 58 79 19 13 69 90 50 42 10 89 15 29 67 23 46 33 26 38 8 32 22 11 96 51 7 86 53 97 56 49 2 54 95 35 4 59 94 74 9 98 57 45 83 73 16 20 18 31 24 87 100 65 12 92 72 75 55 76 27 88 52 63 77 44 0 60 82 62 41 84 47 1 70 80 68 21 78 85 64 17 5 34 14 25 66 99 39 93 40 3 48 71 61 6 36 37 
TEST LEAKS 5 ARG:8 22 67 42 71 33 87 80 44 85 7 19 99 75 38 34 62 82 1 96 91 35 63 23 31 2 9 48 14 36 12 43 0 86 89 51 64 50 29 39 88 16 95 70 37 97 17 18 46 84 58 101 98 11 24 94 53 15 57 60 25 69 93 10 100 79 78 66 83 30 41 77 4 27 6 47 68 40 73 81 45 26 59 72 28 54 61 5 21 20 52 92 65 55 32 13 3 76 90 74 49 56 
TEST LEAKS 5 ARG:54 32 14 87 25 12 42 71 5 24 58 75 41 69 33 49 36 18 40 50 84 88 98 57 31 8 23 16 76 96 53 81 17 1 48 79 11 35 74 6 97 52 28 64 43 39 62 91 86 22 72 26 82 68 99 13 2 93 15 77 37 51 100 46 85 47 65 30 94 7 45 73 4 9 59 63 67 78 38 66 56 0 55 21 61 90 10 70 92 102 95 20 60 3 80 101 34 44 89 83 27 19 29 
TEST LEAKS 5 ARG:71 52 34 39 26 76 0 38 36 30 95 85 103 69 68 6 84 21 83 88 44 31 7 23 86 2 19 61 32 57 35 99 11 66 10 46 18 80 40 47 65 56 13 25 90 75 77 14 12 60 41 81 98 102 79 54 82 96 63 55 27 58 100 22 50 42 1 91 16 4 49 15 9 89 87 53 28 67 37 24 51 45 20 62 94 70 73 93 3 59 5 17 33 78 101 48 92 64 74 29 97 72 8 43 
TEST LEAKS 5 ARG:62 20 78 41 6 80 68 0 95 69 9 39 42 46 66 10 63 11 86 3 88 49 96 100 8 81 38 85 37 91 45 90 70 104 102 84 97 98 12 67 16 55 59 48 65 24 57 94 73 33 22 76 4 64 50 5 36 21 54 44 56 23 32 61 74 83 101 82 51 18 7 14 40 30 60 15 1 89 43 71 93 52 99 47 31 103 34 58 26 19 28 29 75 92 2 27 17 13 72 87 77 53 79 35 25 
TEST LEAKS 5 ARG:61 74 96 2 79 65 95 47 76 75 35 67 72 27 7 3 16 8 31 58 44 37 13 43 77 49 69 36 78 103 90 80 34 15 64 1 62 23 98 17 51 102 19 30 9 0 46 70 52 87 97 89 20 60 86 42 28 54 91 100 33 32 12 22 48 56 94 18 40 83 6 63 29 11 105 68 26 50 39 38 88 4 41 57 24 55 99 10 73 93 85 59 21 101 66 25 104 5 92 14 82 45 84 53 71 81 
TEST LEAKS 5 ARG:85 63 20 60 99 71 16 88 3 29 101 84 24 23 27 94 67 103 2 69 81 46 14 64 31 75 76 7 72 38 53 61 40 25 49 5 93 28 83 21 50 36 6 90 47 65 37 80 48 68 87 39 59 43 45 1 34 97 19 15 51 12 18 32 4 26 0 95 66 55 33 9 73 86 62 58 44 52 79 89 54 91 98 42 13 78 57 70 82 41 100 92 104 17 96 10 11 22 102 74 106 56 35 77 105 30 8 
TEST LEAKS 5 ARG:5 42 70 97 18 71 17 102 3 30 89 20 106 24 29 44 91 12 46 57 22 104 86 84 51 68 41 79 98 19 35 103 56 43 93 4 55 80 92 67 33 23 9 88 77 105 85 37 50 10 62 6 95 78 100 28 32 36 60 48 87 8 65 45 96 101 72 0 11 63 74 75 2 27 15 73 64 76 107 59 69 16 49 47 34 40 53 82 39 38 81 31 66 26 13 7 58 61 83 1 54 90 52 94 99 14 21 25 
TEST LEAKS 5 ARG:69 59 50 91 75 81 7 45 62 70 23 89 37 102 79 47 14 32 3 84 42 10 46 92 18 80 21 74 100 9 40 94 29 53 85 30 88 107 4 20 11 15 49 83 31 41 38 58 22 55 108 5 76 95 87 71 34 105 48 68 96 35 24 17 60 25 26 6 101 51 73 82 97 65 99 36 16 72 54 98 43 57 63 28 1 86 2 12 67 77 13 19 103 106 33 93 56 27 0 61 78 52 66 44 8 104 39 64 90 
TEST LEAKS 5 ARG:57 38 42 44 54 78 21 20 80 15 7 3 36 92 17 11 59 62 9 86 60 27 107 79 82 41 5 47 98 1 108 63 25 77 102 68 12 37 58 96 2 105 71 31 74 95 89 70 50 65 53 101 104 81 29 24 6 64 90 33 16 91 34 84 75 35 61 87 22 32 18 46 97 109 14 28 55 66 4 67 94 26 72 45 23 0 76 19 83 103 99 88 39 30 106 43 13 52 93 69 51 40 100 8 49 56 10 48 85 73 
TEST LEAKS 5 ARG:90 20 46 39 23 96 93 79 28 101 99 88 98 102 71 55 58 33 81 21 9 19 89 52 84 86 110 0 87 60 67 7 43 15 54 13 57 4 63 107 72 18 62 22 109 12 1 24 40 66 59 78 6 103 95 34 48 14 27 83 25 73 49 65 74 61 51 47 50 26 82 108 70 36 11 76 105 100 3 29 42 41 31 85 8 10 92 16 44 80 68 32 17 5 77 37 38 91 56 106 94 2 30 104 35 97 45 69 75 64 53 
TEST LEAKS 5 ARG:81 72 28 48 79 59 5 23 92 101 80 44 50 1 103 74 4 67 86 87 0 84 61 71 65 95 91 21 93 70 52 56 40 98 17 26 14 38 43 69 49 16 100 110 77 47 89 75 27 31 22 6 45 60 12 94 13 85 46 24 37 97 109 18 35 66 33 42 62 58 83 96 107 41 32 15 111 88 68 90 10 73 57 76 2 7 9 51 20 11 25 105 64 36 29 82 8 99 102 34 53 39 54 55 78 108 30 104 19 3 63 106 
TEST LEAKS 5 ARG:34 17 83 79 18 37 59 65 7 66 51 36 94 11 26 78 20 85 70 24 102 49 52 29 12 73 1 82 72 88 99 104 44 33 10 103 86 97 68 38 69 21 71 55 54 75 60 87 84 53 25 50 64 3 89 6 110 100 5 76 106 23 31 93 15 111 40 90 91 112 4 16 107 96 22 9 61 47 43 57 35 45 95 28 0 101 42 13 41 74 8 62 108 48 30 19 2 14 63 81 46 77 105 56 98 39 32 67 27 109 80 58 92 
TEST LEAKS 5 ARG:13 110 113 68 107 34 58 20 90 72 69 83 93 21 73 89 105 98 23 18 6 102 12 30 24 36 7 42 103 3 97 47 16 28 40 92 25 5 88 82 57 64 46 29 65 106 70 39 81 85 71 35 43 54 15 109 112 51 75 60 79 62 22 48 52 0 9 27 8 37 59 84 77 99 56 1 19 53 91 50 44 66 74 96 26 67 31 14 32 4 95 63 101 49 80 2 10 76 104 108 78 100 33 41 61 11 55 87 45 17 38 111 86 94 
TEST LEAKS 5 ARG:42 102 66 55 74 3 62 43 77 111 83 48 98 33 54 40 108 14 64 10 85 67 72 34 47 56 57 87 107 70 101 23 114 88 94 82 100 44 80 79 68 105 18 46 13 21 96 36 95 6 28 103 92 38 30 15 9 109 59 75 110 113 35 45 37 89 73 39 106 53 97 16 0 86 81 93 31 17 19 60 58 76 61 11 27 52 78 26 90 99 50 25 32 69 51 104 2 1 71 63 29 4 20 12 84 65 24 91 22 49 41 7 112 8 5 
TEST LEAKS 5 ARG:0 14 60 31 13 54 74 19 88 108 8 26 61 110 75 91 92 112 40 102 57 27 2 83 90 68 87 94 81 63 38 77 39 17 89 24 20 43 37 7 29 111 52 56 67 15 49 55 47 53 76 4 12 42 72 85 48 30 36 21 58 105 114 97 71 84 6 28 66 16 106 96 107 101 11 18 103 62 33 44 82 79 34 95 50 35 51 65 113 45 25 100 46 73 10 115 59 41 70 93 78 69 22 104 80 98 86 1 64 9 109 99 3 5 23 32 
TEST LEAKS 5 ARG:22 27 36 111 65 0 33 96 53 70 98 110 21 49 106 112 109 84 93 2 116 31 46 48 1 55 23 73 74 69 43 92 39 19 103 14 11 10 66 54 94 16 62 107 41 97 95 76 8 77 87 35 34 78 20 104 72 115 45 3 13 90 47 85 81 4 61 28 101 32 114 58 6 51 113 12 91 40 80 29 30 57 52 75 25 100 26 108 71 5 79 24 59 50 17 60 86 44 67 15 56 42 89 37 68 99 88 83 102 18 7 82 63 64 9 38 105 
TEST LEAKS 5 ARG:41 104 6 84 69 46 1 109 83 27 80 103 8 82 65 62 93 16 100 17 23 58 32 3 48 57 35 85 56 24 18 78 117 112 9 67 36 26 86 60 22 95 101 87 33 50 13 63 45 14 44 55 4 31 92 77 88 49 21 7 102 72 71 116 111 91 42 76 20 90 34 89 12 5 10 105 68 108 94 99 74 19 2 114 38 43 47 107 15 40 51 70 28 98 30 75 113 54 81 96 115 110 25 29 61 97 79 53 39 73 0 52 11 64 66 37 106 59 
TEST LEAKS 5 ARG:52 62 96 19 13 48 43 64 116 46 108 35 117 88 4 71 85 27 1 86 69 70 57 63 47 0 74 7 34 106 44 75 37 25 68 24 89 92 9 94 87 78 91 2 107 118 67 14 97 49 40 15 55 26 99 51 82 110 93 95 23 56 109 79 18 11 54 58 38 61 77 5 84 29 112 41 3 8 36 42 114 90 72 16 104 60 81 59 115 32 20 105 76 17 50 65 33 98 10 12 66 101 45 39 73 6 80 21 113 28 103 100 22 31 30 83 53 102 111 
TEST LEAKS 5 ARG:101 97 7 56 33 93 91 11 14 46 53 92 24 29 25 110 84 3 115 106 85 58 44 52 64 42 111 62 88 104 60 55 65 16 35 82 13 96 118 70 119 114 28 103 83 50 99 77 20 74 73 81 34 112 98 107 8 80 94 1 45 109 36 17 69 75 100 54 2 116 31 95 66 26 41 9 4 117 48 10 61 87 57 19 30 32 108 76 5 71 78 105 90 59 67 72 12 38 37 15 40 68 21 6 18 51 86 102 23 0 27 47 79 49 22 113 39 43 89 63 
TEST LEAKS 5 ARG:59 73 65 31 13 15 20 80 22 4 19 44 74 77 108 6 97 114 23 95 56 63 21 54 96 9 81 7 61 69 93 37 43 86 53 101 39 35 17 107 85 24 2 47 90 10 115 3 64 5 1 48 51 70 71 89 26 68 50 14 117 41 75 116 11 109 105 100 112 30 102 29 57 83 88 113 103 42 106 0 72 110 87 78 111 67 99 79 12 98 46 66 16 120 49 36 104 40 32 34 58 84 82 33 18 52 118 62 119 45 8 60 25 92 91 55 94 27 38 76 28 
TEST LEAKS 5 ARG:73 58 29 106 101 76 54 114 108 51 92 0 97 50 46 42 37 14 34 48 22 60 12 27 104 72 9 82 120 23 25 45 77 74 95 121 69 103 11 8 102 99 43 64 113 3 65 52 20 90 68 62 109 118 31 21 117 33 100 24 59 36 116 19 80 84 32 78 44 86 57 15 110 79 35 111 93 28 26 66 39 94 56 7 75 88 10 63 6 91 96 2 5 16 17 81 112 4 61 119 30 71 83 105 70 55 53 89 18 115 1 98 67 13 47 49 40 38 41 87 107 85 
TEST LEAKS 5 ARG:52 57 58 36 67 95 108 101 122 60 62 88 116 46 3 72 96 59 75 98 5 18 79 15 30 25 41 68 19 24 120 63 61 92 53 23 54 13 112 89 104 106 14 9 69 40 8 86 29 0 97 109 32 7 74 50 33 107 47 56 82 2 22 10 87 43 49 16 65 4 64 37 105 94 78 35 115 38 28 26 102 51 20 77 111 113 114 34 27 81 83 117 76 84 31 93 90 71 119 100 99 103 44 21 55 73 1 17 91 45 80 118 121 66 12 85 6 42 39 110 70 11 48 
TEST LEAKS 5 ARG:47 13 5 2 62 32 78 37 94 11 25 40 28 24 6 53 100 76 52 87 30 97 7 3 93 35 20 66 75 26 34 31 84 113 63 110 67 109 16 58 1 42 104 102 33 57 92 49 111 23 60 74 105 119 68 59 56 123 45 55 38 36 115 39 15 17 112 0 72 9 122 90 77 71 14 21 61 19 73 18 82 99 108 86 44 116 41 29 101 70 96 54 27 48 118 85 98 50 79 4 46 8 106 10 107 69 103 114 64 65 91 80 89 121 22 12 81 120 51 117 43 83 88 95 
TEST LEAKS 5 ARG:114 81 5 124 15 116 80 110 36 33 93 53 2 4 104 65 117 68 12 18 107 41 123 99 21 118 35 86 6 34 88 16 56 39 113 109 31 67 60 79 23 24 1 91 98 63 61 72 66 38 119 26 28 50 97 105 95 87 37 71 74 102 30 121 59 76 25 78 52 58 82 55 19 57 77 17 115 84 42 13 75 92 32 51 103 101 49 108 0 14 43 122 40 9 120 8 11 20 111 70 112 27 106 90 10 47 3 7 44 54 29 73 85 64 46 62 96 100 83 94 89 48 22 45 69 
TEST LEAKS 5 ARG:16 46 124 23 31 4 79 62 26 85 95 38 9 19 98 51 34 113 30 90 57 20 74 89 27 54 21 64 70 13 75 22 84 108 87 17 73 81 123 42 1 43 18 53 103 6 32 69 36 99 61 49 47 35 66 93 28 94 40 112 114 8 104 48 56 63 120 105 80 101 59 115 116 78 122 82 14 121 33 67 83 7 118 72 125 41 111 117 50 77 71 106 119 58 45 92 15 29 52 24 37 110 2 65 39 25 5 44 102 11 10 68 60 91 0 88 12 3 109 76 100 97 86 107 55 96 
TEST LEAKS 5 ARG:21 77 50 125 59 1 91 86 122 110 45 123 44 120 4 117 20 71 36 39 62 47 55 81 73 121 100 41 94 82 48 33 43 12 11 18 26 29 95 116 74 23 76 97 24 115 54 88 101 46 14 19 2 119 0 3 61 93 65 87 16 42 22 109 79 5 113 56 9 57 15 38 96 98 108 58 28 31 37 105 51 104 92 69 25 49 32 66 67 27 114 35 85 6 124 75 40 80 90 10 112 99 126 78 111 52 13 30 60 63 89 17 72 84 34 70 83 106 64 7 118 107 102 53 103 8 68 
TEST LEAKS 5 ARG:96 106 16 69 19 107 48 52 122 39 91 68 32 95 63 117 37 124 101 7 77 100 97 118 47 78 62 45 11 9 20 88 120 92 90 126 66 33 43 6 4 70 34 119 121 93 27 99 125 28 73 75 38 23 113 1 114 98 72 54 123 80 30 71 3 84 53 111 31 36 60 55 67 2 42 82 83 26 10 29 18 61 115 22 35 104 76 64 14 127 49 57 89 59 12 21 87 46 58 79 51 40 5 112 25 44 81 94 13 15 56 103 109 65 102 41 85 8 0 116 105 74 50 86 24 110 108 17 
TEST LEAKS 5 ARG:113 104 14 60 49 34 29 11 32 86 18 22 59 106 105 0 28 118 61 67 45 38 109 84 115 35 92 72 2 126 66 74 80 8 33 12 100 69 90 17 26 121 1 107 46 119 41 63 65 97 88 48 31 52 57 9 75 77 3 87 82 123 103 70 120 37 44 58 68 91 124 93 127 64 50 7 62 73 76 111 83 81 114 102 47 6 53 108 40 85 56 96 95 10 19 25 5 128 117 94 42 54 43 4 30 89 99 23 27 20 79 21 24 51 98 112 125 110 13 78 101 71 36 122 16 55 15 39 116 
TEST LEAKS 5 ARG:107 80 88 13 115 55 38 111 49 67 114 48 8 1 25 4 72 35 57 28 87 52 5 11 76 22 105 102 51 12 93 27 75 41 46 16 3 37 34 44 63 30 78 7 61 84 53 23 112 128 58 32 125 6 121 79 10 106 74 91 104 2 31 47 90 0 116 54 66 86 19 43 21 62 68 15 71 64 123 20 122 26 108 65 33 97 129 95 56 29 85 117 96 89 118 59 45 113 69 119 98 81 36 42 50 100 99 73 110 120 40 39 109 101 126 82 18 9 103 83 24 17 14 127 92 94 124 77 70 60 
TEST LEAKS 5 ARG:124 128 123 105 129 74 50 38 118 91 107 35 10 23 17 83 9 92 14 34 98 5 39 6 114 69 63 117 31 43 32 54 87 119 19 122 51 44 94 30 4 104 79 3 22 33 90 110 97 66 62 85 59 18 75 103 0 36 28 29 99 49 7 20 102 11 2 25 60 121 112 8 16 67 72 1 56 109 40 82 12 100 113 73 77 24 89 57 127 46 115 93 101 37 68 27 88 58 126 13 41 84 125 53 26 55 130 64 47 108 65 78 76 120 21 111 45 81 71 61 96 106 15 52 70 116 86 48 42 95 80 
TEST LEAKS 5 ARG:29 41 19 93 111 7 17 31 117 118 24 53 57 5 23 113 56 122 92 16 13 112 95 116 30 99 123 75 18 35 129 59 107 130 46 104 77 25 128 90 45 2 109 86 4 14 52 6 105 100 115 78 58 26 126 65 73 60 102 121 83 51 108 54 71 87 67 120 64 40 21 36 81 37 62 20 39 127 80 89 70 69 42 50 32 22 48 49 28 47 119 106 114 131 11 27 103 88 43 68 8 82 96 66 1 101 9 15 124 79 63 74 91 76 97 33 10 94 85 3 0 61 34 44 55 72 110 84 12 125 38 98 
TEST LEAKS 5 ARG:69 46 86 125 40 9 71 49 89 124 98 85 12 45 43 72 100 22 30 88 51 106 132 123 2 63 105 82 42 116 1 66 76 73 114 29 38 23 20 81 41 56 36 67 128 28 91 126 96 57 93 37 129 5 121 104 7 4 59 54 50 115 127 34 92 87 64 99 39 52 90 70 65 47 44 31 111 83 8 122 78 27 58 84 32 79 112 131 74 97 18 60 11 0 3 107 130 19 53 13 102 77 113 10 117 14 118 33 26 21 108 101 6 119 68 35 80 17 61 95 62 15 109 110 48 120 55 94 16 75 103 24 25 
TEST LEAKS 5 ARG:36 85 10 113 17 50 47 132 97 96 116 22 21 4 2 118 7 16 38 57 70 68 32 3 5 107 117 75 58 44 33 121 13 89 19 112 35 56 103 20 76 63 82 93 110 29 64 72 95 24 127 111 119 78 60 74 53 1 15 100 62 88 23 124 129 46 41 45 120 133 123 8 66 92 65 126 42 94 34 125 109 37 122 84 31 115 25 86 11 49 27 106 108 43 14 71 90 18 99 67 59 81 77 0 130 105 28 69 26 102 6 9 40 54 128 80 61 12 79 30 83 101 98 55 91 131 52 51 87 114 48 39 104 73 
TEST LEAKS 5 ARG:30 26 63 94 102 33 95 67 21 42 11 66 125 14 129 37 124 71 75 52 64 110 131 118 78 83 45 115 119 35 29 69 43 32 16 44 134 24 17 74 2 48 25 13 109 80 82 59 98 87 96 12 121 81 31 49 47 89 68 99 15 4 97 46 88 54 120 105 93 77 107 20 101 117 106 57 53 132 70 84 114 127 9 56 65 0 76 5 19 36 92 126 60 123 86 104 23 51 34 133 91 22 72 3 50 90 41 113 1 128 85 10 40 130 8 112 6 122 100 39 28 111 55 58 73 62 103 38 18 108 79 27 116 7 61 
TEST LEAKS 5 ARG:3 30 66 0 87 9 83 132 69 50 57 92 55 8 98 32 24 33 71 49 10 7 29 73 19 39 96 44 76 27 121 112 120 21 72 108 18 20 67 25 82 107 68 54 88 104 13 134 45 70 103 111 56 36 41 130 113 106 11 48 89 116 133 110 5 15 14 63 80 117 100 60 4 1 31 62 65 78 16 123 85 52 2 99 58 38 23 102 61 135 79 90 91 109 95 122 75 26 125 59 115 131 17 64 93 22 86 119 97 42 81 43 84 37 47 51 6 28 127 101 126 129 128 124 12 94 46 74 114 105 34 77 35 53 118 40 
TEST LEAKS 5 ARG:15 128 100 126 69 112 115 52 125 59 10 134 116 82 122 16 80 7 84 13 124 48 113 55 93 37 42 32 108 41 2 1 47 89 21 107 109 45 94 20 49 72 36 102 24 88 83 111 135 64 81 95 56 65 114 58 136 118 98 75 22 33 8 3 40 28 50 79 61 11 35 71 54 0 44 63 92 31 131 4 23 29 77 104 43 127 105 46 132 101 86 53 130 18 97 133 121 103 68 26 12 110 66 120 129 60 85 123 25 39 76 96 14 19 106 87 117 70 73 99 34 6 57 27 74 90 78 62 119 51 30 38 17 9 67 91 5 
TEST LEAKS 5 ARG:100 135 58 90 40 24 99 95 3 89 121 117 20 123 16 101 78 122 134 1 115 29 39 55 48 60 51 131 96 132 36 5 85 93 53 73 41 63 32 0 108 80 124 102 7 86 35 14 111 136 22 45 133 76 75 110 84 137 12 31 46 130 50 103 116 28 2 125 127 104 26 17 57 119 19 87 38 112 30 113 129 98 18 68 25 33 11 74 56 72 82 52 83 6 107 21 69 49 44 94 114 118 34 91 88 70 77 62 71 59 4 109 128 126 106 37 13 81 66 54 43 65 47 42 97 9 64 120 79 8 105 10 92 23 27 15 61 67 
TEST LEAKS 5 ARG:138 74 73 105 130 18 83 19 136 41 82 46 120 114 81 96 55 135 58 21 128 50 30 121 63 90 8 43 107 39 6 108 89 92 25 129 127 52 28 60 33 22 104 37 100 85 47 7 31 2 49 137 101 69 64 3 68 5 59 44 88 106 56 79 54 36 13 51 102 16 57 86 48 98 17 1 80 34 45 15 23 126 76 134 91 87 35 32 123 93 12 0 40 111 72 75 99 62 9 77 67 42 122 103 26 78 95 24 14 27 115 94 131 97 118 84 66 125 61 109 53 110 20 132 4 10 133 124 112 11 113 38 71 117 119 29 65 116 70 
TEST LEAKS 5 ARG:65 17 100 75 25 138 10 43 60 48 99 19 113 134 86 23 115 22 97 30 6 88 130 38 11 110 35 78 84 56 119 116 123 61 124 68 41 58 14 81 63 118 20 85 66 54 24 73 40 0 133 117 2 34 42 111 104 27 16 103 21 62 120 9 74 4 109 93 80 129 101 50 64 5 71 92 31 69 94 46 128 121 45 112 106 95 87 72 90 131 70 136 8 37 12 55 82 96 49 57 114 76 52 13 102 53 1 139 122 18 47 98 77 67 89 3 36 59 44 32 33 105 79 39 26 137 91 135 29 107 108 15 125 7 132 127 28 126 51 83 
TEST LEAKS 5 ARG:81 5 33 52 126 116 36 78 115 32 25 17 70 51 105 63 57 137 43 12 75 8 22 93 114 109 79 30 39 96 97 131 130 100 129 91 2 73 47 48 56 125 35 71 120 44 103 99 136 118 140 122 119 138 90 82 107 121 18 42 45 68 19 94 106 13 133 6 85 28 135 124 59 127 3 62 23 108 4 84 132 54 29 15 64 104 7 14 72 31 102 69 74 86 95 27 37 21 66 123 89 67 110 139 24 50 128 61 77 16 134 111 98 40 20 60 88 46 112 9 113 11 117 1 26 34 38 80 41 49 0 65 87 101 55 10 83 76 58 53 92 
TEST LEAKS 5 ARG:101 86 33 64 11 90 15 20 130 119 106 3 105 66 2 13 96 129 24 82 30 32 57 41 95 4 5 104 87 75 76 123 46 131 70 134 67 45 23 113 135 49 94 22 114 85 121 10 97 79 60 65 138 116 120 93 88 7 19 78 132 108 37 107 100 117 109 118 52 28 92 1 8 35 122 68 61 83 14 74 133 16 98 39 124 18 84 47 73 56 128 91 103 6 89 26 112 126 17 127 69 115 44 50 42 29 140 110 51 63 43 111 125 102 62 59 38 139 99 12 136 81 71 21 25 34 141 137 27 55 9 40 48 72 58 77 36 53 54 80 0 31 
TEST LEAKS 5 ARG:135 20 30 65 71 97 32 21 132 50 102 19 79 95 98 82 93 37 88 51 86 142 128 114 40 14 112 75 72 123 55 131 43 28 106 85 0 3 84 94 47 5 38 76 7 33 130 64 126 91 138 46 16 87 34 31 10 29 1 24 89 133 61 73 90 68 129 41 108 15 2 101 127 12 59 122 107 22 115 45 49 52 104 25 99 23 62 116 26 42 11 81 124 110 9 17 120 119 113 140 39 92 8 96 77 121 44 58 54 27 125 117 70 13 74 78 141 4 109 103 118 56 134 6 66 35 36 48 83 63 111 18 136 53 60 67 137 105 57 100 139 80 69 
TEST LEAKS 5 ARG:38 87 34 121 140 97 118 93 37 91 112 52 124 73 9 123 64 137 126 63 95 54 115 102 58 65 114 43 20 85 98 50 19 82 39 94 62 40 22 128 30 109 69 116 23 66 55 92 3 21 60 133 57 35 70 111 75 68 61 24 76 26 4 45 130 86 127 72 100 96 103 117 15 134 49 8 2 79 11 32 47 10 33 31 13 131 6 44 106 84 77 105 125 56 36 71 101 80 132 107 12 7 89 88 48 42 28 1 136 143 16 25 14 53 138 135 122 90 142 5 139 99 0 129 18 104 120 51 74 78 17 67 108 59 41 27 29 83 113 110 81 46 141 119 
TEST LEAKS 5 ARG:80 116 106 4 52 84 126 27 135 79 137 24 93 129 141 105 115 32 56 0 40 15 17 87 33 59 62 133 143 14 53 114 89 140 98 34 47 43 1 10 58 67 113 60 44 55 99 77 95 136 38 86 63 120 104 108 109 134 124 68 117 26 49 54 70 66 131 20 31 42 61 110 76 88 138 19 6 123 74 16 22 75 45 101 13 73 46 11 128 103 91 132 37 48 92 29 82 9 94 25 64 21 51 5 7 41 121 112 144 90 142 85 36 118 28 57 2 107 35 30 102 97 3 65 23 122 96 111 69 81 100 78 127 12 71 18 8 125 139 130 83 119 50 72 39 
TEST LEAKS 5 ARG:98 139 84 21 46 115 95 37 142 49 87 99 48 77 92 31 63 100 17 2 90 105 128 5 11 76 10 28 18 14 141 114 103 34 125 25 32 23 66 85 120 127 24 52 112 36 61 101 75 60 9 144 71 1 104 43 12 50 94 8 143 124 40 86 27 111 56 80 81 15 129 26 110 137 51 29 45 20 42 121 122 118 138 70 0 126 117 102 55 38 145 96 7 91 13 33 74 107 106 82 47 133 41 131 62 69 64 4 73 116 136 65 72 93 53 123 59 67 135 16 68 88 132 6 30 58 108 35 89 44 54 22 39 83 130 3 109 140 113 57 19 134 119 97 79 78 
TEST LEAKS 5 ARG:104 61 123 85 32 130 10 136 84 140 94 49 21 34 138 93 75 35 5 60 125 63 1 48 83 6 39 71 114 118 119 68 142 30 67 145 69 62 109 18 38 124 22 103 90 44 74 55 144 77 133 11 40 116 4 76 112 89 92 135 25 97 42 72 24 81 78 3 127 96 0 117 52 29 12 95 132 27 134 79 64 101 9 73 131 139 58 7 113 51 56 108 14 54 66 126 141 15 33 115 88 99 26 45 91 122 107 36 111 47 143 87 121 100 129 19 70 13 59 106 110 57 2 17 43 53 120 46 65 146 23 102 86 41 80 98 50 8 28 37 128 105 31 20 16 82 137 
TEST LEAKS 5 ARG:133 141 59 80 91 96 20 100 17 38 93 57 35 81 115 9 132 26 3 94 120 30 43 16 113 145 140 90 33 72 122 36 4 41 8 56 109 116 89 88 87 104 32 68 23 144 86 139 67 143 0 40 53 58 44 19 147 137 117 25 130 52 97 106 103 129 18 46 142 83 65 51 64 61 39 27 76 5 105 62 127 119 110 13 98 12 28 85 14 1 50 31 45 99 24 7 138 78 2 48 29 146 95 34 121 49 112 54 107 47 55 66 114 63 118 128 21 22 101 37 111 123 15 10 125 108 79 60 42 6 74 124 135 126 70 77 102 69 73 84 82 71 11 134 75 92 136 131 
TEST LEAKS 5 ARG:47 6 97 78 121 120 129 44 114 27 19 117 84 53 131 68 88 32 58 75 33 60 41 144 113 81 116 24 96 141 74 136 118 124 54 5 104 30 8 110 11 62 14 43 126 15 49 112 29 0 103 111 61 20 45 76 122 90 18 65 51 86 106 26 115 119 148 42 71 70 35 39 138 28 140 69 56 101 89 130 55 10 82 63 67 142 23 107 3 38 48 16 25 125 37 92 145 102 64 52 109 7 127 31 134 87 91 72 99 2 36 128 4 146 66 59 57 95 13 46 94 12 40 93 143 147 17 1 77 50 34 80 21 139 85 137 73 100 98 133 108 123 79 135 83 105 132 22 9 
TEST LEAKS 5 ARG:77 142 24 47 51 55 63 6 100 133 67 89 45 101 17 43 82 52 5 112 123 149 92 57 20 30 104 46 130 38 13 23 49 56 95 110 98 76 97 31 41 113 15 59 128 42 66 62 64 132 7 65 53 16 88 137 139 34 37 114 126 58 119 70 143 61 9 27 72 29 127 33 39 125 50 14 146 124 0 90 122 68 83 35 135 10 136 141 40 147 75 120 28 4 11 103 71 144 1 8 2 129 81 12 134 117 79 87 108 19 94 54 138 73 102 78 91 86 118 32 60 115 18 74 96 84 85 22 69 3 26 131 140 80 106 105 148 25 121 21 93 109 36 145 116 99 48 44 107 111 
TEST LEAKS 5 ARG:64 145 69 137 87 146 75 115 68 143 40 2 109 77 91 49 7 23 144 97 6 45 27 101 81 142 46 41 19 116 108 84 47 22 125 102 118 124 100 107 103 150 123 119 31 82 99 24 105 72 42 89 76 14 80 111 5 0 3 35 129 10 131 114 134 15 1 57 94 39 112 139 93 44 25 12 78 30 128 96 54 43 133 17 138 59 122 37 113 16 53 51 4 141 26 9 32 106 29 110 85 63 28 95 127 136 86 20 52 70 79 126 147 67 56 92 62 148 90 8 130 121 73 135 88 74 33 98 18 132 117 50 65 36 140 13 55 38 66 60 48 83 149 34 61 58 104 21 71 120 11 
TEST LEAKS 5 ARG:19 64 28 51 135 84 6 104 87 34 101 40 17 60 96 99 38 74 145 47 69 23 46 113 43 93 125 15 33 148 94 95 11 30 120 92 22 127 49 24 8 27 114 82 85 136 147 79 7 53 131 103 146 110 126 143 124 90 58 149 42 98 144 91 81 123 14 97 151 88 138 66 105 133 29 150 5 50 80 106 32 118 108 48 25 59 65 70 39 16 132 86 130 89 9 1 52 129 77 117 73 41 18 102 112 75 111 21 45 37 122 109 72 119 10 107 142 67 61 68 71 20 54 13 100 116 115 4 121 128 2 36 76 35 0 139 31 57 3 78 140 44 137 12 26 63 56 83 134 141 55 62 
TEST LEAKS 5 ARG:74 141 14 62 150 80 18 25 93 94 72 84 71 31 10 136 95 56 51 79 105 32 60 121 57 123 130 73 149 126 34 27 28 41 13 43 35 12 82 137 85 68 131 0 124 104 120 17 127 53 38 87 24 114 67 7 140 100 102 20 22 148 16 132 15 115 83 3 46 86 39 106 69 142 23 90 117 143 70 50 6 97 75 116 89 110 5 48 129 108 125 77 107 145 65 40 122 30 88 52 135 61 19 11 103 111 66 113 58 26 138 119 47 59 133 44 1 36 99 54 128 144 109 147 101 37 118 98 21 92 63 9 76 42 49 152 134 8 78 146 29 33 64 96 2 91 139 151 81 55 112 45 4 
TEST LEAKS 5 ARG:120 54 90 113 115 92 78 111 61 28 62 5 57 135 66 129 19 3 103 130 146 105 34 12 79 133 4 72 2 63 88 122 99 123 125 148 151 45 118 56 126 15 33 116 93 84 67 136 1 21 0 131 138 47 94 42 51 127 117 119 137 96 102 87 7 112 97 81 43 70 77 13 139 95 141 65 73 86 128 11 14 32 39 140 40 27 75 106 8 132 69 58 31 6 107 152 49 74 37 52 150 9 83 29 89 153 71 76 20 85 64 114 17 147 68 24 10 100 144 121 143 91 25 104 50 18 44 82 124 55 108 142 48 98 53 80 30 134 23 149 22 60 101 59 35 110 36 41 46 109 16 145 38 26 
TEST LEAKS 5 ARG:61 40 16 63 91 33 58 74 30 56 143 126 67 11 154 127 51 112 60 146 19 37 42 49 69 80 88 53 57 107 2 149 113 75 122 48 101 78 142 15 119 128 102 120 24 6 36 35 8 66 84 76 145 1 77 82 18 7 147 54 25 70 26 94 139 140 132 62 108 34 114 141 86 50 23 124 99 83 9 46 39 134 111 137 4 29 59 110 98 10 0 148 43 133 65 96 125 14 116 73 129 20 131 90 93 13 151 87 106 121 3 27 12 45 81 89 123 153 150 38 5 44 68 105 32 64 71 79 103 130 72 109 152 144 100 21 95 22 31 97 104 47 118 115 55 41 136 92 52 117 28 17 135 85 138 
TEST LEAKS 5 ARG:38 64 153 23 144 89 71 121 12 8 75 29 79 103 94 10 63 55 136 78 5 31 25 117 130 135 140 109 133 34 88 39 44 41 14 56 16 149 134 76 49 6 139 126 4 59 110 67 131 42 13 54 112 43 77 62 86 1 141 45 28 128 122 138 82 92 65 19 40 145 99 35 97 105 146 27 123 2 114 118 81 98 80 57 100 155 61 90 142 113 116 154 33 93 48 68 17 51 72 7 18 102 60 125 22 24 69 150 50 0 85 83 26 132 120 143 11 30 115 70 73 107 91 37 20 111 84 152 96 74 137 127 104 3 53 106 46 87 129 147 9 119 36 148 124 101 47 151 58 95 66 32 21 52 15 108 
TEST LEAKS 5 ARG:138 86 134 109 148 8 129 20 25 120 78 41 22 72 45 95 130 101 93 32 151 36 29 98 123 153 128 53 146 70 67 122 66 136 64 81 133 52 104 77 135 5 57 27 40 105 34 121 38 28 69 111 3 58 49 37 55 124 156 54 46 147 10 91 14 50 4 79 12 17 83 30 63 80 119 82 51 74 90 56 24 110 125 131 7 103 118 31 152 154 65 99 18 62 13 150 106 141 73 115 84 142 85 97 39 113 127 16 100 155 19 60 33 71 132 139 42 112 145 68 59 102 26 6 96 2 76 47 44 1 89 94 92 137 116 143 21 87 48 149 140 61 108 0 15 107 114 35 126 117 11 9 23 75 144 43 88 
TEST LEAKS 5 ARG:50 70 44 157 106 1 11 97 114 85 19 56 65 120 2 13 39 109 83 6 16 37 126 21 98 40 101 80 61 79 87 115 138 18 129 32 143 33 28 46 5 94 93 31 81 154 34 23 53 73 125 3 55 26 78 24 7 119 20 127 71 147 137 59 4 142 27 72 102 12 111 103 58 14 54 77 113 140 134 116 139 64 41 131 36 88 10 117 149 25 128 124 92 136 17 62 8 141 123 74 67 105 29 30 48 86 43 68 15 96 57 135 156 153 42 132 144 75 108 82 121 112 155 118 100 66 107 60 89 122 151 69 0 35 145 49 47 52 133 146 84 99 51 110 22 76 45 95 104 63 9 38 90 91 150 152 130 148 
TEST LEAKS 5 ARG:11 96 33 144 129 101 157 50 55 52 154 21 65 80 22 109 117 24 5 147 139 142 34 46 135 0 148 140 17 153 99 107 75 73 111 141 85 18 156 61 63 70 138 83 35 74 23 32 3 120 40 86 102 78 56 2 54 124 89 136 60 66 48 94 15 36 155 30 43 64 105 25 59 123 76 8 149 92 130 119 97 47 39 81 12 10 1 7 29 58 95 68 150 151 87 41 44 31 112 134 37 114 132 13 72 79 67 133 125 104 19 118 53 88 51 126 90 116 146 98 110 91 49 38 131 143 128 121 103 28 42 14 106 93 82 16 127 113 137 4 77 9 145 158 115 84 152 57 108 20 69 27 122 26 71 62 6 100 45 
TEST LEAKS 5 ARG:29 89 65 70 54 105 59 85 121 46 30 32 48 91 38 113 147 142 72 155 75 149 49 12 1 15 78 145 37 56 11 7 82 138 120 69 106 39 110 2 47 157 158 61 21 98 93 53 86 31 99 122 60 63 128 108 115 23 111 88 28 58 144 159 0 74 140 119 62 92 34 96 123 100 4 51 16 9 132 43 17 22 6 5 83 73 137 153 103 107 25 156 33 45 79 97 26 40 41 154 50 77 129 36 114 67 35 24 19 143 81 141 66 8 80 135 64 42 131 125 3 150 148 112 130 57 90 117 118 146 44 134 94 52 116 10 18 101 71 109 127 20 84 151 14 126 152 124 76 95 104 102 139 68 27 55 13 133 136 87 
TEST LEAKS 5 ARG:70 65 14 66 129 122 160 3 44 62 8 77 145 81 37 10 64 51 39 49 73 33 151 159 69 136 144 48 89 93 30 132 157 139 114 56 43 84 87 88 53 112 120 108 24 152 154 59 58 38 123 79 155 67 7 142 98 153 156 113 140 80 6 90 101 130 57 61 150 34 41 47 149 128 72 82 118 105 20 32 119 111 126 94 31 83 110 158 85 125 133 27 19 76 148 146 52 75 12 100 40 127 28 71 16 55 138 17 104 137 35 99 1 91 131 74 29 36 134 109 86 25 50 143 106 22 121 60 2 15 117 103 4 5 42 23 107 135 45 18 124 0 96 115 11 46 116 63 92 147 68 78 141 102 21 13 97 95 54 9 26 
TEST LEAKS 5 ARG:158 48 77 27 145 152 147 150 30 157 67 127 3 32 33 149 87 71 86 16 125 54 93 160 69 122 68 109 128 124 12 106 50 44 116 101 34 141 0 135 142 140 94 156 59 96 36 139 2 95 97 90 136 113 112 129 10 134 78 146 21 144 49 31 119 88 41 100 8 66 40 18 108 65 55 15 26 57 17 118 137 83 52 11 39 45 85 132 25 105 89 38 56 123 53 20 7 110 13 120 155 43 121 46 99 98 37 153 42 115 143 4 104 107 60 138 58 62 161 103 47 92 133 22 154 84 91 6 81 130 102 82 148 5 14 111 29 64 63 151 76 159 72 51 131 126 61 114 79 35 9 117 1 75 74 24 73 28 19 80 23 70 
TEST LEAKS 5 ARG:93 79 15 65 43 159 22 146 148 156 2 0 116 97 103 37 71 56 98 32 110 9 27 96 4 158 7 10 95 90 39 92 34 111 135 16 108 63 72 21 3 113 48 54 13 137 17 136 31 142 23 104 109 53 5 38 50 77 69 133 131 25 80 24 62 81 33 143 154 115 30 66 67 161 99 55 28 101 139 140 20 61 126 52 12 19 76 68 125 121 120 64 73 157 8 124 123 94 106 70 102 141 144 40 86 14 127 150 122 74 44 49 91 132 1 58 151 41 57 105 83 129 162 100 11 155 107 138 26 145 29 35 46 45 118 60 6 42 84 87 147 89 78 117 88 51 112 152 160 36 134 85 119 47 82 59 128 130 149 114 153 18 75 
TEST LEAKS 5 ARG:0 158 13 142 48 112 46 135 15 73 43 74 81 86 24 7 162 109 59 122 111 64 108 161 133 61 1 131 99 39 65 38 130 26 136 19 30 151 98 138 25 28 103 137 147 91 89 118 62 76 149 71 100 92 35 12 68 159 126 47 57 10 41 144 29 6 75 44 129 22 49 114 52 45 82 54 117 5 124 77 154 78 51 123 40 55 113 37 20 60 23 141 140 79 33 128 94 72 36 83 27 134 107 160 148 66 101 153 143 116 63 3 102 139 80 157 125 67 17 31 18 163 110 96 95 90 150 16 145 106 105 87 115 14 32 53 156 9 84 34 93 2 155 85 119 104 88 70 4 152 132 58 56 146 127 42 11 21 8 97 50 69 121 120 
TEST LEAKS 5 ARG:101 98 163 120 121 138 93 63 109 100 17 148 151 111 19 13 144 117 153 42 113 75 53 135 64 49 69 105 155 71 127 14 4 36 39 159 28 156 78 68 95 31 97 60 55 90 142 152 160 48 3 33 25 26 131 96 2 146 88 35 85 43 99 136 29 57 110 10 18 126 137 20 157 116 70 56 77 16 7 84 12 11 122 32 30 129 61 162 27 107 103 141 51 54 21 0 5 104 102 128 115 140 62 92 9 15 22 24 94 76 130 118 112 89 72 44 139 143 41 45 58 82 134 119 145 8 34 108 87 91 50 124 114 147 106 66 125 38 74 6 161 81 67 23 80 1 154 133 59 47 164 123 79 158 52 150 73 46 149 86 132 40 65 37 83 
TEST LEAKS 5 ARG:0 64 165 4 101 3 161 74 118 24 32 33 49 138 115 67 87 127 154 157 71 7 163 148 38 117 149 1 119 164 121 109 128 62 90 8 139 142 79 91 92 105 77 98 17 20 156 136 55 21 57 37 59 78 141 50 23 41 153 145 135 83 125 123 31 13 124 39 104 86 160 113 159 94 30 150 48 99 34 73 88 40 5 47 35 43 68 65 2 134 70 103 9 58 131 54 36 69 72 97 144 95 152 120 96 114 63 10 110 85 14 52 132 143 129 155 158 28 108 12 51 11 16 6 66 56 42 44 93 80 46 19 26 76 151 122 162 146 133 60 102 126 84 27 18 89 15 116 107 112 29 61 22 137 45 130 53 106 81 140 147 111 25 100 82 75 
TEST LEAKS 5 ARG:72 134 89 83 103 46 3 107 166 148 157 68 30 90 98 146 115 39 66 141 4 160 158 10 45 77 135 138 127 41 57 25 91 62 14 53 15 117 145 116 18 113 120 111 132 32 38 79 105 104 86 36 99 93 56 144 137 108 121 61 75 16 97 114 1 133 106 149 95 101 136 42 58 51 81 92 85 130 128 88 67 21 7 82 142 154 150 159 34 37 125 20 153 70 94 40 84 47 48 156 44 26 31 52 59 8 33 161 24 87 78 74 73 64 28 22 126 60 27 43 63 123 65 109 139 50 129 155 152 29 118 100 17 96 5 2 143 122 35 140 0 6 165 9 110 162 76 80 13 164 11 54 102 23 151 163 55 124 71 69 119 19 12 131 112 49 147 
TEST LEAKS 5 ARG:116 98 19 104 15 165 44 90 77 10 40 28 26 136 143 83 47 60 115 61 48 153 122 56 43 49 151 73 74 95 84 18 94 8 39 164 58 141 124 106 100 14 31 38 147 135 154 64 112 123 117 130 149 166 140 114 30 52 22 41 152 133 161 79 145 160 2 33 111 1 21 142 131 67 137 13 139 23 3 78 85 63 134 144 159 96 97 24 113 32 102 45 36 120 167 68 27 119 162 76 12 92 7 132 29 51 109 20 86 150 71 129 53 156 72 127 125 163 62 66 54 75 59 42 35 6 69 138 50 146 101 65 126 57 93 4 34 82 105 5 9 0 158 155 107 70 17 16 37 80 99 87 103 89 157 46 81 11 148 118 108 55 88 91 25 121 128 110 
TEST LEAKS 5 ARG:163 142 77 75 45 65 73 40 116 153 86 21 68 44 15 117 36 94 39 84 10 139 63 74 125 124 50 30 152 58 20 13 0 47 104 119 70 41 134 4 108 113 2 97 135 133 61 150 109 16 149 138 76 168 154 33 121 105 82 26 87 17 46 141 161 147 49 71 93 159 118 131 162 56 126 69 88 164 79 28 52 37 35 29 106 14 120 9 107 99 166 102 156 60 89 24 148 5 115 54 165 83 22 57 137 53 132 146 111 64 103 151 85 32 72 123 62 12 145 129 34 59 81 95 158 100 38 80 101 42 92 67 157 122 31 43 130 110 160 1 51 6 143 19 140 27 136 66 96 11 55 112 48 144 98 23 25 114 7 8 128 127 78 18 155 90 167 3 91 
TEST LEAKS 5 ARG:118 123 52 82 46 74 64 164 116 124 65 72 83 159 167 88 71 110 152 84 28 104 1 153 98 4 100 43 76 5 128 40 92 60 102 29 24 2 42 114 35 19 53 9 136 143 17 7 25 115 141 66 163 111 157 70 158 151 57 139 155 32 112 130 101 23 39 161 33 138 18 61 15 166 73 38 94 81 95 106 162 144 137 89 58 109 50 36 160 44 49 156 63 140 37 3 78 86 127 107 34 132 16 41 56 51 142 131 148 117 113 77 27 13 154 119 99 129 149 10 103 21 59 120 14 135 146 47 6 62 20 87 121 134 80 26 45 0 31 91 96 22 48 122 54 165 30 150 126 108 147 145 67 85 125 8 168 12 79 97 90 133 55 93 68 11 69 75 169 105 
TEST LEAKS 5 ARG:71 17 59 13 149 16 115 10 0 62 20 134 168 109 159 49 125 65 95 117 42 35 4 74 102 110 67 163 77 26 116 63 143 113 1 89 12 164 103 108 92 90 135 19 68 61 11 146 127 141 21 80 66 30 6 29 170 54 40 140 161 9 5 34 101 107 155 130 126 129 137 138 76 111 150 48 8 51 81 69 123 105 60 120 64 136 147 145 28 157 44 56 112 7 24 133 128 86 32 50 96 33 43 152 41 37 39 100 124 97 85 153 14 91 22 87 99 57 160 154 36 83 106 167 18 94 118 15 166 46 98 73 45 47 72 31 88 121 119 156 82 55 2 158 78 165 23 122 132 70 25 169 84 52 148 142 162 75 114 104 27 3 151 131 79 58 53 93 144 38 139 
TEST LEAKS 5 ARG:21 106 139 120 93 165 10 142 76 169 58 16 122 48 140 126 32 17 166 27 8 148 30 141 61 71 132 56 114 150 1 46 170 134 130 36 158 62 38 127 116 3 35 112 6 28 68 97 64 74 91 80 13 86 105 82 50 138 157 52 121 51 23 29 102 39 163 103 131 100 171 146 54 98 115 73 83 18 40 84 4 33 117 2 147 37 124 0 31 164 137 7 160 70 153 59 159 5 119 26 90 19 75 9 44 20 168 125 162 152 49 53 57 41 11 118 123 113 107 65 94 34 42 144 66 89 43 155 154 85 45 14 87 156 95 67 135 22 79 60 104 161 15 109 101 133 78 25 108 167 55 145 72 69 81 110 129 92 88 136 77 96 63 128 24 111 12 47 143 151 99 149 
TEST LEAKS 5 ARG:166 158 105 54 109 69 99 88 67 72 149 20 127 124 160 120 18 130 102 167 13 150 17 47 55 37 39 111 4 52 46 147 60 57 129 94 81 43 73 142 135 97 96 148 6 114 65 113 56 53 10 89 68 33 156 44 40 50 36 31 82 125 151 70 63 2 48 14 161 7 154 3 132 162 38 104 171 51 159 23 1 134 84 143 83 136 85 141 5 115 170 112 107 145 90 169 138 22 25 172 64 30 49 78 123 155 157 101 119 77 61 24 45 26 32 34 66 42 121 153 0 110 164 146 71 100 139 75 95 76 74 19 108 11 93 168 80 15 91 103 126 29 98 133 58 165 118 16 92 137 152 59 41 128 122 21 140 79 62 9 116 86 131 163 106 144 27 117 28 8 12 35 87 
TEST LEAKS 5 ARG:111 48 10 70 108 21 118 162 51 59 20 136 88 115 124 105 98 109 83 140 78 154 1 55 135 72 36 119 101 92 146 164 56 152 133 167 138 29 143 155 19 81 104 35 171 12 149 160 113 37 96 26 126 142 145 106 22 107 38 31 117 163 30 71 44 63 46 0 9 139 14 87 79 90 24 85 64 47 153 76 110 42 7 32 66 127 80 58 129 74 141 45 34 28 148 2 173 57 99 13 6 150 91 60 50 157 15 165 11 16 102 130 144 161 168 122 120 41 73 151 33 166 134 25 170 18 82 89 121 132 84 68 39 169 97 128 65 75 5 131 62 27 172 61 4 67 17 158 95 23 40 125 77 8 54 159 156 116 93 53 112 86 49 103 114 100 43 147 94 69 123 137 52 3 
TEST LEAKS 5 ARG:82 86 170 45 108 106 7 138 161 112 79 60 143 166 168 94 162 174 122 71 80 30 74 18 132 146 117 44 163 28 8 42 101 147 153 50 154 128 92 116 88 110 167 129 21 139 6 137 25 81 12 72 140 66 136 23 152 156 13 157 90 69 64 37 115 63 10 107 35 89 172 103 131 68 11 97 1 61 130 171 124 91 141 164 84 58 78 159 53 20 145 77 148 165 100 51 76 173 4 70 111 15 73 46 87 169 31 38 26 55 47 158 160 83 52 29 113 19 135 62 114 123 39 133 27 9 17 54 105 0 109 65 49 119 104 22 150 151 67 41 48 85 16 95 120 127 125 144 59 134 5 57 96 155 75 24 126 3 93 33 142 14 40 98 34 56 36 99 121 118 32 2 43 149 102 
TEST LEAKS 5 ARG:7 172 44 167 74 121 31 134 116 139 18 124 163 95 145 111 115 94 160 155 92 99 17 79 60 173 110 137 62 72 71 150 148 27 6 84 151 128 82 63 142 109 9 143 101 132 57 133 26 130 73 8 35 37 89 33 38 158 107 108 53 159 36 20 98 41 24 141 29 162 34 147 93 117 135 47 113 118 67 14 100 174 170 42 157 61 90 64 48 103 91 120 54 2 122 140 126 165 131 15 28 164 136 3 119 58 104 85 66 30 168 77 4 80 78 69 153 21 149 45 156 46 105 75 1 144 161 22 70 106 56 102 96 51 169 43 13 68 171 16 12 65 97 39 52 59 152 23 19 154 125 10 112 40 146 81 76 87 5 50 49 83 129 114 32 88 0 55 11 123 25 166 127 138 175 86 
TEST LEAKS 5 ARG:65 42 66 118 27 123 103 93 40 148 131 1 5 37 134 145 114 44 111 56 52 141 96 86 113 69 97 143 80 142 137 132 176 149 116 122 160 139 156 108 90 30 147 11 98 38 126 76 35 107 171 153 72 29 41 7 152 130 125 6 135 109 166 77 87 17 78 117 85 167 110 104 165 74 13 112 163 102 124 34 28 127 64 43 101 55 95 155 161 14 170 129 162 24 25 138 31 105 159 73 12 115 18 173 157 169 4 174 26 150 92 99 46 53 23 47 3 75 54 16 21 70 144 33 45 51 168 50 58 22 100 59 0 8 48 57 84 164 71 36 133 88 128 136 91 68 106 32 121 81 94 10 63 146 61 89 15 82 9 83 154 172 19 60 39 120 2 79 175 62 158 119 67 49 140 151 20 
TEST LEAKS 5 ARG:140 64 1 175 55 109 160 40 172 110 127 164 124 129 157 21 139 133 45 156 93 36 14 151 26 167 174 173 5 138 102 16 77 54 69 143 152 92 30 107 38 90 65 67 141 116 87 115 146 128 39 134 94 125 98 131 44 57 177 171 2 136 63 89 32 17 53 150 161 165 51 117 23 123 176 78 52 159 153 33 130 162 144 85 56 95 28 48 41 147 6 43 27 74 122 168 71 58 112 73 101 25 60 120 169 0 61 75 126 155 84 47 79 170 7 24 42 72 50 100 119 108 80 142 12 104 106 13 81 15 31 135 20 83 154 82 18 62 59 148 158 70 88 46 166 145 11 132 3 121 111 66 163 4 34 114 118 29 8 113 105 86 49 137 10 19 68 96 22 9 97 76 103 99 149 37 91 35 
TEST LEAKS 5 ARG:170 58 46 154 29 79 57 93 39 110 100 152 163 148 88 86 92 111 3 89 107 31 117 60 128 68 53 54 73 32 61 166 38 6 77 102 76 34 27 162 95 129 55 153 44 125 1 82 41 96 48 98 0 47 140 142 70 87 56 121 13 35 91 101 175 171 24 143 177 113 103 151 157 36 112 137 2 59 109 9 66 43 124 26 132 167 172 42 123 115 67 139 178 155 18 94 165 71 114 116 64 15 12 23 131 80 25 14 120 119 78 99 7 11 158 69 126 141 149 81 37 4 90 147 8 74 150 21 145 40 83 97 45 118 49 106 10 62 130 52 134 72 51 160 33 138 159 22 127 28 144 156 161 174 20 104 168 84 169 65 164 75 16 17 136 176 63 146 50 105 85 122 108 135 133 5 30 173 19 
TEST LEAKS 5 ARG:167 45 165 111 24 115 58 152 72 172 78 80 9 141 107 19 104 120 30 106 4 173 144 89 140 138 178 10 99 34 40 110 129 125 69 60 21 103 171 23 142 109 88 15 63 79 36 126 117 135 31 8 179 164 83 29 148 166 122 119 121 41 56 123 116 128 65 87 133 28 14 81 57 47 38 158 93 75 98 96 157 146 124 85 68 92 159 101 170 168 175 26 95 174 55 154 136 151 161 64 25 74 50 3 67 112 91 27 150 86 44 113 90 73 20 1 163 52 59 77 108 118 169 94 2 147 12 105 66 22 16 156 54 84 97 13 134 53 43 6 7 149 35 145 139 155 18 51 71 17 0 176 143 162 61 153 160 39 62 76 131 130 32 70 82 33 5 132 11 49 42 114 100 137 177 102 48 46 37 127 
TEST LEAKS 5 ARG:21 24 162 123 64 69 156 47 98 19 49 179 23 91 78 142 37 93 116 95 16 166 34 62 7 22 149 1 2 80 74 155 28 126 79 11 127 106 103 151 63 27 147 12 0 90 148 167 172 135 122 51 174 125 73 136 107 42 26 146 71 67 119 96 82 173 30 161 66 20 110 76 4 39 5 55 158 92 33 89 100 44 10 25 163 140 97 132 8 68 141 177 129 87 72 14 46 175 99 41 86 178 88 101 114 118 29 40 159 15 180 17 50 143 18 130 9 137 57 153 109 59 52 111 102 121 160 144 112 53 13 61 43 45 84 32 75 134 6 145 152 131 168 120 113 65 83 36 60 31 58 171 77 128 154 165 139 70 133 35 124 3 170 85 176 138 164 94 150 105 56 157 169 104 108 117 81 38 48 115 54 
TEST LEAKS 5 ARG:175 173 87 108 141 27 101 120 166 78 103 26 180 16 97 139 32 152 133 128 56 113 165 82 70 62 96 54 38 168 80 37 65 60 36 74 138 142 157 64 145 162 135 49 15 46 25 77 75 110 7 72 178 50 163 174 40 20 150 92 66 10 123 118 167 122 172 149 137 181 69 121 48 170 164 104 22 13 151 3 119 144 131 143 129 98 52 21 76 161 35 1 34 112 171 57 73 17 44 158 68 51 24 127 116 91 105 2 29 61 59 156 18 89 53 100 146 90 93 4 109 111 154 14 79 159 126 5 115 125 31 55 63 0 33 19 130 71 45 83 94 148 134 153 28 23 85 147 114 58 8 88 12 160 176 47 9 6 107 95 155 43 136 86 11 39 179 84 81 117 102 67 30 41 42 99 169 132 177 124 140 106 
TEST LEAKS 5 ARG:87 51 74 46 28 4 121 69 105 6 57 114 181 159 108 151 141 68 5 133 118 143 107 62 163 130 126 55 136 89 102 50 124 99 47 90 31 14 172 52 44 79 35 82 154 132 162 125 64 178 10 95 113 161 129 1 182 169 11 119 27 29 12 146 41 13 56 75 36 60 101 180 81 48 72 21 30 37 54 20 39 144 19 145 156 176 137 175 97 123 167 116 3 17 84 85 94 149 170 76 43 157 53 174 147 106 70 67 38 58 164 88 134 140 177 110 128 32 142 171 7 0 42 150 86 112 179 80 23 173 139 66 158 40 18 16 165 93 98 59 63 73 111 115 22 120 34 25 15 100 109 83 160 135 65 49 77 138 9 103 122 153 168 91 131 2 148 78 71 96 117 8 26 33 155 24 166 92 127 61 152 104 45 
TEST LEAKS 5 ARG:178 1 146 93 25 82 124 129 73 140 52 165 37 39 179 9 42 147 30 76 65 183 80 24 28 137 135 144 171 174 75 13 106 27 21 16 170 167 96 31 130 168 111 160 161 176 123 88 148 11 156 40 154 163 83 182 67 100 122 72 116 17 33 175 38 157 51 29 60 115 46 85 97 57 104 84 119 152 14 166 12 118 5 113 101 91 127 58 112 164 44 151 95 126 108 15 172 3 141 181 6 50 10 8 35 87 19 64 103 43 26 159 34 74 98 20 89 68 99 22 173 133 107 45 150 153 162 149 136 79 78 120 139 56 77 70 0 134 36 138 128 41 48 169 66 92 63 155 90 142 110 158 49 109 4 114 121 53 94 62 55 105 2 71 125 102 117 177 61 81 32 47 18 23 132 69 86 143 145 59 54 7 180 131 
TEST LEAKS 5 ARG:129 137 117 130 120 125 17 148 60 11 123 121 51 50 181 157 15 66 153 139 135 122 46 47 163 89 54 154 128 105 158 106 3 31 179 81 21 150 12 124 145 92 32 64 114 94 75 57 169 113 147 87 4 161 65 97 91 100 16 132 26 38 109 0 107 174 70 83 78 131 175 61 59 90 25 2 52 30 67 1 76 155 180 34 141 182 33 39 84 99 151 112 173 184 85 79 53 14 23 176 165 74 140 166 28 118 20 136 22 36 5 159 8 138 116 160 95 126 49 69 111 62 80 115 43 149 42 10 96 170 178 48 41 183 108 104 77 167 72 68 58 6 29 98 19 73 110 146 134 82 7 56 44 18 37 144 102 45 103 13 71 119 40 86 101 63 156 143 142 88 168 152 133 27 93 177 35 172 127 9 24 55 164 171 162 
TEST LEAKS 5 ARG:180 126 90 5 177 110 7 35 75 101 67 19 162 76 150 88 141 85 121 175 64 77 41 104 152 3 140 22 81 116 10 56 118 18 168 87 149 145 117 181 79 123 16 138 156 70 103 176 12 166 86 94 158 50 146 155 136 30 74 131 65 153 44 66 120 37 24 32 96 165 178 91 170 43 183 52 125 62 174 179 14 99 144 58 83 33 11 95 133 82 31 137 78 128 98 1 8 45 102 167 164 124 26 49 106 132 172 29 151 69 147 40 92 13 34 97 55 80 111 115 113 163 57 48 27 161 107 72 9 53 21 134 54 105 39 38 154 61 59 157 159 148 17 169 4 139 23 84 47 46 108 60 36 114 68 42 71 93 119 127 100 112 6 89 51 28 122 73 184 185 129 173 142 109 160 25 2 63 182 20 0 130 135 15 171 143 
TEST LEAKS 5 ARG:182 117 170 152 62 23 24 33 36 54 79 78 154 157 166 119 171 106 67 65 140 142 31 118 153 50 40 184 72 57 60 168 18 160 81 85 42 38 103 8 102 104 17 174 158 88 49 177 68 26 10 86 164 130 113 56 178 111 96 27 39 172 116 107 32 30 148 59 71 179 76 121 46 35 126 25 73 145 16 63 70 4 19 150 1 120 149 77 129 151 80 141 15 159 125 83 6 41 186 14 34 53 124 89 44 2 165 74 127 82 45 146 135 48 173 3 75 94 175 112 155 136 55 161 162 90 7 47 163 52 20 0 169 114 109 181 87 128 98 176 13 51 61 137 9 105 100 11 115 12 122 147 99 134 138 167 64 5 183 123 133 91 92 28 37 93 22 97 95 132 180 143 156 131 58 110 43 84 29 108 69 139 66 144 101 185 21 
TEST LEAKS 5 ARG:141 185 72 107 125 117 136 165 140 61 83 87 166 105 181 137 149 88 28 120 97 84 18 50 20 179 104 158 174 15 148 127 17 157 187 101 123 144 92 155 145 36 162 114 11 86 75 32 172 68 186 167 131 4 56 168 78 58 99 151 177 128 160 85 112 71 161 35 42 106 63 54 16 57 51 39 134 23 65 142 9 21 129 27 93 118 156 37 53 152 116 100 8 176 171 49 38 69 154 34 164 135 138 52 163 178 180 82 139 19 77 108 122 0 14 80 47 143 146 59 81 12 91 60 2 159 67 119 170 126 31 109 110 48 124 22 62 26 102 147 79 64 133 10 33 6 5 175 43 66 13 25 76 130 46 7 183 132 41 40 169 121 55 74 73 98 45 24 89 90 94 182 3 173 113 96 150 111 184 115 95 29 30 44 70 1 103 153 
TEST LEAKS 5 ARG:85 167 33 165 32 186 5 177 98 185 178 103 160 8 128 83 36 55 118 157 145 0 174 159 101 46 110 91 100 129 93 182 47 146 35 84 142 183 149 63 158 115 57 104 41 6 19 122 11 49 184 29 22 88 9 112 97 92 53 152 13 132 73 171 166 102 126 26 96 95 12 162 42 187 50 64 74 111 108 123 14 54 117 23 180 3 141 130 136 89 106 168 119 154 78 155 45 51 181 156 72 164 38 28 18 109 56 188 163 1 81 131 148 65 70 48 169 30 179 86 138 127 134 31 24 21 140 135 82 147 76 61 75 2 71 4 139 87 16 125 17 124 62 77 107 37 39 66 153 161 176 94 113 27 114 68 150 80 69 105 120 59 151 137 43 60 143 175 20 34 133 173 52 99 44 90 79 116 7 58 144 15 172 40 67 10 170 25 121 
TEST LEAKS 5 ARG:29 101 55 109 148 87 56 152 105 124 161 106 92 7 98 169 57 183 133 14 16 154 140 166 45 114 77 187 20 89 63 8 38 149 18 110 130 34 100 155 13 31 150 78 188 164 84 179 85 142 61 128 116 139 171 113 135 147 95 111 54 108 58 91 103 33 125 137 180 88 168 112 143 97 96 41 72 160 71 70 17 189 122 3 6 23 121 136 141 22 68 65 131 173 165 170 144 94 129 25 67 93 66 132 104 86 62 181 24 162 26 90 102 81 60 52 43 79 19 145 48 4 32 42 80 37 175 182 174 107 153 69 39 1 5 2 50 40 15 73 119 151 53 44 10 177 83 163 35 120 172 27 99 51 186 127 36 123 47 126 185 74 59 118 176 178 11 46 82 64 167 9 138 75 158 21 146 49 134 157 28 12 30 76 117 0 184 159 115 156 
TEST LEAKS 5 ARG:51 14 117 24 174 171 116 12 82 28 152 0 184 103 55 36 160 17 67 165 56 106 100 92 22 124 49 63 161 33 26 42 125 83 20 52 84 13 185 34 97 176 172 93 85 76 123 183 54 101 150 169 43 166 4 94 158 44 136 50 64 58 162 48 107 73 148 25 122 37 30 57 1 146 65 188 102 164 5 154 3 62 140 151 159 99 70 77 187 178 134 95 137 111 130 141 27 175 71 157 47 173 180 144 66 189 138 128 170 60 129 139 18 8 149 9 163 75 153 21 118 59 29 15 6 112 98 119 53 10 143 105 32 168 72 186 108 69 90 127 74 45 31 46 126 114 11 121 68 2 156 167 7 16 155 115 41 39 80 113 35 38 79 177 104 40 182 132 87 131 91 96 110 89 61 109 145 120 190 135 88 78 142 133 147 23 19 179 86 81 181 
TEST LEAKS 5 ARG:7 109 4 191 69 36 176 101 49 25 151 185 139 84 35 71 152 55 114 44 164 72 48 23 11 120 27 10 95 22 33 117 116 105 170 30 99 45 110 128 42 43 1 29 131 40 165 51 14 121 186 174 146 122 140 124 190 136 168 154 83 34 161 60 127 9 78 52 144 158 172 92 177 113 81 100 57 102 12 16 167 137 24 180 61 138 106 63 39 166 6 47 82 62 13 65 184 178 73 74 77 17 141 0 96 91 46 28 132 108 31 135 175 145 129 97 41 181 85 147 150 123 54 90 119 26 153 133 98 111 125 159 188 3 134 87 173 179 126 163 32 156 19 157 67 103 148 143 68 50 37 64 15 86 142 93 107 59 21 53 18 155 162 182 130 80 104 66 169 58 187 76 160 112 79 118 88 20 56 94 5 183 115 75 171 89 2 38 189 70 149 8 
TEST LEAKS 5 ARG:51 75 80 86 155 47 71 186 183 165 38 21 139 127 8 89 163 154 121 72 84 25 17 22 31 112 92 142 54 192 147 131 161 56 66 90 19 27 132 73 79 85 168 29 77 110 67 14 136 190 83 123 46 173 6 111 69 143 171 129 4 184 35 188 172 0 26 62 68 81 87 70 119 175 181 126 45 145 151 135 108 9 3 167 49 103 157 134 40 158 120 42 146 100 169 20 37 141 125 149 152 113 118 32 88 178 58 102 39 82 23 28 18 105 95 61 189 43 36 48 10 174 124 114 55 74 137 59 140 11 1 16 97 133 15 30 106 104 122 130 78 176 57 13 41 60 2 138 99 166 159 116 63 162 182 12 101 7 128 76 98 33 115 156 53 179 52 187 153 91 65 117 170 64 34 5 94 160 191 185 24 44 144 164 107 96 50 109 150 93 177 148 180 
TEST LEAKS 5 ARG:149 85 49 141 152 79 154 135 92 83 105 78 14 180 163 3 56 176 169 138 173 150 51 174 72 155 4 32 44 111 158 10 161 125 191 116 88 142 57 107 39 167 183 77 126 60 144 67 114 123 101 98 41 52 106 113 143 95 66 122 179 96 181 190 50 75 12 99 2 69 45 121 188 109 29 189 13 172 151 148 6 146 128 131 40 18 130 8 166 140 119 30 80 70 5 53 65 187 63 73 97 59 43 35 100 90 110 62 84 184 185 58 7 160 157 71 25 104 87 103 171 193 94 89 61 48 120 1 34 36 27 170 177 31 76 22 153 127 129 115 19 102 132 112 9 133 55 147 136 37 16 28 47 192 93 74 17 0 156 91 118 23 15 159 54 82 182 64 21 178 38 108 134 175 68 81 137 86 186 139 33 42 11 165 26 20 168 164 145 124 24 117 46 162 
TEST LEAKS 5 ARG:95 113 81 148 135 194 83 8 43 12 41 125 66 183 70 131 160 52 47 121 23 182 170 2 79 26 155 6 186 29 179 119 30 86 84 185 72 133 187 108 36 91 35 173 39 73 176 64 54 88 158 68 146 58 82 107 13 169 76 32 174 180 188 156 167 140 62 118 184 85 123 122 27 124 16 80 165 147 178 139 150 19 128 17 4 116 138 28 164 10 109 38 94 18 5 145 143 21 63 14 55 137 31 115 106 97 110 120 51 99 130 90 104 161 50 67 74 40 96 92 100 87 0 193 75 11 77 152 151 171 144 33 142 20 69 134 57 89 48 189 1 192 71 129 105 191 177 61 49 46 168 15 7 141 25 42 65 112 98 127 24 163 159 45 34 132 53 9 59 102 103 44 126 22 175 190 154 162 60 111 37 78 93 3 166 153 157 114 117 101 172 56 149 136 181 
TEST LEAKS 5 ARG:31 186 90 41 138 60 78 62 120 57 106 179 151 150 158 53 154 44 187 134 193 132 103 13 126 113 34 108 177 48 168 133 51 52 66 79 118 87 112 56 73 135 81 189 93 76 116 129 98 86 0 172 1 77 92 68 195 164 101 88 156 14 173 80 184 39 15 47 83 35 11 89 144 7 109 136 95 121 176 102 16 157 191 145 185 59 36 114 148 72 125 137 188 61 127 165 9 180 169 119 5 67 99 175 194 122 85 17 192 37 161 58 82 65 84 141 178 45 167 25 130 183 181 123 2 54 117 190 30 49 70 3 75 142 32 104 107 159 105 115 26 27 152 97 18 147 171 6 42 64 46 33 50 71 153 23 128 124 131 19 162 29 69 22 155 4 28 20 55 140 74 10 111 43 40 149 21 143 100 8 94 170 96 38 24 174 146 160 166 91 12 163 110 182 139 63 
TEST LEAKS 5 ARG:57 115 76 119 0 39 157 67 60 42 99 108 123 139 151 68 32 79 156 84 179 77 85 52 125 113 47 27 124 163 58 111 40 69 118 18 178 184 176 122 98 172 64 109 180 101 177 171 21 188 82 48 175 153 33 134 183 65 28 117 91 130 26 182 73 6 147 78 194 49 112 162 154 92 120 107 181 29 192 152 105 168 136 97 143 166 191 129 110 4 80 174 185 187 121 103 24 13 167 55 30 169 127 104 133 135 186 20 38 155 54 189 23 94 46 126 131 81 31 140 36 195 170 10 71 34 62 19 93 45 161 95 86 190 100 142 164 88 9 106 37 41 146 5 63 61 16 72 74 102 75 12 66 158 3 149 165 193 141 89 159 173 160 56 70 59 116 15 8 50 145 96 44 148 128 144 138 90 150 51 87 137 2 83 14 196 11 25 1 53 132 22 114 35 7 43 17 
TEST LEAKS 5 ARG:45 11 126 171 164 79 34 33 13 26 37 28 122 85 94 40 145 144 51 66 56 23 146 57 3 138 103 130 148 157 110 97 7 121 128 189 20 74 71 188 31 133 101 194 8 115 82 120 87 185 77 136 177 54 10 41 180 104 106 114 140 88 187 30 29 175 42 150 2 143 12 60 17 166 4 158 65 100 111 19 137 98 59 25 78 159 135 92 68 181 6 174 170 55 38 15 168 75 83 102 53 90 147 119 16 49 186 129 9 80 50 108 43 173 5 167 32 63 44 149 118 141 64 0 84 131 190 127 197 154 99 24 165 117 178 48 196 184 18 35 124 81 61 89 109 151 179 163 36 176 105 116 156 58 70 107 125 132 1 123 86 134 183 46 62 153 96 39 192 21 47 162 91 139 142 93 22 52 169 193 155 76 72 95 113 195 160 27 152 14 191 172 73 67 161 112 69 182 
TEST LEAKS 5 ARG:114 43 39 9 86 48 190 22 166 82 118 126 2 70 116 20 72 129 198 147 127 107 95 142 62 131 141 117 17 1 63 194 103 0 54 138 8 140 113 119 51 185 196 87 41 47 61 181 75 161 178 101 157 172 56 31 191 143 154 184 130 153 91 159 165 97 66 84 152 35 128 102 183 78 59 149 122 27 109 45 4 55 189 137 19 25 79 24 121 123 169 46 105 96 77 23 88 164 18 44 21 85 49 69 192 100 11 187 148 173 28 99 81 167 144 76 125 177 67 104 30 74 115 174 71 12 195 68 34 64 188 171 112 163 186 155 73 36 90 32 6 89 53 168 83 136 50 5 170 80 60 37 14 16 26 175 135 106 180 124 65 58 156 146 42 134 52 145 29 193 13 38 93 98 132 7 57 158 94 139 92 108 182 151 179 160 40 176 197 15 150 133 33 110 3 162 120 111 10 
TEST LEAKS 5 ARG:103 193 53 118 34 24 31 47 101 61 100 97 92 128 113 88 82 11 21 154 158 95 105 20 144 71 166 22 116 32 54 183 90 115 13 102 170 141 51 6 57 73 12 198 188 135 123 165 164 186 66 176 143 189 87 149 180 130 174 86 74 41 127 147 136 199 146 161 30 110 169 40 156 76 43 119 33 172 152 27 62 134 63 104 196 107 48 129 28 94 79 72 49 36 197 178 195 162 46 133 93 17 14 1 121 50 75 84 39 194 59 25 83 160 182 89 45 15 112 7 132 151 126 99 179 153 35 67 68 111 19 56 96 124 37 163 80 81 181 192 171 159 85 139 140 0 4 52 131 77 69 9 117 150 65 5 155 70 26 173 78 16 10 145 106 187 109 184 55 29 137 60 98 3 38 42 167 108 191 2 175 23 58 168 142 125 120 8 122 177 18 44 91 148 114 190 185 157 64 138 
TEST LEAKS 5 ARG:185 96 186 178 27 65 45 8 20 13 30 70 148 50 73 132 111 143 21 57 154 64 162 77 136 99 197 29 112 74 183 3 138 196 109 82 95 0 190 131 199 12 53 79 76 134 84 106 150 107 15 187 168 121 46 14 200 145 164 155 11 10 171 17 28 179 78 139 5 89 58 35 181 71 90 189 135 146 31 2 69 108 117 36 1 19 23 47 80 68 114 67 85 101 156 34 97 169 126 188 177 133 55 166 18 184 37 66 120 87 61 91 180 193 86 175 75 63 147 113 51 141 127 54 119 137 158 88 72 198 167 60 174 94 40 157 159 32 100 153 98 176 81 140 160 105 43 52 129 49 122 115 83 22 144 170 161 195 110 149 151 44 104 24 191 125 123 4 194 56 116 9 103 173 25 93 130 192 142 16 6 38 163 39 102 165 118 41 7 124 26 128 172 92 42 62 33 59 182 152 48 
TEST LEAKS 5 ARG:151 120 89 132 129 117 51 99 10 169 158 1 192 37 174 40 134 18 148 159 52 47 173 73 15 65 72 143 112 16 127 64 54 153 104 31 185 57 63 201 105 29 98 176 96 197 167 46 38 195 161 170 44 138 103 81 135 149 157 152 90 17 124 91 126 110 8 155 166 79 56 24 14 116 34 66 9 42 184 19 122 82 11 68 97 193 146 13 6 55 49 141 145 131 181 188 86 186 22 147 71 171 190 125 2 23 74 0 180 136 114 140 165 35 128 26 106 92 41 179 200 107 27 198 36 178 88 43 168 144 45 12 80 70 133 175 139 4 5 76 199 78 137 48 25 94 7 3 50 191 113 28 119 20 100 194 162 130 69 84 111 33 118 21 109 58 101 83 164 183 196 75 62 59 93 102 187 115 30 150 163 121 32 87 95 154 172 108 177 39 189 53 142 156 60 85 61 182 67 160 77 123 
TEST LEAKS 5 ARG:130 52 28 161 163 108 88 75 59 95 99 128 176 112 195 178 47 146 131 152 46 44 191 17 10 45 126 105 69 185 174 165 7 199 57 61 3 164 187 21 68 9 104 183 167 141 147 169 100 74 98 49 113 1 110 138 186 14 182 153 114 67 4 142 193 80 192 43 62 111 145 60 189 143 92 82 140 197 202 188 13 127 55 173 139 121 8 23 132 36 18 194 39 179 91 33 103 168 37 77 19 27 156 70 102 160 0 106 65 63 170 129 172 196 137 42 107 118 34 149 109 122 22 96 159 79 181 120 119 54 148 81 48 85 136 162 93 144 150 125 200 97 76 78 15 134 83 53 124 56 180 201 87 41 190 115 51 177 29 31 90 73 35 64 89 16 40 86 175 116 198 12 32 30 84 101 66 155 158 58 94 6 71 2 5 166 24 157 133 25 20 184 171 11 154 50 72 135 117 151 123 26 38 
TEST LEAKS 5 ARG:170 101 89 168 17 79 61 0 7 202 124 188 69 27 48 9 26 120 116 13 34 45 135 162 133 143 189 194 71 11 117 108 56 51 40 200 121 58 155 15 76 97 186 83 115 126 160 47 19 123 99 23 24 6 184 105 151 104 4 33 109 2 198 176 196 10 180 165 38 197 175 50 92 182 136 21 28 158 164 125 62 81 60 67 146 5 107 63 53 16 68 57 150 86 114 31 195 132 74 77 203 172 100 78 167 113 141 190 128 75 52 36 106 127 112 156 85 166 82 183 22 30 35 110 138 134 131 174 39 66 90 111 55 65 94 152 201 181 148 37 41 193 8 49 93 70 191 25 187 179 12 72 177 103 169 144 96 32 54 147 192 137 130 84 42 87 98 119 43 173 64 1 59 95 159 178 139 14 171 149 73 18 3 20 145 44 91 88 118 154 140 29 129 185 157 163 80 142 199 122 46 102 161 153 
TEST LEAKS 5 ARG:1 69 52 131 115 124 193 34 81 51 29 106 164 171 50 79 149 163 83 107 178 77 143 7 18 80 22 146 73 66 188 158 138 46 15 75 192 120 16 47 175 67 105 128 98 54 197 179 25 168 104 57 133 177 116 157 91 28 20 184 130 58 70 170 144 150 35 90 64 59 196 122 55 60 127 186 100 68 96 118 11 191 24 194 162 43 31 167 125 200 139 89 94 142 39 21 85 12 41 145 174 2 129 93 181 102 137 27 19 113 169 119 153 123 37 190 40 180 201 114 95 202 173 44 141 62 148 4 156 53 8 78 109 14 160 45 159 5 63 26 42 204 0 84 17 110 140 49 151 182 147 189 72 38 154 111 33 121 30 13 6 187 132 103 48 161 10 3 108 92 36 172 87 199 71 183 195 134 61 203 99 32 166 165 101 74 152 82 185 112 9 155 65 117 198 97 56 88 76 176 136 135 126 23 86 
TEST LEAKS 5 ARG:100 73 185 85 36 27 117 19 23 110 166 38 144 78 160 88 11 201 63 86 90 118 138 98 29 126 52 34 71 150 141 95 119 204 12 74 105 103 37 130 13 91 134 161 92 127 124 26 54 179 68 42 89 76 2 176 152 181 157 122 35 136 147 47 58 104 39 62 24 25 72 48 174 131 137 175 128 203 20 158 21 132 190 7 184 3 32 87 173 146 15 81 155 107 108 156 149 84 153 94 41 188 4 163 195 159 151 109 168 112 82 125 139 178 113 79 14 55 187 202 186 8 6 177 192 148 171 51 1 193 57 164 33 162 189 64 120 191 180 9 49 69 46 167 99 10 200 121 115 97 142 198 0 59 70 182 165 101 183 145 77 194 199 53 93 196 106 5 96 45 123 18 116 31 22 129 154 114 43 197 135 61 83 133 66 65 50 111 60 170 17 40 102 67 172 56 143 28 44 140 80 169 75 205 30 16 
TEST LEAKS 5 ARG:192 81 83 151 69 198 90 7 56 99 91 66 13 79 142 206 64 149 32 199 184 98 112 158 187 124 174 121 116 189 86 38 72 186 120 135 145 203 177 11 25 1 172 59 166 74 46 39 80 182 161 178 175 34 24 140 48 30 71 109 113 152 101 103 76 82 194 137 35 122 63 123 191 94 133 115 185 107 4 57 52 60 134 156 119 111 20 77 114 95 148 104 37 197 170 167 97 16 176 100 125 141 201 17 73 160 181 171 159 44 132 14 155 51 183 58 78 127 29 102 96 19 47 26 68 36 87 144 106 2 205 62 147 12 28 157 3 190 42 105 41 10 204 129 131 8 188 173 18 162 93 55 153 200 65 139 168 128 150 50 164 146 40 179 88 138 92 108 43 5 0 143 33 180 110 15 9 21 23 196 89 136 126 70 67 49 53 27 85 165 31 84 54 202 118 45 154 169 61 75 22 117 6 130 195 163 193 
TEST LEAKS 5 ARG:100 106 64 18 133 142 5 87 19 151 22 165 136 45 52 127 177 187 200 190 207 67 69 21 61 184 1 161 199 119 140 55 50 80 99 72 105 102 43 163 76 15 191 92 160 63 157 173 49 103 194 181 110 150 17 9 162 182 75 39 36 59 185 118 60 89 66 167 138 54 82 116 153 27 51 86 146 178 96 175 74 145 193 135 186 197 48 109 28 107 46 126 111 180 20 34 159 30 179 183 158 6 23 35 149 203 53 206 47 171 122 168 71 79 166 0 129 24 154 174 7 83 108 113 77 123 31 169 13 130 196 58 137 90 189 112 97 14 104 29 84 156 16 201 11 176 93 25 124 10 125 132 144 172 44 148 3 42 143 65 68 120 188 33 8 115 85 170 114 141 94 38 101 117 56 26 78 40 32 12 192 131 128 164 98 134 81 139 57 155 4 95 152 202 198 41 91 62 2 147 70 121 37 205 88 204 73 195 
TEST LEAKS 5 ARG:65 30 126 61 95 190 143 140 9 80 74 25 17 184 137 31 125 156 206 79 187 86 149 118 163 201 200 71 145 174 146 157 33 155 10 35 204 58 183 198 110 160 3 138 176 170 189 132 112 4 43 37 152 7 32 122 186 181 94 197 101 51 169 115 64 188 154 135 50 158 92 45 147 178 67 29 128 175 153 84 106 44 203 76 89 90 21 34 162 194 97 15 11 168 108 100 85 26 91 134 165 66 73 8 36 102 111 151 39 52 41 77 75 123 208 192 0 161 117 171 166 121 83 127 99 130 131 196 202 49 56 48 55 107 63 133 96 191 129 38 159 205 172 1 195 119 179 78 113 82 18 177 68 47 59 105 180 2 62 60 207 42 23 13 93 148 142 16 28 124 81 70 27 185 116 19 98 53 173 5 144 87 88 114 120 24 150 141 57 164 69 54 20 182 104 167 193 103 46 199 109 22 14 40 6 12 139 136 72 
TEST LEAKS 5 ARG:187 192 94 68 145 205 125 71 47 80 98 46 52 57 199 181 84 148 174 8 81 156 6 179 87 113 112 42 10 79 191 16 39 82 154 141 133 206 60 78 4 134 41 35 97 153 73 208 188 18 147 197 24 100 1 162 117 150 204 56 129 121 38 43 21 152 85 176 7 119 175 139 118 37 200 130 17 28 55 165 195 196 74 66 30 67 131 109 32 158 167 183 63 95 177 157 189 29 59 198 104 201 44 106 161 164 12 92 186 101 11 184 155 91 170 149 83 89 45 53 144 58 51 75 25 102 13 116 127 111 138 115 123 166 36 171 76 20 86 135 50 31 169 137 77 185 22 70 124 0 3 108 160 105 9 26 88 33 114 19 61 194 69 49 23 209 159 99 64 178 15 14 190 172 143 142 140 5 203 2 62 173 126 168 163 151 146 27 54 40 120 107 90 180 136 65 72 103 34 110 48 193 122 207 96 182 128 132 202 93 
TEST LEAKS 5 ARG:27 45 202 79 192 141 152 99 116 4 207 173 114 127 94 145 160 101 14 42 33 154 8 2 93 183 118 126 186 137 31 181 70 32 185 71 166 119 34 62 155 84 204 134 197 210 109 195 0 49 146 17 132 25 10 36 78 73 142 124 35 188 158 139 7 77 111 66 3 129 151 87 200 30 58 6 57 68 105 39 65 37 206 161 43 171 55 194 95 120 29 48 193 44 97 23 59 209 1 177 148 19 67 140 208 172 81 107 91 179 41 60 182 20 205 52 135 83 96 156 121 123 13 180 24 40 131 178 103 159 16 167 80 184 11 136 189 5 201 130 50 133 85 15 153 170 28 165 143 187 164 22 102 54 72 82 106 196 61 88 113 108 47 26 138 199 104 69 190 128 86 51 149 191 100 115 117 56 144 89 38 21 46 168 92 203 98 125 122 53 112 110 175 18 76 75 162 157 198 150 64 163 12 74 147 63 9 169 174 176 90 
TEST LEAKS 5 ARG:173 103 8 183 131 22 112 95 6 175 105 96 32 9 161 144 110 0 107 50 15 128 76 104 26 1 203 101 186 56 77 199 208 196 172 209 47 191 158 140 67 166 194 87 147 37 206 211 60 193 182 176 207 201 35 192 143 79 157 62 171 68 17 63 45 165 153 93 39 204 5 189 150 149 53 127 148 27 46 210 54 11 80 124 198 117 41 177 138 116 36 164 74 75 129 91 114 57 184 118 70 82 141 125 205 64 185 81 155 130 133 42 29 86 190 200 88 146 197 135 170 25 102 23 137 154 12 160 111 195 132 120 151 109 92 106 14 180 24 59 13 52 89 65 159 16 31 152 72 134 174 49 168 108 181 156 113 115 69 10 167 21 18 73 100 90 84 126 163 66 179 119 97 28 33 51 98 142 43 61 2 83 55 20 78 145 202 188 187 123 122 48 85 178 99 38 44 94 71 19 40 34 136 30 139 169 7 58 162 4 3 121 
TEST LEAKS 5 ARG:18 124 179 48 81 23 206 96 165 123 102 146 205 15 172 37 16 47 44 111 0 190 149 42 212 127 40 152 170 3 86 133 174 183 156 59 116 107 114 6 98 99 60 51 73 1 160 61 109 128 159 88 158 113 197 17 26 56 97 28 90 163 191 30 208 186 50 166 94 138 33 9 182 108 71 14 104 121 57 70 45 117 143 151 200 80 68 78 181 10 31 100 129 177 169 132 110 25 122 137 207 150 53 198 8 141 55 203 22 210 162 189 201 4 38 134 67 180 84 131 185 144 63 155 43 175 39 21 49 118 164 209 12 76 2 106 130 65 66 115 95 119 13 154 184 85 103 79 188 142 72 36 196 195 74 192 145 62 91 20 19 176 168 32 101 161 193 171 167 139 136 202 135 199 58 157 153 34 178 46 35 148 24 92 112 93 7 54 11 29 173 89 211 204 82 126 27 5 52 194 140 77 83 125 69 64 41 105 147 120 187 75 87 
TEST LEAKS 5 ARG:95 31 70 30 60 189 54 177 37 4 53 81 190 192 78 161 84 41 24 104 69 196 136 27 113 134 112 99 193 40 162 72 168 21 32 173 29 77 76 174 86 9 71 33 97 12 44 108 139 151 0 204 116 61 207 150 57 94 18 138 23 159 188 180 146 211 49 115 66 184 127 133 55 176 121 74 131 128 181 107 143 46 132 137 35 183 79 105 210 48 34 144 19 8 200 152 68 187 42 212 114 208 205 90 163 3 7 135 75 124 103 122 201 59 88 129 52 117 171 14 80 1 51 195 96 100 16 101 167 67 142 157 120 119 64 56 65 170 158 154 83 50 82 26 6 36 179 197 165 43 164 28 102 145 118 202 148 13 123 2 20 98 140 130 182 58 111 15 106 172 47 194 203 209 160 191 92 91 11 199 126 178 25 38 93 89 185 153 141 39 10 175 213 110 206 149 109 169 45 198 73 62 147 186 166 155 63 87 156 22 125 85 17 5 
TEST LEAKS 5 ARG:29 9 190 133 100 76 138 155 198 58 161 102 16 112 85 177 55 121 129 165 77 160 86 119 37 205 89 144 163 209 180 141 75 7 47 39 114 50 66 174 146 83 101 49 113 197 28 48 94 20 59 109 52 53 204 82 171 67 40 115 73 201 206 169 193 24 78 65 56 88 91 90 194 23 34 95 156 35 200 116 213 159 143 173 10 21 210 93 0 188 99 117 32 44 120 183 84 207 22 79 202 17 162 196 111 70 105 137 178 98 150 68 131 19 164 36 38 158 195 110 189 172 81 87 8 191 199 139 140 134 6 136 179 149 167 69 1 132 126 25 153 96 4 127 142 185 106 27 13 41 107 176 135 125 63 184 80 71 43 54 166 92 104 62 151 130 128 175 182 103 74 18 145 31 192 154 208 72 211 147 152 46 124 64 26 2 170 33 42 123 157 97 5 148 60 118 181 187 14 12 108 30 186 212 57 122 168 61 45 214 51 3 11 15 203 
TEST LEAKS 5 ARG:0 17 165 26 182 62 145 189 18 48 156 81 144 124 61 53 130 161 90 10 174 8 88 137 31 1 128 28 69 143 169 194 192 60 132 116 177 91 112 166 99 136 123 38 160 15 47 89 127 206 173 201 179 202 203 190 149 66 150 101 100 42 72 153 93 34 3 187 57 133 76 204 71 5 157 14 158 152 74 164 207 199 45 111 131 25 16 70 86 49 13 4 63 196 92 140 78 117 110 80 211 205 135 43 178 170 56 12 163 77 147 171 37 146 102 67 105 180 167 22 188 87 184 118 154 126 32 176 208 58 75 139 51 46 198 84 151 186 2 79 44 96 82 185 168 30 175 209 83 35 148 95 120 113 19 55 195 214 36 122 103 27 141 50 115 172 155 213 54 200 162 107 129 33 159 64 125 73 106 181 134 11 183 138 197 40 121 108 119 20 191 65 97 98 6 94 9 41 29 7 142 23 193 39 24 68 210 21 109 85 104 212 114 52 59 215 
TEST LEAKS 5 ARG:64 37 26 14 139 81 63 69 140 211 40 141 89 0 51 10 124 4 209 95 61 57 110 153 125 160 106 15 129 202 36 93 150 23 155 190 213 24 178 134 47 127 191 1 169 102 167 16 19 79 22 120 157 210 82 119 112 174 99 101 109 77 30 168 107 11 108 138 163 164 90 71 56 92 145 46 41 73 55 78 143 104 84 49 100 123 185 67 118 122 88 83 148 80 149 203 171 158 2 130 50 196 62 7 34 45 103 8 179 135 105 9 165 116 76 176 94 113 52 31 189 68 183 142 182 98 121 117 177 144 216 126 208 200 6 65 154 3 181 72 38 212 75 214 147 96 85 204 48 74 86 53 132 162 137 21 205 12 70 58 5 39 131 18 173 97 60 42 186 28 27 215 87 198 43 13 207 32 201 25 170 111 29 197 184 54 128 152 151 91 188 159 114 133 194 192 187 161 35 115 156 193 175 44 206 33 136 180 146 166 59 20 66 195 17 172 199 
TEST LEAKS 5 ARG:201 197 107 147 104 100 138 82 156 0 123 210 9 24 178 66 86 200 191 77 193 118 81 177 38 68 206 212 144 93 102 54 150 7 160 80 121 145 127 98 72 188 1 89 167 113 16 215 139 176 48 142 23 186 111 173 181 87 151 64 184 114 34 70 124 35 101 153 69 59 190 119 126 120 25 39 71 157 125 216 148 109 37 135 169 8 155 62 141 36 19 96 49 61 2 137 154 4 53 65 11 106 91 103 46 14 95 159 163 42 94 110 166 131 13 26 195 73 10 60 50 52 203 180 17 128 76 208 55 47 28 29 84 165 27 129 199 134 175 57 115 179 130 3 92 6 158 22 162 198 183 171 21 85 152 214 30 63 33 161 15 75 74 189 88 12 187 133 194 5 136 182 149 97 78 217 170 56 116 105 108 67 83 172 143 168 192 140 32 207 196 43 18 174 99 211 185 132 205 20 112 90 202 79 44 209 117 45 31 40 122 41 213 204 58 146 164 51 
TEST LEAKS 5 ARG:54 214 137 101 45 62 48 126 73 31 128 83 141 19 39 154 207 149 185 53 206 92 102 32 127 51 197 26 5 167 156 186 152 110 91 16 71 109 170 142 52 95 93 194 132 191 146 119 125 70 18 129 21 198 50 113 200 190 36 27 104 111 66 9 148 85 63 57 106 171 202 192 145 7 99 81 75 74 168 187 2 159 100 37 144 131 179 68 217 6 11 41 164 0 38 84 116 4 60 195 112 12 78 40 24 22 67 79 140 46 204 180 65 88 162 108 61 14 196 20 122 174 86 150 114 213 166 77 30 160 199 23 123 3 182 13 89 44 97 34 211 8 201 107 178 80 120 208 115 215 98 29 172 139 218 15 189 94 210 82 135 55 169 64 193 183 47 188 212 161 153 10 158 130 25 173 177 105 43 133 209 147 1 136 59 216 143 76 157 203 87 155 175 103 42 28 176 33 151 117 181 58 118 56 205 165 72 184 35 96 17 138 49 90 121 124 69 134 163 
TEST LEAKS 5 ARG:26 47 218 114 5 142 53 183 127 106 141 207 219 196 138 137 197 92 100 31 63 44 59 158 91 215 129 120 65 69 190 10 171 32 210 131 179 169 118 49 67 66 42 35 64 21 40 109 186 157 112 96 119 156 88 160 148 22 104 97 51 126 214 110 172 145 39 135 152 87 181 74 200 123 57 165 155 24 11 98 143 62 174 43 8 82 154 216 105 176 205 15 101 146 2 85 166 209 99 103 94 72 184 36 113 213 212 168 17 177 194 136 144 202 188 89 28 6 33 125 159 18 185 139 140 128 61 115 95 191 50 203 206 211 90 187 208 34 147 81 29 73 167 20 122 0 54 16 198 195 58 70 4 52 204 37 134 170 149 107 121 45 182 93 217 117 201 41 80 60 173 163 102 23 30 124 108 77 162 78 46 178 111 3 76 14 130 133 27 180 12 164 7 83 84 71 75 175 199 48 189 56 161 132 153 25 151 38 86 116 13 150 9 19 79 68 193 192 1 55 
TEST LEAKS 5 ARG:68 218 182 153 92 11 181 147 84 106 109 66 151 203 191 38 21 3 58 64 9 35 110 168 29 89 124 59 176 122 121 163 41 85 77 158 130 75 125 211 103 90 81 126 37 134 160 46 112 51 205 165 70 105 149 78 95 187 220 104 146 54 67 63 138 88 80 4 27 108 214 76 209 128 118 189 127 142 193 57 159 179 175 145 188 56 87 16 19 117 186 23 180 24 204 1 91 101 52 13 208 185 55 150 86 129 132 32 172 98 22 72 18 20 162 166 116 177 102 71 216 74 155 25 94 0 114 10 7 15 171 14 200 192 28 164 202 206 170 207 93 196 215 115 174 120 183 190 156 197 135 133 47 210 79 178 143 73 2 111 50 194 139 48 44 5 45 82 53 17 131 99 148 42 119 107 219 140 152 30 136 113 6 60 65 49 62 195 157 26 36 154 201 33 137 198 161 69 61 212 31 34 12 123 167 96 144 8 97 169 199 83 184 43 141 100 213 173 39 40 217 
TEST LEAKS 5 ARG:203 197 56 156 144 26 22 2 221 117 103 8 31 134 79 36 17 63 168 108 121 173 109 39 177 122 192 126 12 211 72 88 111 139 147 116 60 18 24 101 179 204 166 38 65 153 172 62 73 77 6 195 146 49 92 4 120 159 42 157 182 104 138 47 64 217 1 68 41 16 167 100 136 3 184 154 193 174 83 151 208 212 199 152 78 110 11 14 216 74 86 130 189 143 70 131 190 76 132 7 137 205 67 107 128 23 180 85 181 112 183 178 214 200 198 135 15 45 54 9 106 98 141 158 66 27 186 37 82 160 0 94 40 115 175 170 19 191 196 81 142 30 150 164 169 127 43 32 125 162 71 99 34 161 119 61 48 57 202 52 10 96 21 53 51 124 29 105 102 25 5 155 90 95 129 28 194 145 187 13 140 58 219 133 188 213 210 69 46 218 215 201 59 165 87 55 113 209 176 206 93 84 123 97 185 148 35 171 118 207 89 163 80 44 20 114 33 50 91 220 75 149 
TEST LEAKS 5 ARG:14 120 189 208 79 3 177 90 173 99 140 143 107 66 145 104 65 152 161 38 92 133 111 210 179 220 64 176 63 18 43 164 209 118 1 21 175 60 51 91 200 197 141 162 139 125 122 22 55 151 76 53 25 157 187 88 114 119 58 137 163 26 67 184 213 5 207 172 16 29 201 121 35 211 72 23 7 117 70 78 158 57 188 103 214 148 46 130 183 153 19 115 102 196 2 81 178 134 28 128 71 204 169 10 135 32 84 20 40 160 74 112 97 167 165 142 82 75 110 54 86 154 127 85 124 8 34 222 87 33 180 150 56 83 101 17 45 27 174 98 171 206 80 31 182 0 217 47 4 195 185 194 147 50 144 106 126 9 69 109 129 191 192 49 202 123 42 39 219 136 155 73 203 59 116 221 44 105 186 168 36 156 37 132 15 199 93 216 11 166 170 190 12 24 94 100 89 138 212 30 146 68 6 215 96 62 149 218 181 159 13 205 61 131 113 198 193 48 108 95 41 77 52 
TEST LEAKS 5 ARG:63 56 100 177 19 195 219 85 102 35 20 82 69 107 188 88 133 190 12 121 132 11 145 157 36 197 139 130 73 212 99 23 151 110 48 141 108 183 83 26 198 92 111 194 173 18 27 164 117 61 134 140 78 187 38 160 203 57 192 43 68 32 186 64 4 15 45 191 118 128 25 6 135 125 9 71 158 89 72 22 53 86 178 131 47 50 55 65 201 103 60 90 2 148 165 202 54 137 33 124 171 136 152 87 196 172 16 41 182 114 149 146 31 162 221 0 204 62 112 126 205 163 170 28 127 169 91 98 213 44 168 84 189 49 223 166 113 129 181 206 109 94 42 150 144 156 185 184 29 37 211 58 106 176 159 76 122 1 220 39 79 214 13 147 175 115 217 7 218 216 34 155 207 74 199 8 120 81 193 101 222 104 215 179 105 21 123 208 200 14 40 174 143 70 119 210 95 77 153 10 75 93 52 116 30 80 5 154 142 161 17 180 96 24 51 59 46 66 138 167 209 67 3 97 
TEST LEAKS 5 ARG:134 42 105 77 34 119 168 118 163 23 40 76 64 161 127 56 214 155 191 122 179 59 12 33 165 43 92 114 126 80 45 9 4 38 124 158 182 198 11 164 7 97 44 71 140 216 116 200 190 82 49 203 51 41 217 148 213 107 73 207 84 58 87 188 193 133 138 65 31 129 29 50 141 86 201 147 210 17 102 112 186 180 110 145 219 157 115 70 88 81 98 222 218 67 109 223 132 139 89 144 32 85 137 61 28 24 52 8 189 100 19 54 101 74 215 131 94 171 172 103 16 5 211 30 176 209 160 135 154 187 2 95 55 153 143 99 63 146 175 111 21 108 208 152 62 221 15 60 150 6 174 83 66 117 125 205 57 46 53 142 170 195 79 72 106 123 196 224 18 120 93 35 169 185 47 0 68 96 173 13 90 202 69 181 192 136 14 36 167 128 37 104 162 177 121 206 159 212 204 78 25 183 75 151 194 156 197 10 26 20 1 178 27 130 166 113 199 3 184 149 39 22 220 48 91 
TEST LEAKS 5 ARG:88 162 152 50 68 8 63 78 32 57 105 176 128 206 12 97 101 25 55 36 224 217 178 191 77 199 11 195 74 220 80 61 131 98 49 184 70 182 216 194 112 60 19 14 83 169 100 23 108 72 193 69 171 43 190 22 113 54 192 173 124 164 145 141 144 183 165 196 160 10 26 223 85 107 84 156 214 13 18 53 136 92 205 166 96 93 59 129 177 213 52 207 82 187 121 48 16 31 81 21 211 225 135 147 7 202 71 201 33 132 38 153 90 106 94 139 58 46 47 30 138 179 181 222 133 125 186 151 116 120 35 204 157 39 104 91 73 110 148 66 62 208 172 102 86 219 221 180 134 1 89 67 189 175 15 159 28 5 123 99 212 4 3 117 24 161 0 188 42 140 203 103 115 209 170 119 198 56 29 109 6 75 168 142 158 130 150 114 146 2 163 111 37 95 122 200 45 34 41 40 27 44 65 51 126 218 118 87 149 76 127 79 17 197 155 215 185 137 210 143 167 9 64 174 20 154 
TEST LEAKS 5 ARG:179 155 139 101 43 137 188 186 64 226 116 22 200 25 24 78 224 89 106 143 196 48 136 127 3 10 135 223 181 70 225 199 190 126 147 90 12 220 207 37 33 35 91 53 130 213 119 41 99 18 71 68 72 65 168 219 108 95 180 184 9 194 58 110 104 197 144 59 21 171 16 86 102 222 67 13 87 129 178 113 111 62 57 11 149 109 103 164 211 208 176 218 160 202 32 210 132 121 177 205 206 96 49 75 209 217 36 167 39 61 174 28 182 98 191 31 146 66 80 161 165 166 125 216 141 40 183 124 73 128 162 153 187 6 175 145 133 100 56 38 52 117 203 23 97 51 185 19 172 94 114 122 193 50 15 88 45 7 85 47 201 69 198 158 134 115 63 138 8 131 105 159 83 14 30 123 112 84 27 151 92 26 34 189 118 5 76 93 17 20 4 55 74 170 46 150 2 29 215 157 221 156 42 173 120 148 44 60 192 163 212 77 0 140 54 214 142 154 1 204 82 107 152 79 169 195 81 
TEST LEAKS 5 ARG:148 59 218 186 29 158 141 188 33 153 92 5 65 28 180 75 96 85 112 30 114 134 44 110 102 86 131 99 183 181 151 89 16 174 67 194 145 144 8 126 100 108 4 27 58 149 125 219 22 184 60 97 140 7 78 121 74 20 17 185 50 26 207 34 155 49 127 95 103 225 82 205 53 129 182 3 212 117 104 51 111 138 133 187 69 80 118 61 227 163 41 88 87 105 6 39 211 190 52 62 159 81 90 42 164 200 216 210 21 172 46 57 72 147 0 24 77 98 209 68 106 76 63 160 14 213 192 36 222 161 175 199 10 71 13 215 107 214 101 48 124 178 123 168 170 162 204 143 196 142 179 173 66 136 167 113 201 56 15 38 31 2 70 18 122 156 128 54 176 94 208 37 84 91 206 40 135 139 35 165 64 169 43 191 177 193 109 189 226 146 224 166 79 93 11 73 157 55 132 19 23 220 120 45 217 47 32 83 198 202 221 154 197 115 195 1 9 116 130 119 25 203 152 137 12 223 150 171 
TEST LEAKS 5 ARG:152 8 9 101 173 21 0 48 65 184 72 104 192 63 206 208 54 36 174 51 146 78 165 212 67 69 227 203 158 190 111 23 224 215 31 2 41 19 82 145 135 62 128 143 220 6 153 60 166 102 61 64 181 46 59 126 81 35 218 95 189 99 94 118 26 40 169 58 188 156 10 88 139 115 163 103 25 120 76 77 194 207 107 45 1 201 195 96 175 186 43 22 12 106 16 70 116 119 83 14 149 176 53 17 32 3 85 216 210 197 97 15 18 52 178 159 137 55 205 130 124 28 168 191 86 92 79 214 196 71 211 200 112 68 182 179 89 11 148 157 98 199 20 108 114 80 123 160 225 222 7 167 39 198 150 122 223 129 127 93 180 91 47 100 204 4 213 117 121 29 27 140 24 217 164 142 185 151 228 219 49 155 221 110 56 105 37 209 57 202 161 154 162 73 113 134 30 75 226 38 193 33 136 34 74 44 177 132 141 125 13 84 131 171 133 144 172 42 87 170 187 109 183 147 90 50 5 138 66 
TEST LEAKS 5 ARG:94 222 223 135 158 191 154 17 7 146 91 52 98 221 202 66 171 99 195 40 208 183 82 44 18 90 138 201 143 79 220 187 219 67 228 125 24 23 104 100 214 72 160 192 180 70 4 179 85 80 106 116 142 137 30 45 149 136 173 81 176 170 130 115 128 87 216 108 59 120 14 6 68 139 62 226 227 107 182 209 127 93 167 15 103 47 54 155 203 164 213 43 215 206 152 65 53 190 39 204 205 83 89 76 157 133 102 197 159 42 8 151 140 5 51 0 101 33 10 63 177 111 32 181 77 57 20 123 109 225 217 35 175 114 186 96 9 60 1 118 19 61 37 64 147 166 49 163 122 71 50 86 131 75 48 126 174 84 129 207 117 29 16 69 73 218 196 145 134 224 198 148 150 55 200 185 193 3 132 211 178 95 141 25 78 210 58 169 41 34 153 161 36 11 27 97 2 184 31 92 119 165 105 199 110 88 124 13 212 194 12 162 38 121 26 56 21 74 189 168 28 112 22 144 156 172 113 188 229 46 
TEST LEAKS 5 ARG:104 189 86 49 33 7 167 100 168 70 80 136 148 2 103 174 83 48 131 109 187 115 185 132 154 41 10 25 219 30 92 196 31 170 101 220 21 51 45 87 227 183 9 213 64 78 26 111 37 218 184 5 209 224 105 217 82 20 191 16 214 133 199 204 158 207 60 15 141 36 91 81 63 90 108 56 190 72 68 197 12 54 127 88 221 57 124 173 164 0 177 6 175 59 8 94 27 212 95 73 24 52 169 97 23 147 43 96 102 89 155 18 182 11 198 67 194 208 215 106 230 152 77 110 84 46 193 29 165 125 157 44 202 206 151 144 210 98 120 146 200 126 130 188 121 223 122 138 118 40 42 134 161 69 74 66 85 61 135 178 142 19 17 50 195 76 79 137 156 203 62 119 225 39 176 166 211 123 159 179 226 216 143 128 55 180 3 14 38 153 112 114 22 107 228 201 4 163 47 149 65 181 58 75 186 229 34 150 205 53 1 222 113 129 171 116 192 32 117 140 162 28 35 93 145 99 139 160 172 13 71 
TEST LEAKS 5 ARG:15 98 144 70 184 231 221 206 160 165 99 155 156 68 150 125 192 116 224 109 226 74 178 2 143 151 223 8 62 167 124 114 152 41 174 43 228 27 25 139 208 140 35 92 191 204 10 170 127 171 3 198 136 78 63 119 88 210 49 218 46 67 31 32 89 172 190 123 227 107 83 65 130 222 216 168 179 195 118 183 58 181 24 104 105 19 187 133 71 90 138 230 36 110 13 203 73 84 66 54 30 38 40 37 14 39 97 80 53 82 122 217 44 131 211 64 93 199 164 96 120 176 34 219 225 129 175 209 85 149 196 52 169 220 163 158 75 7 166 86 159 81 161 9 33 101 148 57 132 12 186 17 6 48 1 117 72 189 106 102 193 212 142 194 59 76 11 177 229 20 134 180 79 42 126 69 45 87 215 50 4 51 60 29 112 182 205 154 213 22 26 185 147 141 113 207 197 115 146 128 201 94 202 173 145 157 214 121 21 111 47 100 188 56 23 61 16 135 18 28 103 153 91 77 200 137 162 95 108 5 0 55 
TEST LEAKS 5 ARG:86 69 213 142 66 163 108 65 203 42 83 221 37 208 111 145 149 174 170 23 98 56 116 91 45 225 54 224 114 76 97 147 2 184 157 211 215 81 14 62 99 136 84 188 77 87 159 182 132 41 27 30 164 178 133 232 126 17 33 21 160 115 9 72 169 212 139 12 79 85 51 144 101 55 118 34 226 102 75 207 189 130 117 162 60 204 67 6 7 1 50 200 8 103 205 187 3 28 190 150 11 143 96 229 197 210 193 227 220 38 202 22 216 40 199 105 0 173 201 183 104 57 146 10 94 90 24 106 223 4 217 15 137 209 135 177 120 153 154 138 44 151 18 58 166 78 13 49 152 194 196 156 219 39 158 109 82 171 218 93 124 73 198 19 35 88 185 31 134 168 123 68 71 175 186 32 74 5 214 64 167 179 191 148 140 70 113 121 52 230 112 131 161 16 165 89 92 155 192 26 61 206 48 95 128 176 172 63 43 125 119 36 80 107 29 53 47 181 129 127 100 122 231 25 110 20 59 195 46 141 228 222 180 
TEST LEAKS 5 ARG:116 181 123 157 172 134 145 201 221 86 83 215 40 43 75 219 18 9 188 175 5 0 80 73 21 209 77 117 165 64 98 84 131 1 92 25 102 173 174 160 109 162 161 225 231 76 15 233 183 122 110 136 125 164 59 69 229 179 2 155 23 180 119 57 36 79 178 68 169 108 118 184 213 170 135 124 223 138 137 168 143 106 152 217 63 187 144 62 44 11 218 115 204 26 199 91 113 19 133 207 14 159 29 48 34 222 212 195 74 31 200 224 50 71 32 154 46 151 192 35 226 88 232 13 66 177 171 166 39 140 196 82 112 149 227 220 111 190 211 186 72 142 20 147 49 96 97 176 56 28 101 87 100 85 33 65 24 95 202 158 126 189 53 105 90 42 107 99 47 114 6 3 205 60 22 153 54 121 216 146 8 58 70 61 214 89 148 185 208 139 41 191 30 156 128 150 129 7 127 81 16 10 182 132 210 130 194 78 193 51 52 38 37 167 17 45 93 230 55 197 120 27 103 4 67 198 141 94 12 203 206 163 104 228 
TEST LEAKS 5 ARG:202 154 128 207 119 178 11 194 144 115 64 66 25 175 158 143 151 27 208 218 141 127 44 167 63 124 57 48 87 46 142 72 20 179 100 13 101 182 85 180 153 59 62 77 95 23 166 233 70 225 54 52 18 39 198 10 17 0 219 14 21 193 156 74 80 228 122 69 1 184 108 22 133 168 145 209 150 232 203 118 172 221 212 165 109 34 61 5 19 36 204 215 75 195 82 131 146 222 152 42 121 103 102 149 129 197 130 200 132 56 230 8 111 161 28 187 173 79 164 53 81 177 37 2 50 188 189 98 174 90 15 171 147 137 45 78 196 99 110 49 47 92 223 231 86 140 105 220 29 217 35 160 155 214 234 106 211 26 176 73 55 104 186 123 88 120 224 38 71 181 84 43 93 58 157 65 114 31 169 117 94 32 183 148 67 41 134 24 199 191 135 68 210 192 163 30 213 125 136 139 205 76 9 206 226 227 4 112 89 40 60 162 170 16 190 216 12 83 96 6 201 116 185 7 33 51 159 91 113 3 229 97 138 126 107 
TEST LEAKS 5 ARG:71 60 35 56 50 6 100 205 213 18 110 157 81 103 206 192 43 200 54 19 181 2 93 222 76 53 135 34 41 193 63 173 155 72 187 11 176 121 217 24 147 208 215 203 115 114 52 204 129 17 16 132 166 90 40 1 32 198 228 61 29 116 186 146 141 130 212 66 214 235 174 79 167 145 207 184 230 218 162 97 211 134 160 195 201 139 84 33 25 153 224 209 51 158 73 69 127 113 191 75 109 144 142 168 4 150 164 171 231 177 161 49 57 196 190 125 106 189 179 58 108 86 149 232 210 85 23 202 36 44 88 0 122 172 95 22 170 92 233 47 59 124 80 83 21 48 65 117 98 64 91 178 183 62 131 229 99 199 96 26 12 105 151 225 9 74 120 87 13 165 156 31 78 104 37 143 126 3 107 46 163 133 7 10 39 234 219 111 220 28 14 136 30 123 227 94 102 112 182 226 5 20 148 119 185 159 68 137 67 8 223 27 82 42 89 152 45 101 138 154 15 194 77 140 70 128 55 118 169 216 175 221 197 188 180 38 
TEST LEAKS 5 ARG:32 171 87 178 39 234 40 94 33 41 218 152 227 207 192 38 76 219 223 155 46 56 97 85 172 157 142 147 153 139 184 25 179 160 200 7 195 120 164 99 191 163 203 233 18 225 175 129 8 112 126 117 35 143 221 190 69 71 161 228 169 49 28 206 37 104 193 107 68 111 189 136 73 48 128 43 166 222 204 74 29 188 217 230 159 98 201 101 208 122 60 67 6 64 115 88 205 19 90 144 199 236 51 145 65 130 216 214 54 215 231 108 82 80 110 137 167 58 226 27 95 103 134 173 146 11 81 118 150 102 116 127 16 210 14 61 24 135 106 125 168 1 158 133 113 36 9 119 224 22 91 63 2 148 79 53 4 92 149 59 44 162 75 121 176 45 182 212 138 132 5 229 86 180 156 114 0 209 232 23 174 77 21 141 165 34 10 197 109 131 70 12 30 42 15 47 52 100 202 55 170 50 124 3 198 220 57 183 235 84 151 62 20 186 213 123 177 26 105 72 196 31 96 93 83 187 89 154 181 211 17 140 185 78 194 66 13 
TEST LEAKS 5 ARG:146 96 212 134 130 0 125 71 54 114 59 188 127 235 151 1 148 184 141 53 120 55 156 68 83 215 61 200 103 25 115 186 27 137 196 157 118 153 92 222 189 108 209 35 234 149 97 46 64 8 12 233 76 211 171 75 40 179 205 124 223 190 4 81 128 210 2 39 221 36 38 145 135 107 123 26 217 79 51 150 18 93 74 201 58 3 202 213 31 226 193 111 50 178 22 159 82 198 131 231 17 147 5 214 112 52 219 73 204 174 105 77 113 192 49 30 87 133 139 23 194 28 101 136 10 48 90 41 216 37 218 172 44 132 88 167 207 144 228 20 69 220 140 100 89 45 155 84 110 67 60 14 199 206 85 56 65 109 162 102 232 98 180 11 16 57 168 195 158 161 173 165 237 224 13 197 187 121 185 170 86 142 9 166 42 126 160 183 176 7 152 15 63 236 177 78 138 225 43 175 21 106 227 19 116 117 32 6 182 169 70 164 62 29 33 104 91 203 181 34 80 163 119 94 72 208 143 129 24 230 229 66 99 47 95 191 122 154 
TEST LEAKS 5 ARG:213 70 207 158 201 164 58 60 181 136 100 203 192 48 120 133 26 105 85 222 155 169 96 191 43 81 4 34 160 14 154 89 92 174 72 159 196 214 98 73 210 93 11 49 10 76 13 140 83 63 91 56 129 127 236 220 202 53 29 44 204 80 69 25 177 20 182 131 68 104 27 221 209 184 135 119 102 118 110 106 74 23 167 172 57 47 208 109 84 225 95 194 38 5 199 180 19 32 147 54 97 232 71 130 166 216 28 108 45 15 116 67 168 24 153 134 87 187 146 124 163 156 36 217 21 40 137 65 142 183 22 150 117 231 200 179 114 1 176 238 64 123 37 178 197 18 161 128 173 94 190 8 206 141 229 186 233 121 139 75 126 86 113 170 171 162 112 62 35 230 227 0 223 122 226 33 145 195 148 7 175 125 224 218 157 234 31 115 17 79 103 88 138 77 2 78 16 188 101 50 90 6 82 46 3 189 149 235 215 41 132 211 237 198 59 99 66 193 144 111 55 42 165 9 143 39 107 30 61 12 228 205 212 152 185 52 51 151 219 
TEST LEAKS 5 ARG:118 176 58 31 57 198 141 69 204 134 184 159 124 207 143 50 24 63 101 146 40 192 100 54 151 230 80 22 234 6 45 227 29 67 21 34 115 92 59 105 97 215 140 133 187 169 23 116 181 164 2 18 20 162 68 200 72 114 119 87 237 208 61 48 220 193 55 66 93 194 71 191 142 86 17 199 19 96 98 210 170 226 30 175 131 130 185 15 35 216 88 10 121 236 209 232 139 127 90 165 161 73 138 182 202 219 103 125 84 26 179 145 113 153 4 70 168 154 212 36 102 235 104 5 238 42 51 173 201 213 217 13 32 78 223 150 82 186 218 28 107 106 49 183 214 95 8 110 56 75 1 89 53 33 85 152 41 44 47 178 117 196 76 123 111 221 149 60 203 14 0 205 166 177 74 190 225 160 172 222 158 180 147 167 12 144 112 99 163 206 62 188 233 77 211 16 11 64 228 129 126 197 157 136 195 231 137 52 122 148 7 39 132 25 79 94 91 27 174 189 46 43 229 128 120 9 65 155 38 224 109 37 171 108 239 83 156 135 81 3 
TEST LEAKS 5 ARG:74 196 93 9 62 43 80 162 150 102 96 165 68 67 114 228 56 90 107 49 37 191 87 214 160 190 61 119 101 216 42 200 149 123 121 77 225 208 52 81 213 163 204 135 138 44 179 169 219 85 168 157 166 17 153 215 223 66 205 148 2 238 36 63 106 189 136 103 174 22 94 100 8 24 202 209 147 230 118 45 110 217 239 57 75 46 192 12 95 170 38 128 105 145 180 142 111 86 64 210 194 126 27 30 82 231 226 188 130 144 232 129 211 59 143 141 51 14 4 185 28 0 60 131 206 120 73 71 124 34 84 152 171 240 54 19 178 177 92 187 23 7 151 50 220 32 99 155 55 29 89 53 197 156 15 117 186 109 221 161 98 1 48 222 79 203 72 172 97 11 212 182 218 47 20 76 3 237 181 41 25 40 173 227 134 113 195 122 69 139 198 158 10 33 233 137 207 234 125 65 184 175 176 16 116 115 91 83 235 58 224 112 164 35 146 154 70 21 133 18 26 159 193 108 78 88 31 39 104 201 229 236 132 5 127 199 167 13 140 6 183 
TEST LEAKS 5 ARG:7 209 25 27 96 120 159 102 99 136 162 68 239 168 79 106 206 217 143 111 92 238 108 232 224 166 150 188 2 173 134 122 35 218 200 83 97 213 61 30 205 222 179 183 8 208 52 54 161 211 121 229 204 225 178 9 36 109 170 112 195 176 5 165 29 46 76 23 233 237 127 42 117 33 43 219 202 104 175 71 151 115 93 40 145 88 231 31 18 4 199 220 17 156 0 32 81 163 78 153 47 107 155 98 26 133 74 101 100 24 59 160 184 1 228 50 235 87 64 142 149 189 169 91 174 191 128 49 240 67 210 216 11 62 72 241 186 65 181 124 15 73 158 138 95 194 135 103 141 116 80 89 113 58 60 203 132 16 129 119 131 196 48 10 14 212 105 51 234 236 192 193 38 215 214 207 110 180 123 66 130 201 6 85 34 63 84 144 164 90 56 197 20 21 12 37 19 185 22 146 157 152 230 69 221 44 39 53 82 70 86 3 154 190 177 226 126 172 77 140 28 171 198 55 45 182 137 227 147 139 187 94 223 148 13 167 57 125 114 41 118 75 
TEST LEAKS 5 ARG:67 126 210 105 240 97 73 201 87 233 149 202 13 61 150 142 2 224 166 189 111 64 231 151 124 33 134 211 62 147 145 60 106 76 205 225 153 90 98 24 63 79 185 31 23 110 101 180 20 158 204 45 155 172 191 119 194 37 17 219 32 108 44 173 238 11 177 46 198 216 10 237 9 69 144 52 228 112 0 178 29 235 236 54 26 141 51 129 187 207 89 234 7 133 220 242 154 190 21 96 5 213 66 130 117 15 65 221 161 137 58 4 163 1 140 57 136 169 138 27 14 203 93 70 3 120 35 226 160 68 49 75 113 72 196 164 182 214 16 230 95 162 38 175 39 212 116 167 114 56 181 183 188 103 55 77 159 30 34 217 12 53 206 74 128 132 223 123 82 152 41 170 156 19 6 83 165 186 84 92 71 229 125 197 28 59 179 107 171 94 146 218 47 192 176 36 157 43 184 222 195 168 78 91 88 25 215 121 99 85 232 193 109 122 42 40 139 148 80 115 199 22 50 86 174 227 8 118 131 209 48 241 104 200 127 239 135 18 143 208 102 81 100 
TEST LEAKS 5 ARG:157 166 171 43 175 32 84 179 15 234 129 183 215 148 103 71 181 224 22 13 94 131 98 57 125 151 35 194 240 65 235 191 41 222 58 5 136 56 4 232 61 210 199 111 88 12 92 202 163 212 214 200 55 186 109 145 150 100 40 207 122 144 16 8 154 90 167 152 6 73 121 59 81 26 170 114 162 17 69 19 23 149 187 60 169 126 20 33 139 147 96 44 63 165 116 174 137 78 185 89 66 221 77 229 110 95 52 217 48 10 80 213 155 161 239 233 24 197 124 34 117 3 28 241 25 108 219 177 50 193 27 226 208 21 9 93 127 47 225 231 203 53 242 159 164 54 115 196 204 87 70 51 42 46 38 119 238 99 101 180 85 18 168 75 198 132 227 172 1 195 64 36 158 29 37 0 140 30 190 216 67 156 97 176 105 76 188 237 113 218 107 220 192 128 201 209 11 106 72 189 135 91 31 138 82 62 173 223 2 182 143 230 141 184 86 146 49 205 130 142 178 134 83 102 104 243 7 206 14 79 211 118 153 45 236 68 112 123 160 133 74 120 39 228 
TEST LEAKS 5 ARG:240 216 148 215 20 64 85 203 130 182 68 29 141 61 183 181 42 79 40 138 220 153 15 189 80 196 92 89 88 207 34 231 104 36 167 48 161 145 119 3 152 45 190 219 201 133 197 235 214 226 210 113 35 137 49 236 111 230 11 58 96 122 112 127 147 239 33 217 212 158 168 186 177 17 44 9 227 199 123 204 75 205 81 228 155 195 51 171 69 135 67 233 0 174 83 146 156 140 194 222 179 94 39 173 243 242 200 37 209 169 57 60 78 117 86 107 211 26 108 232 66 134 5 124 59 32 47 1 178 238 31 30 131 187 84 91 105 65 121 7 24 52 229 53 118 132 191 2 72 27 202 193 225 55 185 149 157 19 23 54 213 50 237 188 206 163 10 165 14 74 13 154 77 106 162 43 221 82 144 198 136 76 224 143 126 120 164 73 159 102 192 56 244 166 97 100 18 6 109 4 170 208 63 38 114 184 223 70 139 150 125 175 101 95 128 103 93 172 116 234 22 142 25 62 115 71 16 90 12 151 110 21 176 129 98 218 8 46 87 180 28 41 160 99 241 
TEST LEAKS 5 ARG:1 114 181 15 41 29 182 72 200 220 192 209 198 178 219 237 25 30 176 99 4 242 229 151 108 177 207 37 45 232 111 118 149 71 203 123 70 135 186 193 216 50 10 93 238 160 152 109 14 48 85 51 55 127 173 59 143 235 100 227 202 80 107 211 84 196 233 76 240 47 113 19 138 217 12 244 214 88 24 78 194 188 157 75 90 187 52 20 239 201 191 142 174 54 206 69 3 42 35 44 153 53 132 140 91 31 62 224 159 145 171 169 243 166 18 104 121 199 82 146 117 163 190 26 154 57 94 221 165 126 213 185 81 131 95 125 183 112 13 103 40 9 49 101 67 23 21 5 2 208 236 83 46 175 189 158 120 87 38 60 141 115 226 98 105 139 97 68 28 124 8 63 134 92 64 170 43 110 32 164 106 197 11 156 144 230 74 162 148 102 147 66 17 137 27 204 234 179 180 205 222 130 168 39 167 6 119 223 228 16 79 128 212 136 61 172 0 129 77 65 215 218 7 245 89 241 36 58 184 33 161 210 56 155 116 133 22 231 195 96 86 122 150 225 34 73 
TEST LEAKS 5 ARG:145 233 112 137 160 189 170 116 219 1 177 19 73 232 130 148 182 72 122 43 21 183 134 70 44 98 84 97 68 222 20 172 42 194 195 9 213 111 110 180 238 29 38 226 123 221 13 161 37 186 15 16 26 178 30 6 33 106 131 162 59 58 240 99 127 52 234 107 200 10 173 211 151 71 117 93 61 11 96 32 159 85 128 91 78 205 212 184 105 108 104 198 157 156 206 132 174 164 139 118 46 225 236 53 114 176 25 140 24 203 237 120 191 28 86 23 60 54 18 197 77 69 4 224 109 167 204 121 45 136 7 239 34 218 102 124 147 100 230 163 187 119 152 79 146 231 196 143 199 201 41 207 214 126 14 223 149 17 150 101 3 229 40 168 82 63 49 62 246 215 209 153 115 188 190 90 12 94 216 243 36 244 235 56 144 2 158 202 227 125 103 220 133 74 64 138 155 192 27 142 87 80 135 154 47 193 0 89 76 57 65 5 95 245 55 228 241 83 22 210 67 181 129 75 166 113 169 35 50 165 39 66 51 175 179 88 185 141 171 208 31 242 81 48 217 8 92 
TEST LEAKS 5 ARG:218 42 213 61 171 168 240 102 157 83 69 35 220 231 30 82 25 146 127 202 108 129 97 232 29 110 31 178 229 33 144 71 176 153 236 207 12 137 53 103 58 100 40 245 172 88 99 78 39 116 66 8 19 186 243 173 216 21 239 222 85 140 165 188 47 118 80 180 147 54 46 1 241 10 138 208 177 6 36 24 152 75 130 205 114 11 101 106 112 210 117 143 170 156 32 111 0 200 15 23 28 72 133 34 125 93 2 77 17 185 211 164 196 123 9 203 22 37 5 87 197 96 74 109 181 20 225 124 64 90 224 192 84 60 184 91 235 56 162 115 38 228 209 190 151 183 92 194 219 122 113 226 52 132 55 86 44 104 49 50 161 155 59 217 57 120 13 41 7 230 237 67 145 43 221 166 154 65 246 206 141 198 201 18 233 98 105 131 215 150 26 242 212 121 142 62 199 16 182 191 27 187 48 107 79 214 247 174 148 73 94 179 167 169 89 160 126 45 227 4 63 223 70 175 3 163 76 238 14 244 81 136 149 139 134 195 128 193 68 51 159 119 234 158 95 204 189 135 
TEST LEAKS 5 ARG:212 41 189 106 40 114 248 245 233 178 209 235 221 150 214 37 11 167 95 103 85 119 169 158 118 98 152 121 168 192 8 155 216 236 46 154 201 19 195 186 230 197 66 78 75 246 196 213 227 47 100 87 208 122 136 132 24 65 26 220 15 3 92 231 90 120 43 86 163 156 188 111 96 146 226 64 110 137 109 67 177 232 89 238 128 194 210 206 144 81 27 53 16 148 7 229 44 1 171 207 49 17 157 204 224 225 116 223 165 247 55 161 18 107 94 200 28 62 97 198 126 99 25 61 6 108 113 170 82 140 21 54 130 9 142 115 175 193 173 153 240 45 187 239 59 76 48 244 0 133 105 222 69 39 215 174 199 29 219 33 190 20 2 77 176 68 203 127 129 159 138 131 183 36 38 141 34 125 80 202 63 12 147 217 102 93 143 73 35 104 124 5 101 50 51 182 242 83 241 31 218 123 149 60 237 91 52 14 234 22 58 10 23 191 243 179 135 181 134 84 164 79 180 162 185 117 145 112 211 166 228 70 88 72 160 57 42 139 71 172 151 74 4 32 30 184 205 13 56 
TEST LEAKS 5 ARG:140 40 100 180 110 95 187 78 41 236 128 138 75 159 58 198 143 148 249 24 42 211 207 11 196 202 96 86 18 117 49 238 10 214 147 195 115 203 232 84 162 184 185 215 172 114 38 66 64 73 243 111 94 223 166 27 98 164 192 225 125 194 182 107 169 213 165 150 109 43 226 174 44 229 70 57 12 39 54 90 242 206 88 65 204 224 188 129 130 168 146 52 237 63 28 210 89 33 61 92 152 219 183 199 97 20 0 212 190 205 222 5 170 175 241 32 106 4 149 186 228 14 157 137 30 132 105 108 234 173 245 176 8 231 121 23 81 85 153 136 48 99 216 177 62 36 167 246 191 209 59 221 67 83 16 145 200 181 35 15 217 7 227 45 142 46 29 112 131 26 50 161 120 6 2 80 72 47 91 208 9 3 171 179 53 244 197 239 34 113 79 22 93 87 13 123 139 77 103 189 248 1 193 141 55 51 235 201 68 74 218 155 230 69 56 133 101 134 247 126 118 116 160 233 144 220 82 158 119 122 25 240 154 19 104 135 60 127 17 71 31 21 151 124 102 178 76 37 156 163 
TEST LEAKS 5 ARG:84 159 227 116 2 35 45 10 38 1 129 16 17 102 31 149 20 133 19 248 81 186 115 76 198 121 224 221 154 113 130 27 228 199 232 176 61 184 3 100 92 140 71 246 101 132 243 36 213 229 218 135 187 172 138 46 124 70 11 58 120 74 139 40 30 247 160 108 208 181 128 105 60 169 123 209 219 66 165 150 249 64 12 170 143 67 146 59 235 95 117 57 122 211 233 226 242 23 33 179 202 14 96 88 98 80 112 24 231 153 109 136 197 51 37 18 48 207 151 237 215 188 85 238 4 166 174 175 89 157 194 69 204 104 137 73 32 97 222 148 119 241 42 22 90 9 79 86 244 220 110 91 107 201 118 62 223 0 43 125 126 180 200 158 49 190 145 205 245 99 41 68 147 94 13 191 82 47 78 142 106 111 185 225 26 28 210 162 25 182 6 141 155 53 161 216 15 239 114 214 39 206 56 21 168 75 134 63 203 167 178 240 234 217 177 156 195 93 192 230 144 8 196 163 152 83 173 7 212 72 183 44 189 164 52 87 103 50 127 250 54 236 131 55 34 171 5 193 65 29 77 
TEST LEAKS 5 ARG:173 19 28 139 59 119 167 135 66 127 109 208 175 14 103 20 45 38 3 77 130 5 21 234 87 34 146 142 247 113 54 168 122 29 158 9 161 141 174 214 42 24 155 239 15 23 81 136 163 172 64 207 35 31 220 223 250 195 187 90 233 226 217 148 80 70 179 112 84 133 144 237 170 206 181 4 230 27 36 99 166 18 185 221 225 79 134 95 2 69 41 165 231 171 11 72 110 71 131 44 117 105 94 191 104 188 10 26 204 229 55 118 197 245 49 60 156 37 83 212 30 227 198 238 65 68 114 32 251 137 76 101 108 154 92 61 128 102 116 129 215 33 74 39 106 62 132 22 6 169 180 235 199 78 209 150 143 222 219 48 193 249 189 149 63 192 50 162 196 88 240 115 121 153 241 8 200 147 190 126 0 140 216 47 124 244 73 97 82 16 89 40 86 213 17 232 152 12 159 100 218 160 224 157 53 13 93 111 176 67 186 125 58 145 183 205 123 98 228 91 52 182 138 242 210 75 202 51 248 57 246 120 178 201 7 203 194 243 177 236 56 46 96 211 43 25 107 1 151 184 85 164 
TEST LEAKS 5 ARG:115 186 173 22 60 126 187 208 36 54 26 134 246 146 123 124 151 17 192 175 211 32 241 30 47 114 128 27 55 190 228 93 71 63 203 88 185 140 157 144 6 28 113 225 206 149 85 127 90 121 164 29 43 156 108 166 231 42 101 2 79 70 3 48 198 147 31 184 59 78 163 196 39 158 170 222 226 38 24 61 136 67 138 81 87 142 214 52 197 153 251 145 46 137 148 154 11 89 213 95 96 223 212 182 111 83 132 238 224 180 159 14 237 195 44 244 107 7 242 227 207 221 122 243 249 103 116 57 252 12 41 110 130 165 247 84 250 68 133 104 112 202 56 102 72 69 167 5 188 200 220 215 234 210 120 15 19 171 74 66 8 129 109 194 139 143 141 183 178 155 191 62 218 248 205 97 9 204 34 50 217 118 233 99 75 92 236 216 73 40 13 229 49 64 131 10 160 23 105 94 245 80 152 209 179 77 199 117 119 240 98 91 168 150 172 35 20 106 100 18 37 161 25 21 53 176 45 174 239 135 86 76 193 16 51 189 82 0 58 177 230 201 232 235 65 181 33 219 125 162 169 4 1 
TEST LEAKS 5 ARG:6 156 17 148 22 120 171 125 29 174 193 36 23 27 160 188 47 15 138 167 134 203 129 24 235 247 97 225 201 62 116 176 111 182 89 11 81 71 16 5 177 38 39 241 61 233 30 128 243 80 9 170 172 8 249 190 204 131 70 187 229 181 45 157 230 91 150 4 164 213 158 48 60 74 250 202 146 119 196 198 19 192 40 35 31 221 145 195 46 251 140 152 121 12 200 240 155 59 82 232 147 216 3 78 63 168 143 236 114 37 199 83 42 234 246 224 51 96 33 153 84 238 191 115 92 90 207 103 165 13 117 253 184 56 127 64 123 180 186 85 126 76 218 237 106 135 44 239 208 110 248 220 75 223 107 189 252 227 139 113 99 25 1 206 32 205 219 109 73 65 245 242 87 154 133 100 105 215 244 104 162 231 194 53 159 183 34 212 95 18 124 77 166 122 98 161 72 175 137 144 43 178 214 173 118 132 55 102 58 210 94 0 7 108 26 112 169 163 28 79 49 179 20 50 185 217 52 130 93 69 2 142 222 14 197 141 57 228 86 88 211 54 226 10 41 209 67 151 68 149 136 101 66 21 
TEST LEAKS 5 ARG:68 52 227 250 230 131 146 87 207 213 62 128 159 119 125 72 176 58 242 244 129 237 201 126 16 96 218 60 115 104 224 81 93 7 106 59 27 248 199 194 173 187 99 253 183 33 66 192 61 190 202 5 50 140 11 34 188 148 241 156 252 143 162 94 102 40 182 226 217 212 13 191 0 127 63 79 71 114 17 185 89 254 130 243 10 179 238 84 251 134 123 166 231 57 210 160 208 105 141 42 195 64 67 177 83 4 216 164 117 211 189 198 45 28 233 107 1 197 56 3 209 249 200 91 158 110 100 111 19 109 24 108 138 203 136 239 245 30 15 35 246 74 171 196 142 23 32 152 170 31 65 137 37 139 36 70 112 225 206 101 223 22 48 220 116 157 235 97 18 46 121 85 51 215 21 219 49 163 43 168 184 169 12 204 221 122 39 167 135 88 14 178 2 144 165 44 234 20 151 118 175 6 55 95 229 247 92 124 150 181 75 155 103 172 174 149 80 90 205 54 193 153 41 145 82 236 26 78 214 222 73 47 69 77 186 133 120 147 86 240 9 38 132 29 113 8 98 154 53 232 161 180 76 228 25 
TEST LEAKS 5 ARG:148 109 32 145 101 114 121 224 9 105 151 143 235 46 88 130 1 230 216 108 144 68 69 83 209 95 241 81 162 133 214 164 199 227 150 225 198 117 45 71 142 167 134 157 185 138 23 39 30 13 52 193 79 229 75 139 152 136 177 140 6 29 73 190 200 97 91 106 93 210 191 195 132 137 84 194 98 206 0 115 147 14 182 112 103 232 4 242 169 252 233 111 163 20 166 72 80 149 202 239 211 251 237 49 34 85 12 240 234 244 96 122 99 48 11 173 161 174 160 87 180 186 188 178 153 64 60 5 47 33 28 125 231 203 118 207 220 215 238 120 7 36 82 25 37 219 57 155 204 77 212 129 42 181 76 17 16 43 78 107 3 31 100 135 213 54 26 171 119 56 15 67 53 27 226 40 2 158 254 41 253 168 217 123 197 35 128 165 176 228 116 62 38 179 61 248 141 58 18 156 243 94 65 70 221 196 110 146 44 208 170 192 175 223 245 159 247 55 89 236 66 59 131 154 51 172 19 218 21 90 92 86 63 22 184 50 104 249 183 201 205 74 250 124 113 189 187 246 102 222 10 8 126 127 24 255 
TEST LEAKS 5 ARG:220 36 98 5 119 4 69 35 9 206 89 174 252 150 195 73 250 126 151 6 116 152 123 221 182 157 57 148 242 40 135 47 191 240 3 184 88 129 228 82 49 203 71 61 8 102 100 117 222 15 11 201 86 53 216 45 245 103 196 72 96 232 79 104 55 209 136 141 202 52 56 190 235 212 106 7 23 255 236 200 214 131 99 21 239 115 253 144 70 162 39 13 58 167 17 68 205 248 95 143 60 156 166 171 41 14 178 25 94 44 26 147 77 65 29 217 155 246 233 107 46 27 185 127 226 227 251 20 110 101 114 51 43 154 78 30 145 54 146 247 193 37 0 66 169 231 12 241 10 32 256 215 16 224 124 187 62 219 168 80 229 92 121 76 234 180 42 105 186 122 140 159 90 74 1 75 153 93 208 33 81 199 113 109 2 59 204 38 188 19 142 87 198 230 63 139 172 48 223 84 192 149 181 130 112 134 238 160 189 31 138 163 120 34 50 22 210 18 197 97 133 108 194 128 118 132 243 91 170 161 67 211 85 28 83 213 254 183 158 237 225 207 24 176 244 165 179 177 64 175 111 249 137 218 173 125 164 
TEST LEAKS 5 ARG:236 203 20 226 156 51 189 179 129 165 44 214 202 138 33 68 238 50 13 26 220 215 74 19 132 24 252 204 95 39 57 228 9 235 223 142 254 233 32 60 108 242 230 7 197 54 40 61 38 149 72 200 222 93 118 107 97 124 67 153 29 161 5 210 229 49 155 207 249 152 184 113 130 185 147 173 86 4 46 45 17 65 187 160 21 186 140 98 66 201 100 96 237 85 56 64 251 148 182 143 8 211 110 196 90 103 92 71 91 190 53 158 41 144 151 15 131 178 62 112 117 135 176 35 10 164 195 205 88 58 246 213 111 59 198 80 234 81 125 154 248 209 162 168 169 206 16 224 77 241 194 73 36 76 212 31 245 115 172 48 193 116 181 55 219 225 84 247 208 102 170 217 0 119 171 174 123 105 139 82 141 37 257 23 175 89 94 109 120 134 216 183 52 12 188 47 145 232 137 87 126 83 25 159 239 243 27 166 253 114 75 240 133 14 146 22 256 69 128 3 157 99 2 250 43 63 136 199 150 34 227 78 28 177 121 127 218 42 167 255 18 70 180 122 163 30 6 231 221 244 106 104 79 101 1 191 192 11 
TEST LEAKS 5 ARG:127 31 72 120 66 258 171 242 115 218 130 14 18 253 181 226 234 125 83 179 210 75 53 214 155 246 95 59 80 207 257 135 128 219 71 161 22 52 204 0 121 88 216 57 235 183 228 1 166 50 123 109 102 224 25 30 11 185 78 124 250 27 148 13 180 9 198 43 41 205 34 147 187 136 47 97 200 175 151 28 152 238 194 139 149 178 108 209 117 21 111 26 153 203 237 81 172 150 241 193 55 140 233 2 145 114 137 106 62 220 247 190 91 105 96 36 42 61 141 33 92 17 223 169 94 206 236 112 60 227 229 86 132 82 70 8 87 90 221 254 101 10 243 133 40 104 240 189 144 167 159 248 232 15 32 208 51 6 74 4 122 54 196 68 251 113 252 173 44 39 202 239 192 20 191 116 134 38 85 103 143 213 197 45 29 24 199 131 58 93 7 126 174 249 73 222 69 162 37 212 195 170 156 48 76 165 245 142 77 186 255 138 158 154 230 65 256 107 35 188 3 129 110 160 99 119 146 98 177 176 63 64 5 164 211 184 100 168 23 46 89 244 231 217 215 163 49 56 16 118 201 12 79 157 19 225 67 84 182 
TEST LEAKS 5 ARG:142 137 247 199 21 47 255 80 0 241 78 151 109 128 245 65 240 12 210 235 95 84 174 76 46 50 35 24 124 33 16 103 25 165 100 189 4 13 107 14 112 125 157 90 219 133 57 180 110 117 214 71 67 198 256 179 8 87 68 22 239 172 207 160 83 213 20 59 208 173 119 244 228 37 72 166 94 254 201 96 223 6 56 175 1 159 42 161 232 178 217 233 156 209 91 113 163 19 231 63 243 92 111 195 17 127 10 150 75 216 102 106 11 60 250 236 9 251 115 185 118 70 31 221 200 248 171 191 123 139 226 36 182 54 227 155 202 98 135 169 259 43 134 242 181 97 167 192 122 27 82 30 39 131 183 144 140 28 237 177 88 129 51 130 3 29 176 211 58 40 23 170 249 252 48 147 204 38 69 120 194 121 152 105 32 222 186 73 66 234 141 61 126 218 230 253 206 205 146 148 62 116 81 85 196 7 225 188 162 164 79 49 149 15 89 190 99 93 108 154 41 114 220 101 86 132 187 55 18 145 258 168 77 153 53 64 203 5 238 138 215 34 2 257 26 45 44 197 212 246 143 158 193 52 229 74 224 184 136 104 
TEST LEAKS 5 ARG:127 71 161 32 9 98 106 259 120 184 40 248 8 41 231 198 179 205 26 257 59 88 20 82 61 249 124 77 121 107 47 28 53 78 225 149 24 44 153 114 239 152 16 237 254 253 118 52 164 258 222 240 105 226 166 2 131 220 135 230 75 142 175 168 89 104 39 158 218 112 217 79 29 1 186 126 51 160 10 23 235 111 216 55 207 204 170 0 187 64 183 58 93 244 115 5 143 69 74 99 188 31 70 151 62 202 90 236 6 56 196 113 22 136 255 133 191 172 80 180 141 195 210 50 76 102 200 159 4 232 243 116 234 165 49 147 238 73 206 192 100 96 108 197 66 25 87 177 30 137 97 146 42 242 13 139 85 190 132 12 68 21 101 119 117 208 7 156 167 229 94 122 11 221 35 189 169 211 203 154 171 162 194 18 65 209 37 128 95 260 38 241 223 219 19 27 176 17 109 256 86 163 123 83 193 182 233 36 138 157 72 34 212 14 15 91 63 92 250 103 224 247 3 84 181 134 214 140 246 125 174 173 45 33 130 46 150 252 215 144 148 145 48 57 199 227 155 228 43 67 54 201 178 251 81 110 185 213 245 60 129 
TEST LEAKS 5 ARG:91 136 123 17 39 180 111 225 40 245 135 202 146 230 108 189 76 121 261 237 0 205 34 175 57 103 41 228 124 159 158 94 184 176 30 218 69 59 221 129 26 48 105 216 28 99 231 206 68 162 210 148 70 16 242 155 134 167 219 238 109 161 253 255 25 139 107 185 7 29 208 217 246 116 100 114 126 194 92 172 193 81 50 4 170 192 18 90 168 240 199 227 78 258 195 27 8 226 55 233 133 113 83 20 248 45 67 60 214 254 137 250 241 79 120 71 119 163 234 178 186 63 198 5 51 247 54 252 110 174 151 157 141 87 244 62 191 166 1 224 65 117 56 95 154 37 21 101 84 85 197 222 243 75 44 104 49 125 43 165 179 11 173 204 256 74 149 10 207 223 142 23 187 97 196 13 80 203 88 213 164 19 122 260 257 98 73 61 171 96 152 220 58 35 31 53 160 188 32 36 72 46 145 236 9 181 147 132 106 212 15 82 93 140 77 259 33 6 232 127 138 144 102 2 200 24 251 211 89 182 22 215 3 150 42 183 47 169 131 12 239 130 201 153 38 52 235 177 190 64 86 14 118 112 143 156 115 249 209 66 128 229 
TEST LEAKS 5 ARG:37 258 108 175 235 232 154 56 114 181 47 213 259 179 54 23 165 21 110 130 78 156 24 127 83 90 81 93 160 19 237 198 204 187 123 172 118 119 178 61 85 161 112 231 190 208 26 225 143 142 135 250 103 75 242 116 171 31 194 215 157 97 228 201 251 94 236 88 76 223 9 177 2 64 80 7 50 131 136 100 69 40 113 176 206 246 52 70 43 8 42 197 185 144 248 186 180 68 238 20 5 82 214 233 87 44 60 153 141 184 18 79 192 243 140 218 67 65 234 168 139 124 128 203 0 12 205 166 226 219 217 253 13 210 58 159 86 72 193 77 104 122 196 147 212 191 207 117 102 241 25 150 91 209 183 107 257 158 200 256 3 95 189 162 15 173 137 62 33 6 63 211 48 92 132 96 115 247 125 98 30 27 66 99 16 255 73 252 138 260 244 148 163 46 230 133 106 41 145 121 129 229 151 146 101 245 59 10 239 1 202 167 29 35 174 254 28 105 134 195 49 155 221 182 22 34 152 149 51 222 111 240 84 120 74 216 164 71 220 14 57 4 11 55 32 17 261 89 36 169 126 53 170 188 109 39 262 249 45 199 227 38 224 
TEST LEAKS 5 ARG:73 37 161 194 240 181 18 222 29 191 89 152 57 129 246 144 59 43 33 197 99 221 38 110 214 128 46 51 123 244 155 228 224 90 179 243 187 79 233 249 78 66 100 62 1 16 58 15 167 212 195 146 138 241 127 115 98 133 22 142 35 8 91 143 113 180 206 20 257 65 236 210 10 105 253 80 2 5 147 120 153 52 72 104 121 86 157 199 220 189 168 40 177 183 112 19 45 193 159 31 250 132 0 165 223 135 83 176 6 158 74 188 170 76 139 96 140 117 85 92 169 116 54 208 42 231 11 171 150 166 225 205 258 198 77 28 175 23 44 47 88 219 178 256 101 55 49 227 130 60 81 48 69 131 229 24 248 196 202 26 93 245 102 136 182 95 63 103 173 149 27 12 122 145 164 235 255 39 160 215 154 185 124 126 53 114 232 67 217 252 251 151 192 261 216 30 64 239 156 118 87 186 75 56 119 70 61 213 242 21 71 200 17 204 34 184 9 25 163 94 41 226 7 68 108 237 238 141 262 230 207 234 106 174 3 125 259 263 247 218 84 109 203 254 201 14 13 107 97 4 211 209 36 50 111 137 190 32 134 148 260 162 82 172 
TEST LEAKS 5 ARG:30 218 258 116 114 237 120 159 178 121 185 250 71 210 84 102 128 107 259 60 77 204 47 222 228 15 208 142 18 38 45 9 246 57 12 232 98 127 197 133 148 158 163 14 168 54 191 94 233 229 5 227 40 145 182 173 110 189 92 257 83 105 213 220 28 245 59 67 149 75 186 198 31 25 43 151 138 160 177 263 76 262 219 51 166 70 106 171 33 202 91 39 155 242 260 201 50 56 200 172 184 27 195 150 203 1 122 243 238 32 170 217 8 134 42 96 251 109 239 123 254 140 112 44 199 36 23 136 124 69 86 4 111 205 90 101 58 95 179 230 22 52 225 209 3 61 175 224 37 167 164 141 103 20 211 53 119 34 194 196 235 118 193 88 11 190 16 261 146 104 41 253 48 19 26 221 174 73 215 17 115 157 93 223 144 55 97 247 152 255 188 74 2 153 35 6 244 132 85 154 10 29 139 87 156 24 256 126 81 131 46 117 21 226 13 79 135 181 65 80 130 137 241 264 108 252 183 64 207 0 236 49 248 99 62 234 162 249 89 82 214 129 113 125 169 180 206 216 78 147 68 72 240 63 192 100 231 212 165 143 66 187 161 176 7 
TEST LEAKS 5 ARG:178 73 123 44 104 120 29 229 251 39 176 155 48 47 30 190 59 253 170 62 137 252 66 88 183 201 41 19 244 33 106 140 258 50 71 31 237 145 56 1 221 215 67 231 158 109 126 108 204 146 222 205 57 214 242 255 20 187 72 209 188 163 64 160 233 124 26 46 121 77 240 220 171 211 22 9 169 103 203 200 52 84 225 159 36 75 110 87 257 113 6 78 144 32 181 96 55 3 105 2 28 260 119 226 74 223 196 40 38 243 239 167 16 250 164 248 198 246 142 54 102 58 98 241 122 217 236 136 199 232 186 259 86 23 254 8 219 131 138 148 95 111 207 24 45 245 175 35 63 125 195 154 180 161 162 116 174 134 25 18 262 264 150 132 224 100 4 234 185 89 261 216 133 112 13 5 37 193 152 182 53 157 11 156 12 107 51 165 197 10 94 68 228 80 168 15 60 249 127 147 81 238 208 179 172 135 118 83 70 202 129 177 42 27 184 247 235 206 79 265 21 61 149 210 65 17 69 191 218 99 139 256 43 227 49 128 130 194 166 76 34 151 189 153 85 192 114 90 213 14 117 82 212 93 141 97 7 230 101 0 143 115 263 173 92 91 
TEST LEAKS 5 ARG:198 53 40 52 170 140 188 216 124 242 1 142 107 46 43 222 103 194 174 71 70 10 84 121 11 38 263 248 117 72 150 67 122 139 8 108 22 128 49 253 261 203 186 213 85 34 137 39 33 69 47 127 224 68 201 176 75 94 190 166 118 159 243 155 226 230 99 144 265 112 204 255 79 92 231 229 192 130 115 210 123 228 189 147 55 247 7 205 197 136 63 185 16 181 145 0 48 232 97 91 78 44 138 6 60 238 129 184 162 14 208 214 86 18 163 195 27 168 240 109 246 126 200 175 252 4 82 233 113 21 187 160 54 191 37 93 177 120 110 116 102 262 17 95 183 134 234 264 51 258 41 131 135 141 202 62 76 2 221 256 244 56 98 111 89 180 5 80 20 266 58 74 257 88 179 146 165 61 219 96 26 24 169 220 15 199 235 50 215 59 207 9 178 193 223 212 42 143 77 154 31 28 83 32 57 106 209 249 158 105 101 156 157 211 173 12 66 100 149 167 132 196 161 125 64 119 36 73 217 182 148 260 153 87 237 251 35 245 206 3 236 152 172 45 13 104 239 151 225 25 241 19 250 23 254 81 30 65 29 171 90 133 259 227 218 114 164 
TEST LEAKS 5 ARG:46 244 135 142 159 243 93 162 175 98 144 89 199 267 110 113 28 232 73 122 58 185 50 245 34 71 262 4 147 40 192 100 137 107 24 2 108 148 30 247 253 193 5 201 133 119 13 69 39 206 62 153 60 26 174 248 230 145 149 22 221 31 168 21 83 235 170 115 263 112 14 84 94 81 129 88 72 260 76 209 204 44 9 130 29 190 155 74 99 258 111 264 180 7 20 52 17 65 63 125 259 222 224 231 49 251 242 241 15 64 67 227 33 136 156 19 16 194 161 38 114 42 202 265 37 91 68 186 218 18 79 266 249 35 229 191 151 32 78 25 123 254 219 238 0 101 166 139 57 198 171 132 172 214 109 87 152 212 131 178 197 188 103 45 179 154 196 189 205 261 228 181 23 86 207 127 8 121 126 128 195 140 208 176 104 56 117 233 80 234 183 246 55 53 92 10 3 252 164 96 210 169 225 41 97 211 255 120 150 173 54 75 36 184 157 95 48 12 66 158 85 237 182 138 215 105 200 11 118 160 226 70 165 43 82 256 141 134 257 216 47 220 6 59 177 217 163 77 116 61 167 146 240 1 27 106 187 124 90 239 203 143 102 223 51 250 213 236 
TEST LEAKS 5 ARG:78 215 31 98 250 245 157 32 48 204 28 202 45 237 21 102 39 144 247 160 176 123 107 256 110 235 223 142 147 225 38 145 72 239 154 112 191 162 114 47 4 109 179 134 130 11 7 260 73 88 61 228 211 76 6 209 188 120 63 190 128 261 218 169 20 165 23 173 65 238 27 131 207 219 127 186 80 54 206 36 243 55 94 164 233 2 200 230 44 139 229 68 251 178 93 58 158 264 71 14 0 81 87 199 56 220 141 184 159 43 99 24 25 101 156 143 252 242 113 104 64 49 168 198 227 111 116 175 171 180 183 30 203 91 132 236 167 231 182 152 205 121 166 100 197 155 118 174 265 257 17 148 172 82 106 89 193 16 133 189 153 258 26 163 42 253 115 259 59 95 122 244 105 108 137 79 262 124 85 222 234 9 224 267 248 146 37 266 96 18 187 181 201 268 86 135 226 161 195 8 249 255 240 34 140 221 5 138 66 97 126 217 70 246 74 254 103 69 208 214 53 67 84 77 10 192 1 83 35 3 213 75 13 117 119 52 170 90 92 62 241 196 40 216 33 22 185 151 210 50 125 177 29 60 263 12 232 212 46 19 51 150 194 149 15 57 41 136 129 
TEST LEAKS 5 ARG:221 42 28 2 155 81 70 144 263 239 119 62 147 236 247 66 249 125 30 186 159 83 5 19 180 85 109 59 252 46 138 162 75 22 123 184 185 69 214 101 233 122 51 258 248 68 91 241 112 264 137 127 217 167 222 80 190 25 182 35 64 157 37 224 245 95 99 232 196 209 84 55 145 77 146 189 17 173 47 208 105 32 203 210 130 24 50 257 202 87 56 108 269 216 73 240 111 33 114 98 6 82 255 267 89 253 78 198 43 104 260 169 254 52 18 220 242 113 207 58 175 143 1 268 158 171 135 200 174 129 88 79 100 250 26 142 107 9 164 93 40 243 256 54 0 86 15 48 229 246 223 231 176 133 163 20 193 235 141 179 16 204 165 177 27 195 140 238 11 160 188 76 134 94 71 65 215 237 181 120 187 67 72 225 194 74 261 8 3 7 97 121 201 117 218 96 170 118 124 213 151 192 150 152 136 4 36 34 10 139 31 92 153 227 234 13 45 205 126 244 63 106 148 29 156 57 206 178 128 199 191 12 262 61 172 197 14 161 102 149 103 132 39 38 60 166 211 41 21 53 115 44 228 168 251 226 265 23 230 154 183 219 131 110 90 259 49 116 266 212 
TEST LEAKS 5 ARG:163 268 178 17 146 270 215 82 189 132 191 195 188 98 104 219 204 45 26 141 43 236 75 65 238 210 67 127 194 171 267 259 99 34 119 30 155 147 234 233 115 203 166 148 83 73 128 218 254 190 55 95 264 102 142 11 240 54 28 200 167 64 228 263 220 46 248 3 185 177 145 243 20 168 36 5 78 87 35 156 140 230 112 72 174 81 85 187 131 157 2 6 110 117 91 143 58 62 31 76 136 246 184 226 169 197 84 107 227 92 25 122 250 29 225 9 53 57 90 94 22 244 223 182 206 162 69 38 172 97 0 165 129 108 245 175 186 151 205 181 242 154 251 18 257 202 15 77 39 66 37 93 49 159 212 164 149 261 192 222 269 59 193 19 33 14 89 21 196 79 48 113 16 106 217 41 52 160 23 116 61 8 214 176 13 125 208 232 100 231 105 253 50 255 130 199 71 80 216 44 139 241 126 249 124 114 180 144 256 101 260 12 63 152 266 173 179 213 161 27 70 209 4 7 47 247 1 42 221 198 88 123 153 68 235 237 170 183 252 32 239 60 207 158 74 135 111 120 40 109 133 86 150 51 265 118 134 258 211 262 10 24 224 137 56 229 96 201 103 138 121 
TEST LEAKS 5 ARG:138 266 20 94 76 88 59 2 147 204 113 210 148 124 133 190 243 58 199 41 226 140 37 193 175 121 110 165 197 256 63 271 235 213 146 107 216 134 31 28 128 209 97 90 73 54 132 246 261 244 212 251 33 198 153 172 98 92 167 255 239 240 39 64 242 10 82 205 208 233 112 17 69 229 43 270 183 154 184 249 171 60 102 91 152 170 238 83 89 131 232 127 68 215 129 162 189 111 158 192 22 254 225 194 173 218 120 16 264 211 12 214 169 259 227 185 135 161 237 144 265 178 123 206 177 241 56 14 201 18 168 248 78 104 38 85 219 252 57 48 21 75 71 200 258 228 157 137 203 46 49 108 118 11 188 176 19 116 268 6 150 51 30 182 149 32 109 267 53 42 9 122 24 117 130 230 36 143 114 95 105 52 224 217 96 0 195 222 40 65 151 187 7 99 27 3 142 257 269 101 61 139 159 234 181 15 179 236 86 84 250 247 4 47 253 125 103 119 72 166 93 180 196 145 23 50 66 115 62 87 207 223 81 106 44 26 67 263 191 136 8 45 174 34 79 245 74 35 80 160 220 156 25 141 29 186 126 221 260 55 164 70 202 155 1 163 100 262 77 5 231 13 
TEST LEAKS 5 ARG:256 207 103 169 259 179 250 38 205 148 45 211 223 249 268 196 25 63 29 39 206 257 127 40 3 109 48 165 245 54 16 91 247 271 242 76 252 134 202 107 5 237 194 232 112 58 160 166 53 173 106 143 272 44 28 120 142 1 11 52 33 100 21 117 269 263 208 147 261 89 234 201 164 270 128 82 251 243 204 95 71 175 220 69 64 221 178 219 97 80 189 15 2 255 72 14 135 203 92 99 66 121 12 183 184 217 77 229 152 136 22 195 6 37 224 267 138 23 98 215 191 47 9 133 266 90 158 20 26 235 155 46 180 156 104 93 75 122 193 108 260 78 125 116 141 96 163 151 222 30 198 209 105 137 168 129 124 197 226 199 200 231 262 190 170 230 154 218 113 159 19 131 176 67 4 59 254 18 35 88 239 110 227 27 186 233 145 172 84 34 244 114 241 126 228 81 79 216 214 149 70 177 213 210 8 212 264 61 111 236 68 115 174 123 86 253 238 153 42 132 150 144 185 10 62 31 41 187 258 7 246 55 94 24 157 130 225 139 73 162 192 13 240 171 140 102 85 161 265 49 0 50 74 43 188 65 182 17 60 51 146 87 119 118 248 57 36 56 181 83 167 101 32 
TEST LEAKS 5 ARG:60 185 213 6 267 100 78 70 262 77 272 149 136 66 205 235 252 140 43 127 125 141 88 65 243 99 237 55 239 62 87 170 15 196 159 158 207 111 271 102 12 215 162 40 258 14 33 64 112 23 73 244 18 249 204 256 131 172 81 191 209 4 85 128 263 212 101 135 194 83 89 98 91 97 121 236 75 68 219 147 7 103 192 175 123 146 39 86 32 226 228 71 49 232 10 210 187 217 238 197 118 208 155 124 171 201 224 250 225 270 151 186 200 79 190 76 261 193 251 116 72 27 222 11 178 253 227 199 104 180 129 58 206 122 93 16 144 216 220 63 195 41 268 148 20 51 110 218 26 223 179 176 0 142 84 132 145 9 153 108 42 156 130 259 117 3 255 113 240 35 189 269 234 245 17 211 246 107 169 133 25 21 119 30 183 120 38 164 188 273 143 248 266 34 161 36 96 54 114 168 44 13 61 260 47 134 221 173 5 242 174 254 45 2 92 94 1 57 241 80 69 90 82 46 74 203 29 157 166 105 24 8 167 28 230 48 181 150 67 257 177 160 126 37 19 264 214 184 229 95 202 163 231 165 139 22 115 198 138 52 50 154 56 53 31 137 152 233 265 247 182 109 59 106 
TEST LEAKS 5 ARG:198 116 148 177 33 264 202 107 188 5 15 103 87 220 127 226 9 262 45 21 26 221 142 171 100 76 14 2 130 82 261 115 129 119 200 222 51 69 92 151 113 191 208 219 36 181 240 175 55 199 236 60 106 201 133 172 254 95 218 232 30 126 215 164 44 62 192 238 10 7 144 260 141 216 84 258 13 190 3 17 263 205 18 125 265 22 143 4 185 25 105 170 158 223 169 249 72 108 267 57 20 174 244 140 83 207 184 242 203 1 266 206 32 34 97 252 187 239 70 40 256 149 88 99 128 6 42 37 91 52 134 178 101 94 29 112 224 274 186 183 211 65 210 54 81 235 74 71 246 23 231 86 167 8 93 159 243 196 111 117 150 173 163 16 67 47 31 214 73 253 182 89 217 59 247 27 233 110 180 46 48 39 195 122 136 193 43 255 165 53 98 250 0 212 155 58 194 162 64 50 237 139 28 79 213 228 270 225 146 131 56 271 160 66 49 114 78 77 245 120 96 209 75 135 179 234 176 123 104 227 248 38 251 137 63 109 229 168 24 259 273 154 257 145 102 19 147 61 197 189 80 161 68 138 272 90 121 268 132 41 35 269 153 85 204 118 152 241 156 166 12 124 157 230 11 
TEST LEAKS 5 ARG:21 129 213 231 177 158 152 214 175 82 17 28 191 64 162 258 70 216 65 203 163 114 57 271 55 234 16 138 6 50 248 74 100 137 179 218 211 247 155 174 83 274 58 141 26 273 219 199 109 198 49 63 54 145 31 78 84 101 143 36 208 249 173 77 42 261 171 240 252 123 51 117 157 53 201 41 107 37 133 33 30 207 144 238 222 187 67 170 205 1 241 24 94 132 25 15 89 43 192 226 4 88 22 270 27 119 262 3 104 18 19 239 220 149 178 251 131 246 105 2 142 11 92 224 128 227 113 9 165 38 189 127 108 257 103 0 176 206 8 73 204 61 146 164 106 66 95 182 96 233 166 181 161 130 197 225 140 266 212 23 202 86 254 272 81 169 80 118 275 168 12 29 13 229 79 56 14 156 250 35 135 126 236 172 195 93 110 183 116 111 44 196 186 5 154 87 134 76 59 259 68 72 98 10 209 184 244 125 147 121 115 150 69 71 60 255 124 112 90 228 45 263 190 99 265 102 256 40 180 75 91 47 245 136 160 210 217 215 264 7 20 242 269 62 223 253 237 120 85 188 148 46 34 193 32 200 230 194 260 185 151 153 268 167 243 221 97 139 267 39 232 48 235 159 122 52 
TEST LEAKS 5 ARG:130 53 113 99 193 29 192 252 88 170 118 68 60 233 217 114 164 143 207 168 267 165 102 14 49 238 158 111 47 42 89 131 260 206 13 17 251 203 119 81 261 162 157 23 132 148 39 145 105 86 182 1 90 61 95 181 152 79 275 272 183 221 62 117 41 153 197 123 135 173 93 85 161 24 273 172 96 235 225 169 223 231 16 151 196 236 147 263 56 33 191 227 218 259 209 156 243 103 237 97 166 175 25 205 19 26 226 268 20 258 210 125 204 215 230 195 220 247 249 72 188 160 187 271 228 127 159 234 141 44 239 101 55 194 30 65 186 250 154 242 248 232 67 10 11 32 71 3 224 265 94 190 276 116 126 189 201 177 245 5 74 54 63 253 75 129 31 43 112 34 274 21 133 87 257 208 12 124 200 70 92 0 139 212 241 185 6 214 2 45 35 57 98 246 202 146 64 255 128 244 76 144 52 37 184 15 46 229 179 256 28 9 163 121 122 59 134 178 137 107 73 91 216 219 266 27 270 4 222 136 69 100 7 180 149 82 150 120 155 104 51 108 8 78 22 199 142 18 115 254 109 198 264 48 174 36 40 80 77 211 38 138 50 269 171 213 176 106 240 66 83 140 167 262 84 110 58 
TEST LEAKS 5 ARG:197 237 150 136 166 149 203 262 251 3 121 61 194 170 255 211 69 228 7 143 218 8 31 104 128 116 192 188 51 96 9 70 244 193 227 240 97 267 43 120 269 103 153 215 109 35 187 274 23 38 214 152 27 178 28 208 266 161 223 112 89 37 224 107 110 241 147 201 212 234 40 56 115 258 0 271 160 181 118 141 131 65 158 151 67 277 54 10 122 79 248 205 64 93 127 53 159 154 252 264 190 230 77 191 85 72 22 81 259 155 207 272 196 157 119 263 1 49 163 86 16 238 198 98 68 222 168 126 210 246 117 62 101 270 21 243 221 24 239 52 135 13 144 145 94 2 66 30 20 6 47 108 216 219 99 254 204 275 114 74 217 33 60 175 276 57 172 17 138 231 148 260 209 90 235 91 83 123 100 220 102 111 42 105 256 55 129 213 87 26 169 189 45 48 58 195 200 50 206 232 88 202 46 36 39 80 225 184 179 18 185 165 233 29 249 63 5 41 229 34 133 106 167 226 14 125 257 134 95 142 137 162 199 261 177 71 12 265 75 124 4 253 15 113 164 182 171 146 139 186 242 173 19 183 92 76 180 59 236 132 250 174 25 78 268 156 130 73 11 247 32 82 273 140 44 84 245 176 
TEST LEAKS 5 ARG:156 271 142 188 57 67 256 243 179 254 9 152 217 228 119 275 173 104 215 216 12 77 6 194 264 233 149 70 4 49 76 59 153 40 73 262 218 140 167 236 131 147 91 128 189 55 63 277 69 120 31 170 34 129 157 36 249 148 195 154 8 94 150 113 253 107 118 241 141 115 175 109 2 111 161 3 65 75 247 219 7 137 163 210 18 95 132 191 124 82 251 176 235 17 164 122 199 274 56 221 81 205 47 20 58 103 186 138 180 134 245 85 273 166 227 64 97 74 155 208 158 72 139 93 159 21 192 23 213 269 1 183 51 144 197 133 193 181 242 145 169 46 90 177 255 125 272 15 229 16 14 258 102 62 162 83 257 259 171 22 270 101 114 99 84 48 209 261 25 30 165 238 214 42 108 198 160 190 86 276 71 52 136 232 29 50 61 110 265 237 184 225 92 45 182 87 212 220 202 32 263 28 123 250 252 11 54 207 201 278 143 203 27 206 89 19 244 185 80 127 267 172 200 24 53 121 187 204 78 130 88 224 234 222 79 0 230 66 211 60 105 151 96 100 39 10 246 239 43 268 178 26 98 112 5 38 223 116 231 106 44 135 126 117 37 266 146 168 35 260 68 248 226 240 196 41 33 13 174 
TEST LEAKS 5 ARG:165 18 93 97 60 88 47 183 54 169 115 142 152 25 246 133 229 198 64 185 210 94 82 96 162 72 128 139 52 227 150 215 205 44 236 170 87 208 34 28 201 57 245 158 113 263 211 102 16 239 212 159 164 36 29 90 145 103 51 1 160 146 172 119 187 186 260 200 15 137 224 240 41 132 174 70 92 107 221 91 13 140 163 192 56 219 276 274 147 111 129 31 11 27 104 0 50 173 178 33 272 37 226 83 30 278 7 79 118 188 277 257 243 110 59 253 112 55 144 199 181 74 157 143 39 138 209 171 232 241 98 259 151 191 156 238 180 66 134 213 80 252 135 270 84 8 26 242 269 204 202 214 166 38 190 197 193 49 10 261 42 43 148 86 14 75 250 230 99 218 6 223 255 32 130 266 122 206 120 21 136 141 195 244 17 127 256 273 2 45 116 235 78 175 268 248 89 220 81 73 251 271 46 121 20 234 275 279 177 109 265 216 3 176 196 124 22 95 149 67 168 247 161 69 106 85 126 194 62 61 65 217 108 233 189 258 4 179 167 9 5 264 222 182 237 131 77 53 203 35 184 12 63 40 225 125 68 101 100 58 76 123 231 249 23 105 19 71 228 207 262 114 155 153 48 267 254 117 154 24 
TEST LEAKS 5 ARG:107 258 37 224 217 140 177 194 79 184 244 97 153 219 216 136 191 73 260 63 253 223 261 195 232 101 95 46 265 88 146 201 44 4 133 25 174 234 109 134 28 193 225 229 105 78 166 192 102 233 19 50 178 9 158 142 221 242 27 45 186 70 167 235 12 36 96 171 254 29 76 131 130 200 187 14 175 154 16 218 204 23 164 240 274 114 84 245 1 228 155 266 269 243 39 213 206 123 172 120 190 279 61 270 69 118 124 99 64 66 48 168 227 143 237 135 239 199 196 280 276 149 100 170 197 165 115 259 85 159 26 2 51 251 32 262 54 210 53 267 111 80 38 98 277 180 89 13 183 139 246 278 10 87 52 226 257 160 236 156 40 20 273 268 81 271 272 157 207 163 255 31 47 108 215 248 112 231 188 212 106 214 203 67 121 77 55 129 7 125 93 151 72 137 17 173 94 92 57 49 238 185 30 264 8 249 145 202 5 220 74 230 110 103 162 141 104 208 198 59 21 176 144 169 6 41 122 33 24 182 189 117 75 147 22 252 127 256 209 116 3 205 222 34 150 181 62 148 86 263 128 211 60 132 58 82 0 119 179 68 11 65 90 15 35 241 83 247 275 152 43 71 42 113 138 91 161 126 56 18 250 
TEST LEAKS 5 ARG:249 205 151 18 69 194 35 214 164 242 16 85 82 225 247 267 133 209 38 126 68 11 187 152 42 163 265 48 119 150 260 281 78 50 218 263 34 107 257 102 111 276 261 1 132 192 206 197 258 139 59 56 25 236 248 55 39 114 274 219 156 239 28 0 24 182 198 221 19 172 253 227 51 277 271 213 138 195 279 141 145 201 58 169 155 246 100 33 148 46 97 186 20 212 136 158 110 80 191 130 228 113 105 269 272 222 109 7 84 165 140 280 137 36 89 43 160 175 181 30 116 65 183 67 270 266 153 76 211 115 44 179 184 108 159 251 232 99 52 259 66 146 121 22 234 173 112 268 174 170 122 8 229 104 98 230 226 177 86 207 120 252 264 142 171 81 74 57 203 3 41 75 157 72 54 93 275 131 189 17 196 199 101 215 235 27 224 202 91 2 243 255 217 92 103 73 87 9 60 161 216 273 64 106 125 61 96 180 154 241 231 223 262 190 49 70 118 15 204 134 5 185 166 240 53 21 23 278 88 77 90 37 40 10 13 254 124 238 6 208 143 144 178 220 4 14 63 256 200 79 237 245 123 210 32 147 47 94 188 176 45 193 31 162 62 26 149 167 250 168 95 129 12 128 127 71 233 117 135 244 29 83 
TEST LEAKS 5 ARG:125 90 105 277 199 162 280 64 186 38 127 147 97 69 2 222 238 244 150 16 192 209 61 75 122 126 59 155 29 267 278 228 144 200 108 68 179 282 211 62 86 279 51 254 27 12 189 118 187 120 35 275 67 229 130 208 42 266 139 145 4 113 57 214 128 104 15 72 163 89 246 233 210 18 101 40 172 190 261 203 80 227 251 106 48 136 231 180 60 46 188 134 167 157 109 100 173 115 215 0 202 272 36 133 20 176 212 92 78 87 260 169 193 19 143 52 50 79 25 174 158 153 56 112 177 166 32 132 194 74 264 204 262 129 154 270 223 255 9 85 30 94 235 88 218 93 54 248 99 103 116 102 107 137 10 258 152 111 58 66 184 168 198 110 151 96 23 47 33 217 207 26 181 224 257 197 159 146 84 142 14 53 138 121 165 161 17 178 76 24 114 230 124 240 43 164 259 196 156 263 220 21 55 131 273 71 70 73 237 213 65 77 252 226 171 49 247 160 274 39 34 269 253 216 268 28 7 281 149 241 83 141 242 195 140 276 44 239 119 219 250 91 206 232 123 175 221 249 265 148 245 1 8 256 98 243 41 31 117 81 201 63 22 135 6 3 82 95 182 170 225 11 236 13 185 191 234 271 183 205 45 5 37 
TEST LEAKS 5 ARG:186 113 184 41 103 228 174 104 124 192 158 153 13 8 62 10 281 44 177 31 265 77 157 60 111 52 15 202 30 247 223 96 280 38 255 205 107 143 67 19 99 168 90 92 53 11 48 154 219 70 27 129 33 166 172 179 218 43 134 85 269 47 65 160 176 49 21 237 231 266 253 214 105 211 197 209 236 45 220 282 126 123 54 240 258 71 204 55 95 91 251 198 262 118 9 16 234 29 2 183 178 226 51 256 216 271 147 268 248 46 42 12 36 106 131 66 5 7 141 243 74 213 210 275 57 225 232 132 191 145 4 63 233 259 181 201 130 110 221 146 133 80 114 0 17 167 87 50 94 122 242 175 100 108 187 148 97 79 241 203 35 215 222 25 22 128 249 26 140 163 125 194 61 28 139 229 69 182 72 119 185 18 152 149 20 190 244 273 3 78 88 151 135 142 195 150 98 278 102 277 230 1 39 112 23 235 274 217 32 58 64 161 137 169 200 101 238 162 212 34 81 37 59 76 82 159 155 196 120 208 264 156 193 270 56 6 121 257 227 14 136 246 260 206 254 75 199 138 164 272 171 263 252 117 73 83 173 84 89 283 109 276 24 144 170 40 188 267 189 86 250 261 207 239 115 180 279 165 245 68 224 116 127 93 
TEST LEAKS 5 ARG:195 274 16 235 209 84 91 229 179 140 183 166 123 42 23 280 242 34 39 214 253 62 142 50 31 66 176 100 248 111 3 210 10 8 190 1 99 124 20 102 201 9 94 232 212 162 51 134 72 181 12 257 198 272 59 70 275 245 63 168 41 268 264 276 254 154 146 155 7 67 158 185 216 79 240 75 104 263 121 116 234 165 126 196 103 83 238 57 80 115 45 114 26 119 65 95 269 145 188 156 211 40 246 4 207 60 108 47 130 220 222 164 204 81 46 137 30 200 213 180 252 76 19 58 247 127 261 231 11 206 14 101 54 132 32 282 161 149 219 17 256 55 22 6 86 259 144 270 260 129 120 153 0 113 28 107 92 25 175 29 262 225 133 174 125 265 43 48 53 37 110 73 35 266 64 89 191 226 223 68 69 131 251 97 112 85 202 217 221 147 258 109 255 267 61 241 167 90 27 227 236 284 177 33 194 2 105 93 15 38 150 52 203 136 233 151 277 122 249 271 18 163 170 192 218 187 279 244 171 56 44 160 74 13 208 273 283 118 24 205 117 169 5 197 152 157 71 228 250 199 98 138 189 193 87 106 77 49 21 88 186 143 230 278 36 173 178 237 281 182 139 135 78 243 148 215 184 239 172 128 159 224 82 141 96 
TEST LEAKS 5 ARG:215 12 14 81 217 165 80 272 189 212 130 161 145 213 255 271 184 150 206 51 20 181 132 87 110 266 280 48 193 251 106 201 9 235 166 199 105 198 240 134 5 135 211 168 34 259 279 228 243 103 23 49 78 190 77 275 41 155 210 42 268 92 70 175 209 13 278 146 257 21 153 170 90 15 114 25 73 79 111 149 195 182 139 252 82 75 285 39 249 147 237 267 214 45 8 109 3 281 104 28 22 47 241 253 152 6 164 265 244 102 118 218 59 129 239 67 254 64 163 120 229 221 216 18 284 133 154 269 159 242 196 121 245 35 192 246 231 156 86 11 32 65 207 219 68 62 136 203 10 263 186 100 270 50 138 17 96 282 119 200 56 262 158 71 31 52 63 40 124 205 187 227 44 1 185 72 157 230 273 148 180 176 131 143 69 115 171 236 95 2 261 46 101 30 188 19 232 36 247 98 33 151 248 283 88 54 108 202 27 58 53 60 204 140 76 83 277 91 7 174 38 94 116 84 191 66 97 89 169 177 99 55 37 74 276 179 260 274 117 141 142 162 125 126 16 144 222 123 107 256 85 197 57 61 128 4 250 234 224 160 137 238 194 183 0 172 112 226 43 167 93 208 173 29 264 233 113 178 258 220 26 223 122 127 225 24 
TEST LEAKS 5 ARG:38 118 96 246 103 236 28 18 140 37 125 226 77 223 189 232 152 264 62 158 58 4 39 31 254 153 132 26 253 85 165 117 90 195 0 41 74 210 186 73 244 164 224 234 235 47 60 248 108 284 101 141 172 35 159 10 9 29 154 212 5 22 283 197 147 160 262 66 33 112 286 94 270 46 177 220 67 279 43 52 150 136 81 32 208 3 179 123 161 149 53 24 75 204 275 201 184 269 155 217 111 23 163 260 78 238 182 276 142 144 89 157 88 6 134 241 219 211 143 266 92 25 239 1 86 282 273 168 115 16 102 138 174 188 203 181 139 48 119 256 166 240 49 121 21 213 131 126 137 242 113 281 162 76 99 257 11 216 2 128 36 274 206 64 71 17 40 255 30 50 95 214 192 146 237 227 7 105 122 252 215 51 187 145 259 198 133 200 151 167 228 272 110 57 19 120 8 280 231 218 80 190 222 127 258 173 175 156 267 207 91 104 199 268 135 196 114 193 124 250 72 13 202 70 20 65 97 278 169 249 82 178 205 277 129 171 176 221 180 34 44 194 98 59 93 27 106 15 87 233 42 247 265 271 54 14 61 63 185 100 84 130 148 225 12 251 55 263 79 109 107 116 170 69 45 285 68 243 56 209 83 183 229 191 245 230 261 
TEST LEAKS 5 ARG:257 28 122 73 134 100 280 241 150 149 194 202 14 262 251 147 155 188 165 87 22 190 57 231 135 154 107 43 89 221 243 218 59 34 224 86 61 84 69 229 287 129 112 152 169 121 11 96 220 193 260 173 250 187 234 109 157 254 140 15 226 139 17 200 85 267 283 48 209 138 213 214 216 58 186 31 212 105 127 68 191 268 55 25 163 151 116 50 29 98 90 205 94 4 79 196 114 244 148 67 37 175 259 172 248 130 13 235 95 53 276 12 42 103 232 286 91 0 80 63 106 217 20 177 207 159 183 242 111 56 44 19 64 208 3 16 219 52 113 261 99 170 171 97 179 83 249 210 41 211 239 125 160 36 75 66 168 198 142 279 54 137 238 46 102 33 1 222 132 215 176 5 204 128 236 192 70 23 246 272 256 271 18 45 181 203 118 141 49 117 10 269 146 233 263 136 275 30 77 228 162 145 206 197 237 39 284 110 174 65 47 126 120 38 133 223 143 78 247 9 189 156 153 230 6 282 21 264 273 124 123 119 245 93 60 51 178 240 199 104 88 201 182 184 278 7 32 82 40 258 81 195 180 277 144 108 62 255 227 101 115 35 8 164 265 72 270 161 167 252 253 225 2 274 281 266 166 185 27 76 26 92 131 24 71 74 158 285 
TEST LEAKS 5 ARG:108 28 183 81 245 178 218 234 115 255 37 56 89 130 210 189 122 267 129 31 79 53 13 15 221 39 198 121 47 200 52 51 174 132 253 138 60 85 68 213 260 63 257 93 247 109 59 67 262 286 182 145 186 32 57 285 212 20 102 220 91 195 157 42 269 231 239 225 64 275 36 259 280 249 29 3 23 62 171 26 175 123 48 207 151 227 216 161 244 155 126 248 78 149 82 24 40 274 95 21 136 281 238 152 99 147 86 277 162 10 73 74 104 65 256 217 243 208 105 222 283 66 265 1 279 101 11 146 167 235 43 205 0 173 252 12 142 278 106 261 94 282 148 18 90 170 214 133 135 199 128 254 76 114 4 120 103 273 188 117 113 140 50 229 97 80 34 270 139 271 49 30 246 38 41 111 179 169 168 116 230 224 172 22 150 237 181 288 87 219 166 228 263 250 284 7 112 46 159 88 124 203 92 2 17 251 33 266 187 131 215 211 72 209 84 55 223 77 134 236 268 154 6 143 107 233 141 184 5 70 202 242 232 144 258 180 240 71 176 191 193 69 14 100 9 226 137 201 197 276 192 127 206 35 110 54 185 75 98 158 27 160 190 83 204 19 272 241 163 194 58 25 125 45 8 287 119 165 118 156 264 96 44 61 196 164 153 177 16 
TEST LEAKS 5 ARG:269 78 198 268 190 155 167 81 263 194 67 119 65 56 235 33 189 50 192 285 113 251 22 132 107 209 80 97 256 26 284 92 54 30 41 274 34 20 29 216 183 270 99 181 283 59 156 253 108 231 169 279 180 103 201 147 138 95 82 24 60 128 125 176 3 289 195 282 102 158 123 161 157 19 127 271 241 178 273 8 121 129 69 116 21 229 96 244 166 255 135 122 278 18 248 77 230 243 9 262 202 94 73 258 139 66 124 236 247 227 212 115 93 76 64 208 89 187 179 86 272 87 53 37 112 2 7 260 199 233 104 239 257 170 226 177 57 207 142 25 143 205 35 171 46 85 219 223 204 203 100 117 151 149 160 280 1 242 186 5 11 222 281 211 220 184 13 17 163 240 252 267 287 259 58 140 136 90 36 152 38 173 4 234 221 228 193 277 246 32 224 28 23 101 197 218 225 84 275 168 45 134 75 191 141 245 237 133 200 51 14 154 261 10 114 254 74 91 286 120 172 165 162 213 48 144 63 126 72 16 238 146 0 98 276 250 27 130 232 70 159 47 206 214 6 105 182 49 111 217 150 109 148 62 68 188 164 43 61 175 15 288 185 153 40 39 266 71 131 83 249 31 79 12 110 44 196 106 265 210 145 264 52 174 55 137 88 118 215 42 
TEST LEAKS 5 ARG:0 50 179 180 220 71 236 63 26 129 39 190 182 214 258 122 137 284 221 53 134 18 149 165 75 42 106 120 5 139 202 136 15 286 194 250 124 105 80 191 51 228 172 279 86 238 78 117 288 189 275 64 91 45 12 196 54 260 176 67 147 85 14 6 227 145 223 148 175 207 93 253 188 94 281 255 4 48 270 285 283 152 9 211 240 146 213 247 114 244 248 143 130 68 62 2 229 25 225 273 125 162 242 132 200 65 210 24 168 252 140 193 72 3 276 109 44 90 245 16 271 282 111 171 156 263 33 101 178 138 246 118 153 198 226 201 233 59 36 133 195 83 216 32 237 37 215 274 183 267 231 280 73 61 150 154 29 277 209 96 56 98 158 38 112 243 79 186 47 88 17 184 222 49 100 212 259 235 115 27 181 126 269 19 77 70 290 55 208 167 116 266 46 99 166 174 8 40 119 262 35 287 234 81 206 82 203 92 7 192 249 204 108 278 11 160 173 43 20 151 169 135 113 197 261 21 127 159 219 157 57 205 102 123 224 131 107 163 187 103 30 142 1 272 232 217 58 10 268 144 141 241 251 185 164 60 74 66 218 23 84 121 128 28 97 256 104 177 239 289 161 110 52 254 230 31 87 264 257 155 34 41 69 170 95 22 265 89 13 199 76 
TEST LEAKS 5 ARG:140 280 163 58 33 274 40 89 103 28 267 75 127 247 222 62 258 290 102 126 268 0 44 149 79 259 41 61 76 77 15 74 52 159 32 2 42 152 50 46 255 146 209 199 180 183 106 211 12 203 254 232 95 242 19 162 210 239 244 73 145 37 173 174 141 121 204 193 200 186 120 272 125 86 54 34 248 78 215 122 35 276 238 216 90 170 266 223 114 18 132 147 38 63 99 3 234 48 208 134 230 150 196 277 226 261 4 116 144 263 217 233 130 110 65 148 124 253 112 26 51 155 117 176 154 271 55 23 219 139 138 202 43 287 249 59 207 165 237 160 22 171 5 167 109 166 118 240 153 270 168 45 218 92 225 228 91 212 60 281 133 190 87 252 137 100 39 136 192 291 177 175 191 135 250 20 275 131 10 6 97 72 47 82 88 179 269 81 119 66 157 8 161 214 71 257 284 94 105 184 11 286 235 236 206 1 260 213 115 108 27 164 104 246 201 14 123 85 262 57 49 181 101 178 68 64 17 113 188 36 158 69 279 264 16 198 25 285 128 273 13 9 93 84 265 21 288 282 129 229 67 98 194 251 169 221 245 83 31 227 70 29 96 224 80 241 143 53 289 283 111 151 197 156 185 205 278 107 195 7 172 243 256 24 231 30 142 182 189 220 56 187 
TEST LEAKS 5 ARG:290 210 99 267 27 65 34 118 98 89 163 73 14 87 175 276 7 149 268 19 237 287 198 37 75 260 57 53 16 104 251 243 258 94 83 211 115 40 234 9 186 245 150 155 109 112 256 291 164 11 116 122 187 199 173 131 194 93 133 208 197 191 271 255 205 168 132 288 167 195 125 278 174 253 285 156 248 246 147 25 101 58 21 4 69 30 54 203 214 124 15 166 282 41 160 277 289 189 18 47 273 215 8 33 44 119 172 190 111 85 193 1 233 141 272 216 128 130 95 265 78 283 5 31 55 17 90 12 28 56 228 66 102 242 207 74 67 68 151 61 70 239 80 286 107 35 171 218 157 152 13 24 82 165 204 46 188 129 45 36 225 262 0 236 139 196 32 81 170 137 135 92 97 6 3 266 249 254 232 161 180 72 212 20 63 117 264 64 153 103 269 113 96 184 281 213 222 42 154 148 76 51 284 29 86 114 138 261 145 49 26 79 146 206 200 105 142 123 219 91 143 179 38 235 178 223 176 126 110 120 169 229 62 274 121 71 140 280 159 59 88 127 263 39 209 217 22 158 108 134 240 183 224 136 100 84 10 50 202 48 43 244 227 247 220 292 279 185 270 106 181 221 275 230 259 226 144 162 241 231 177 257 52 201 250 23 238 2 77 182 60 192 252 
TEST LEAKS 5 ARG:220 9 250 106 71 182 115 3 268 192 28 16 249 229 86 24 142 265 4 217 237 227 281 119 45 221 103 67 147 99 50 70 280 184 42 1 284 198 63 260 226 94 89 27 88 83 133 128 211 62 195 112 105 116 257 282 21 213 175 238 245 41 286 160 141 75 40 76 264 5 23 34 166 202 170 131 46 266 159 56 80 114 178 87 38 59 92 187 185 33 233 176 244 153 254 273 101 247 93 104 200 52 98 179 51 7 172 134 173 251 118 60 252 276 180 228 125 39 109 126 148 136 155 95 223 18 108 222 207 212 91 29 158 66 22 194 146 31 263 161 30 196 64 242 290 107 61 163 208 113 79 54 69 8 190 234 157 174 169 144 186 209 253 189 261 53 37 232 78 231 274 0 123 248 225 230 145 117 110 154 256 203 35 100 269 44 121 259 283 199 48 81 201 193 216 156 162 191 130 13 6 219 218 285 82 291 151 205 120 258 287 135 177 206 17 143 267 165 74 36 65 127 164 197 149 171 77 150 57 137 12 129 139 279 224 241 96 293 278 14 215 210 111 97 11 289 214 140 152 49 239 277 47 132 15 25 138 26 272 271 204 19 240 236 262 235 68 183 168 55 167 90 275 85 43 288 102 255 246 73 124 122 2 270 181 243 292 20 72 10 32 188 84 58 
TEST LEAKS 5 ARG:276 194 119 53 57 36 141 283 92 116 66 147 264 193 247 145 209 153 180 13 274 177 135 65 159 138 236 137 158 131 188 10 244 249 90 173 121 218 120 84 125 60 288 11 235 169 223 175 270 67 256 16 94 48 258 130 237 99 38 240 178 287 206 201 49 160 245 43 181 207 1 37 96 165 166 146 5 30 250 142 86 27 88 4 243 280 83 76 208 143 254 41 155 200 192 228 231 113 82 106 14 242 269 252 32 45 217 277 195 185 294 52 40 156 46 189 144 132 281 152 73 105 148 62 110 2 25 176 214 157 8 31 127 126 9 162 273 212 230 136 266 55 15 219 263 17 122 172 101 203 139 184 118 253 74 186 93 123 213 255 168 197 204 71 117 226 19 21 23 33 63 267 174 286 262 70 20 26 211 91 0 100 259 56 129 272 261 50 257 29 161 12 275 284 183 134 124 232 78 6 151 81 115 18 225 220 234 149 182 51 167 98 241 202 285 54 260 190 251 89 239 198 210 171 216 224 7 229 163 77 59 72 112 154 64 95 150 85 293 109 35 290 179 221 140 133 278 292 196 215 268 289 61 107 34 248 187 271 24 265 58 22 128 39 104 103 87 47 80 79 279 75 114 97 102 42 69 199 282 291 111 3 205 233 238 68 222 28 164 108 170 246 44 227 191 
TEST LEAKS 5 ARG:35 271 90 91 183 96 281 136 230 124 115 130 161 135 99 46 24 290 49 218 172 159 223 143 220 246 199 102 207 79 167 147 132 177 59 205 97 142 86 288 62 14 179 178 267 6 209 224 12 164 263 3 198 37 45 54 106 70 257 247 287 292 216 116 18 108 64 286 29 67 82 60 289 156 206 258 13 176 285 10 192 40 23 283 200 98 245 72 160 251 162 146 239 21 9 187 210 80 112 170 201 63 57 101 110 261 277 107 34 145 155 250 78 139 104 84 66 26 88 17 204 113 31 5 242 276 154 225 138 92 232 253 266 157 0 282 254 166 259 93 248 149 244 241 129 1 228 11 262 28 222 163 74 249 68 174 56 89 150 121 212 133 208 38 50 195 194 173 125 134 20 81 36 196 4 158 264 190 270 103 240 148 73 197 238 65 272 120 221 284 19 153 235 22 293 51 231 237 111 87 169 44 122 295 114 181 255 182 243 252 61 186 127 274 171 256 77 214 85 48 100 75 265 109 43 168 229 217 42 33 118 7 180 291 30 123 8 236 144 131 137 294 128 233 151 275 175 94 234 27 55 52 95 16 25 188 105 58 215 226 152 280 47 32 140 211 117 119 219 269 227 268 165 69 191 2 260 278 193 141 76 213 184 83 126 185 71 203 273 189 41 53 279 15 39 202 
TEST LEAKS 5 ARG:24 279 88 18 116 253 273 211 6 104 40 165 163 35 154 168 36 160 69 239 63 103 288 187 49 61 271 0 46 213 131 139 247 129 151 64 66 251 89 58 80 1 281 177 222 86 55 9 132 25 149 235 33 2 206 107 30 198 284 110 10 174 4 52 215 150 133 109 53 67 286 113 117 237 259 262 166 127 285 234 42 155 135 179 121 96 17 256 221 77 8 41 241 144 280 105 108 120 81 152 189 214 171 21 233 181 23 192 31 282 130 156 98 269 276 138 65 226 267 99 183 45 122 182 106 158 38 242 217 70 231 188 274 220 250 115 275 27 43 216 204 201 125 230 270 73 16 93 197 26 261 169 84 207 114 137 296 260 124 34 39 5 290 180 90 175 76 254 146 85 209 218 68 164 195 266 62 140 244 232 190 263 223 208 173 277 238 258 292 205 295 293 50 268 59 47 191 178 272 157 14 147 94 243 210 255 22 212 74 287 57 228 265 100 112 240 252 79 126 203 15 159 224 219 141 283 13 19 172 91 236 186 196 54 28 92 291 101 161 60 29 48 245 128 119 145 7 194 44 3 118 102 184 227 167 78 56 170 199 148 143 264 200 11 111 229 95 83 202 82 97 123 225 37 176 162 185 278 153 87 294 12 32 134 289 257 246 75 142 20 51 71 249 193 136 72 248 
TEST LEAKS 5 ARG:57 269 65 168 30 28 224 95 87 33 197 205 141 235 169 162 217 84 179 219 208 212 276 279 192 100 220 223 99 92 119 50 41 10 71 186 116 150 191 19 142 238 273 12 124 274 44 11 267 157 135 176 250 226 231 34 74 187 68 287 213 295 123 229 161 118 257 88 230 227 108 134 180 195 183 268 278 146 70 263 172 258 14 255 7 39 260 61 54 137 139 236 210 63 83 111 262 93 178 239 75 38 90 292 120 86 174 89 221 125 254 184 170 256 153 251 72 58 158 199 82 293 177 165 294 22 79 126 285 189 188 275 211 51 55 1 152 206 18 154 36 94 73 284 181 132 175 244 80 76 78 253 148 164 17 27 232 286 53 215 77 127 185 171 42 114 15 216 136 40 91 261 237 129 5 151 140 272 248 64 288 155 52 29 209 13 200 234 266 291 43 214 113 143 218 9 193 21 173 243 98 26 24 201 122 117 66 128 49 0 240 102 149 147 31 133 37 156 271 296 104 283 106 228 62 198 225 81 182 101 16 207 194 265 264 47 167 25 204 56 241 69 59 97 2 190 246 297 110 107 270 160 196 32 48 67 247 252 103 281 45 145 130 202 131 282 138 289 121 249 242 203 166 163 222 280 109 144 259 46 85 159 96 112 23 20 290 115 277 6 4 233 3 60 8 245 105 35 
TEST LEAKS 5 ARG:9 156 157 99 121 129 124 239 120 263 98 131 264 90 13 241 94 144 95 15 216 289 151 36 52 64 55 259 137 195 60 287 119 249 39 252 29 53 223 112 92 212 192 242 258 265 3 125 33 154 123 253 46 250 12 244 247 101 75 23 149 179 58 271 167 17 115 285 67 202 83 235 38 16 286 190 288 297 84 266 45 222 71 108 107 281 215 32 218 267 138 141 34 24 135 8 136 7 166 243 161 28 230 160 88 207 22 277 76 68 177 40 292 133 31 114 194 62 37 139 130 209 203 152 200 1 104 225 26 295 180 208 113 199 291 197 282 18 70 248 232 51 260 93 168 134 63 193 4 275 201 6 14 80 251 165 77 273 81 254 217 206 111 174 127 20 293 21 189 132 65 181 191 96 164 213 110 188 155 59 210 284 48 229 30 290 79 245 175 85 296 240 170 182 61 176 169 178 255 43 140 91 145 186 50 279 44 234 280 87 11 57 128 262 147 69 238 162 86 261 237 204 41 219 236 221 198 283 82 196 171 35 205 97 172 126 220 184 117 89 257 173 2 100 19 78 274 185 73 278 269 122 276 25 27 56 74 142 298 187 211 54 150 183 66 231 294 109 153 118 214 268 49 146 246 102 105 228 116 143 5 148 47 272 224 158 227 106 163 226 42 10 159 270 72 256 103 0 233 
TEST LEAKS 5 ARG:135 133 100 89 92 104 264 91 155 250 158 90 291 66 261 96 82 208 195 224 263 26 277 199 256 34 156 25 216 170 16 80 241 243 148 18 257 79 149 52 218 192 193 4 150 119 28 275 236 2 233 93 271 138 137 152 227 246 125 124 44 99 105 262 23 265 293 143 176 248 177 40 103 289 252 54 214 33 9 109 69 131 288 86 286 94 140 87 213 161 141 282 168 115 85 101 181 8 95 1 294 292 238 182 203 169 71 247 235 88 287 118 232 102 266 190 31 83 65 151 81 37 121 122 194 111 136 278 21 279 110 215 5 36 270 198 171 78 201 269 13 64 126 39 32 77 73 163 167 249 260 281 223 253 178 41 35 175 159 273 49 98 219 285 240 242 172 19 298 59 212 189 200 290 147 153 62 251 57 196 254 258 29 51 117 184 154 180 3 229 204 272 45 144 183 129 186 197 268 20 164 207 255 48 202 274 220 234 191 205 174 15 132 113 76 43 296 134 142 74 30 14 217 225 107 56 146 112 237 55 284 130 12 276 179 0 42 27 283 231 61 108 299 97 47 166 239 210 297 211 53 165 222 221 75 259 145 160 127 206 11 10 60 162 67 139 228 209 157 38 6 280 84 106 17 230 188 128 295 267 50 68 173 185 123 244 63 72 120 187 58 7 46 70 22 226 114 245 116 24 
TEST LEAKS 5 ARG:273 252 2 3 98 156 57 240 17 23 249 191 298 86 96 102 195 289 152 170 92 260 181 60 109 277 19 173 204 233 217 272 82 212 254 80 28 188 89 241 115 41 95 261 255 20 197 242 53 294 158 250 130 268 61 180 246 71 93 81 276 37 39 177 112 269 16 76 29 221 165 192 44 210 263 274 114 43 169 126 185 104 47 135 159 121 176 270 257 215 27 0 141 12 77 290 101 72 178 24 85 166 203 124 113 219 56 1 59 51 292 267 70 151 11 167 296 63 160 218 171 148 69 224 49 184 110 26 4 279 97 54 187 50 253 62 22 182 36 226 127 33 213 67 106 48 186 79 46 123 206 200 65 34 94 251 163 237 258 13 25 283 145 228 291 248 220 90 6 107 175 136 5 287 230 155 143 38 78 232 42 189 168 259 223 284 8 190 147 120 134 288 202 153 193 245 10 194 297 235 133 208 238 243 128 172 222 83 15 45 209 234 139 225 84 14 293 132 7 118 164 91 264 108 275 111 138 31 198 35 40 125 131 286 122 52 140 300 229 244 196 285 236 100 68 281 116 256 227 146 66 161 157 265 174 99 150 216 179 75 207 117 144 162 103 271 282 142 278 32 88 199 247 266 280 55 64 9 87 137 295 58 299 262 74 231 154 21 205 201 18 149 183 239 105 73 129 214 119 30 211 
TEST LEAKS 5 ARG:263 204 54 205 39 35 45 284 65 42 150 80 228 110 63 269 74 84 211 289 159 299 141 210 53 128 227 178 200 19 286 300 20 51 249 224 278 100 28 222 189 103 272 116 143 215 17 41 75 87 271 36 166 134 127 96 82 62 241 239 163 225 193 197 31 229 13 23 21 125 10 56 186 257 296 252 152 139 130 179 131 203 27 60 37 220 208 114 8 234 235 142 70 50 25 124 256 153 157 277 266 72 122 5 280 102 77 155 3 214 169 81 275 158 83 283 173 274 46 168 292 149 231 99 89 190 73 61 67 236 119 55 138 48 223 264 185 140 230 253 93 160 244 209 24 270 69 294 184 88 175 136 218 195 259 9 26 1 217 4 6 240 254 176 245 255 106 180 0 14 281 97 177 167 288 246 90 250 109 121 258 242 165 232 282 268 117 233 123 2 135 162 295 29 107 248 301 126 108 154 115 247 105 156 293 251 34 118 68 202 133 262 111 146 265 276 11 243 76 57 199 59 49 273 207 85 287 191 181 290 213 291 212 151 237 16 86 148 188 58 145 92 267 132 78 129 238 91 161 95 43 44 101 64 216 187 38 15 47 171 137 192 66 198 194 112 18 32 285 183 71 182 40 120 113 12 33 260 297 22 7 298 98 170 79 221 174 172 94 144 279 206 201 52 147 164 226 219 196 30 104 261 
TEST LEAKS 5 ARG:81 8 216 144 146 59 23 219 227 141 109 265 47 111 90 132 48 148 98 260 116 115 170 179 242 77 117 22 194 168 282 198 41 296 138 35 266 38 234 142 51 3 206 150 101 252 275 54 129 189 263 11 183 175 2 82 78 15 291 172 103 24 248 53 269 157 31 210 297 94 17 267 232 29 236 247 72 153 83 246 237 160 66 119 255 12 163 159 75 285 44 166 284 199 113 39 292 214 270 213 228 62 6 226 280 120 122 127 249 223 273 185 289 200 118 110 140 97 302 264 32 290 188 55 95 45 251 245 301 244 80 295 18 211 167 134 208 192 293 30 10 56 107 96 193 256 190 203 204 93 186 33 300 233 0 253 63 225 221 46 58 287 283 277 220 261 229 215 9 40 60 169 152 64 281 114 7 106 250 50 162 123 158 19 151 61 288 187 88 49 207 231 130 212 274 52 133 43 164 125 21 286 222 174 239 34 5 85 218 197 259 131 258 178 100 276 36 294 201 161 126 268 145 272 128 278 191 13 182 149 209 108 235 124 224 25 16 135 89 217 76 20 26 202 298 87 279 28 137 195 84 79 154 243 92 57 112 176 155 4 74 238 37 165 102 1 121 143 147 136 271 262 184 69 42 181 65 67 68 299 71 240 254 171 173 86 27 104 70 105 177 257 230 241 91 180 99 196 14 156 73 139 205 
TEST LEAKS 5 ARG:94 39 261 86 245 25 122 52 255 219 178 224 78 169 121 230 72 19 263 222 97 154 35 276 67 236 117 14 27 113 135 103 286 79 62 13 44 133 249 194 127 130 129 174 64 277 75 22 225 233 256 203 285 252 258 40 95 106 293 244 5 296 34 118 37 153 111 159 116 196 131 283 81 147 0 85 105 295 167 248 231 300 278 115 162 237 168 60 59 10 87 223 56 253 210 148 205 30 150 120 91 93 124 4 98 171 160 235 227 66 139 247 289 166 21 112 282 290 17 55 114 104 54 149 92 213 254 50 100 199 287 234 279 204 151 185 163 198 238 28 158 31 107 74 180 109 200 288 269 156 183 211 281 260 207 63 125 82 186 49 12 110 170 188 146 201 272 298 243 71 76 271 246 221 43 181 226 284 47 273 184 241 119 1 142 29 177 58 152 16 240 11 77 15 187 176 41 32 80 143 2 3 38 193 297 128 229 88 164 53 138 51 46 190 262 264 275 126 220 301 145 206 155 36 136 265 161 274 96 73 216 195 89 61 270 144 267 292 99 141 9 33 90 294 45 228 208 8 140 69 250 18 302 172 232 257 191 157 215 70 101 179 48 23 299 189 217 7 268 42 137 26 6 218 266 123 24 209 182 165 303 197 212 84 291 175 192 68 259 202 134 242 108 57 280 65 173 20 83 239 102 132 251 214 
TEST LEAKS 5 ARG:8 141 195 20 199 82 136 11 180 158 130 46 157 98 242 227 288 214 243 222 149 49 228 223 163 86 234 4 55 28 138 162 5 114 93 291 301 247 169 85 250 59 216 153 263 257 245 184 164 185 224 233 261 178 151 127 168 112 34 170 264 31 252 284 13 294 134 32 276 175 221 139 280 29 236 278 295 265 90 70 12 21 52 290 279 36 147 206 97 226 60 42 113 298 117 77 143 232 201 207 38 272 135 145 126 92 9 292 304 0 122 79 196 177 262 271 274 58 213 83 61 104 102 208 47 101 215 204 146 123 176 140 237 72 124 144 41 258 7 211 259 10 285 27 218 33 235 225 30 67 300 205 161 302 248 241 78 260 16 148 217 129 289 254 88 277 132 256 194 63 25 40 165 156 142 210 150 65 253 166 19 107 23 202 76 62 64 155 160 197 69 200 80 44 26 299 193 191 51 37 255 230 95 87 249 282 203 121 239 231 296 6 297 103 171 287 118 219 183 15 220 71 17 251 131 187 159 269 125 268 115 57 186 119 35 270 179 14 66 94 18 286 133 116 198 68 91 172 81 56 54 182 99 106 244 173 120 110 240 154 273 96 3 174 188 283 109 1 39 84 108 2 48 89 192 105 24 229 275 100 303 111 181 137 43 45 152 293 50 266 281 267 73 190 75 22 212 238 189 209 167 128 246 53 74 
TEST LEAKS 5 ARG:51 158 132 269 141 76 243 178 175 69 283 80 294 262 216 105 54 152 228 140 305 280 246 179 2 83 88 302 212 90 73 164 35 183 57 276 203 31 79 290 285 139 123 63 26 289 124 131 111 274 299 256 85 153 155 15 48 114 29 53 257 27 138 224 185 197 292 10 214 219 20 14 282 249 298 32 106 237 156 205 251 116 50 23 208 11 229 253 186 113 117 235 70 94 129 244 103 99 238 64 19 108 268 89 258 149 295 91 210 279 101 13 5 75 193 34 126 199 232 163 288 62 55 104 267 201 221 21 215 239 45 166 252 128 189 46 234 33 56 58 150 303 100 68 115 206 134 107 223 44 36 254 96 39 148 181 92 102 293 25 60 144 218 59 151 168 65 136 271 98 204 120 213 93 81 12 281 167 118 260 17 41 263 122 170 173 241 296 202 119 195 230 270 278 174 211 304 9 190 233 236 207 82 171 24 112 154 225 275 277 72 16 147 187 188 1 43 71 286 226 245 209 248 182 240 66 250 194 145 159 78 198 77 157 97 142 52 291 169 196 84 8 272 227 7 38 259 172 6 135 47 143 28 49 301 146 130 287 264 261 184 109 300 137 4 22 200 0 255 61 86 162 177 220 30 127 121 217 160 284 161 67 297 110 192 247 42 231 18 222 266 176 133 165 265 74 95 125 3 180 191 273 242 40 37 87 
TEST LEAKS 5 ARG:65 117 216 33 163 42 290 269 122 255 84 217 36 289 249 223 164 243 171 110 105 148 9 168 208 170 287 85 114 302 16 142 214 124 89 219 54 46 127 299 176 27 284 135 35 38 102 81 187 279 90 175 172 56 121 52 141 270 182 72 183 57 245 116 125 160 193 10 51 151 239 257 152 158 295 77 138 104 136 222 139 200 166 161 82 262 272 173 140 100 43 267 202 55 31 188 99 92 7 19 220 218 233 230 204 6 63 120 196 264 154 191 231 258 103 291 275 80 192 259 143 44 195 108 303 251 13 130 1 237 232 101 34 211 179 111 304 30 292 8 306 50 225 69 144 87 280 169 133 201 106 45 185 14 20 162 41 64 3 254 107 74 297 91 61 305 228 165 62 32 153 94 132 252 265 283 0 180 21 79 282 250 40 68 248 67 71 66 149 273 281 109 60 145 181 118 83 206 150 242 59 146 261 253 226 263 24 221 131 278 76 286 47 70 97 119 236 58 177 266 260 95 159 213 240 73 39 198 184 15 224 18 298 215 22 300 244 11 229 199 174 234 157 115 137 75 227 129 256 276 294 28 238 268 241 78 247 93 128 17 274 197 37 203 288 5 156 113 212 271 4 2 12 88 189 126 123 98 26 96 186 147 23 194 210 235 205 209 155 277 53 285 301 246 293 48 86 178 190 25 207 134 49 167 29 296 112 
TEST LEAKS 5 ARG:98 294 1 186 82 27 160 196 219 281 194 15 289 57 88 193 6 32 198 246 220 167 110 142 135 10 173 230 290 83 50 123 265 190 37 223 79 251 38 139 107 238 203 127 199 169 179 60 255 2 95 206 270 89 177 17 80 42 234 113 31 29 159 253 185 163 284 225 52 208 231 202 227 191 99 232 22 72 268 301 287 172 81 259 68 216 228 16 132 180 295 170 274 41 168 254 257 35 48 129 245 189 24 263 262 164 266 210 247 235 103 144 297 121 224 302 9 33 237 152 25 303 181 201 20 18 5 40 165 106 140 26 85 141 53 21 94 11 70 56 269 143 215 229 67 178 195 188 134 174 283 71 157 156 162 267 30 28 304 137 240 126 187 65 211 13 131 34 8 63 136 69 101 293 51 197 0 148 244 77 209 275 55 36 84 192 119 146 291 256 62 86 59 260 233 261 300 150 200 97 133 151 280 161 105 166 298 102 138 128 175 217 213 12 171 273 243 23 108 239 299 45 288 158 125 305 145 205 147 155 153 75 264 74 115 307 93 183 182 278 130 109 252 118 124 112 249 7 276 214 46 104 122 248 76 120 176 58 282 242 49 222 250 91 47 73 285 306 92 111 292 286 218 154 64 117 241 66 296 54 277 61 279 78 96 44 114 207 116 4 90 221 226 100 236 19 271 204 212 87 43 39 272 184 3 14 149 258 
TEST LEAKS 5 ARG:20 38 88 153 213 158 212 29 14 42 266 244 62 181 41 40 96 109 176 106 303 155 99 216 22 18 123 205 276 132 78 195 226 274 30 140 293 177 277 10 262 134 231 112 194 161 286 24 80 55 51 67 91 111 179 151 301 162 288 306 184 217 49 110 118 278 3 82 230 70 201 298 229 206 148 235 58 219 236 281 28 121 15 307 145 297 138 237 227 139 35 83 169 257 72 56 234 77 1 6 187 13 302 137 289 92 48 79 90 8 191 239 7 190 280 292 59 211 100 260 270 85 200 57 175 300 218 299 89 246 52 173 279 146 166 203 268 207 114 225 25 122 271 11 150 261 2 156 214 46 224 245 208 124 101 247 250 242 39 133 305 45 95 238 282 60 63 183 287 186 178 71 221 192 17 76 304 228 233 252 142 66 284 102 259 34 199 308 130 69 222 258 273 215 202 174 93 193 0 119 125 47 253 272 249 241 167 127 128 68 64 223 255 198 23 267 291 294 94 43 165 248 256 27 263 4 98 33 254 220 160 185 81 31 135 188 149 269 182 210 197 159 115 9 131 113 105 240 296 285 295 168 117 265 21 16 86 204 116 147 209 172 103 164 84 152 108 53 157 232 32 75 73 243 275 136 36 120 163 97 107 74 61 126 189 5 196 12 283 144 154 44 180 26 141 143 37 50 65 54 129 170 19 251 290 264 87 104 171 
TEST LEAKS 5 ARG:286 131 25 57 291 298 149 171 127 79 51 225 203 58 13 235 63 150 146 166 159 137 282 287 147 239 30 62 197 219 201 52 77 293 91 48 7 97 217 210 94 114 93 21 284 81 67 295 134 176 115 247 119 207 151 3 253 40 135 264 5 9 34 288 297 304 211 289 19 138 189 38 84 111 87 281 24 163 65 206 233 44 183 105 96 88 242 223 128 220 216 37 227 8 42 46 121 238 241 229 106 148 306 258 157 60 103 136 20 283 277 113 303 11 194 285 112 273 4 280 292 32 234 16 296 214 182 124 107 186 240 50 99 195 278 153 308 71 167 218 180 265 188 12 248 2 268 302 56 95 155 144 69 139 53 267 154 102 90 276 294 231 198 160 68 45 141 6 130 179 15 110 255 101 190 307 75 168 237 89 92 74 222 54 83 36 143 145 122 259 86 33 208 256 252 59 164 140 85 47 245 1 80 70 64 82 275 236 27 263 260 100 129 169 156 117 104 118 73 269 215 174 243 162 224 177 78 43 309 249 28 191 123 200 29 300 184 41 76 109 226 175 158 178 213 172 185 55 165 193 228 23 173 26 244 170 17 132 120 39 301 192 133 212 272 266 271 232 221 261 22 14 204 18 305 279 61 49 72 205 31 270 290 66 246 230 202 274 251 35 10 196 254 125 299 257 152 187 116 250 161 0 181 98 142 126 262 209 199 108 
TEST LEAKS 5 ARG:51 171 260 262 173 172 108 209 101 259 66 40 218 94 224 87 125 271 34 91 237 33 71 3 155 54 220 56 157 2 290 167 256 143 298 235 74 97 151 27 12 178 128 200 15 111 194 287 180 110 236 62 229 302 53 170 133 244 57 7 88 138 61 215 242 23 123 29 78 82 294 114 99 25 263 310 214 246 228 84 203 46 193 112 20 8 93 73 24 223 126 266 245 98 107 250 280 26 179 301 207 230 5 285 297 189 124 130 65 272 121 141 300 165 177 217 132 219 308 103 6 208 261 251 306 1 45 276 277 187 19 304 152 120 162 247 106 68 199 160 22 48 38 286 158 41 58 10 134 109 169 221 205 64 92 296 43 159 115 127 59 240 185 226 30 135 18 13 36 303 166 136 52 131 142 175 249 197 283 154 213 238 50 212 188 281 182 118 255 291 119 80 184 299 163 149 150 257 275 31 148 239 293 265 72 183 117 14 37 269 32 216 44 86 243 95 21 307 270 11 47 168 35 89 289 198 17 104 190 248 153 231 105 176 9 206 79 75 234 102 55 305 70 204 76 122 0 282 16 145 279 210 161 164 253 4 241 267 273 144 147 113 96 201 288 60 156 191 137 67 192 129 233 181 284 146 202 174 254 140 90 100 83 278 69 195 268 225 116 186 264 77 49 295 211 81 232 196 139 227 85 274 258 39 42 222 292 28 63 309 252 
TEST LEAKS 5 ARG:146 288 151 289 101 192 302 118 28 21 63 7 139 9 57 76 261 53 19 171 145 50 85 114 156 5 11 267 52 189 308 292 39 270 98 91 153 97 70 65 127 243 149 26 262 263 185 198 32 251 74 38 287 82 224 1 10 235 241 285 269 102 160 222 280 119 89 46 158 266 186 83 3 275 61 13 182 152 307 236 123 141 16 174 211 231 12 92 253 31 242 20 162 35 0 34 240 255 305 78 75 195 104 54 44 282 55 295 219 176 215 77 293 309 202 71 111 110 233 244 193 43 183 279 201 49 210 157 207 159 187 126 249 68 6 178 41 140 205 190 51 136 106 154 209 271 265 230 124 172 247 143 17 121 163 135 212 64 88 303 25 298 304 208 204 306 15 194 115 99 199 116 200 311 117 286 47 134 42 258 48 84 40 290 29 229 165 137 206 175 276 8 69 197 144 96 301 239 272 66 310 291 196 246 80 177 179 259 217 103 36 79 59 14 221 232 254 274 133 105 166 256 167 93 161 86 131 284 112 281 122 60 90 22 273 150 168 238 147 257 213 37 297 294 81 283 142 87 191 250 264 237 173 220 278 4 113 188 227 223 62 164 56 300 225 109 58 226 2 107 268 128 108 296 100 138 125 170 129 203 248 180 72 252 234 155 299 216 132 120 45 181 148 67 277 30 94 260 228 23 73 95 24 130 33 218 169 245 184 27 214 18 
TEST LEAKS 5 ARG:166 252 33 7 30 188 125 197 159 282 312 146 232 193 305 217 215 34 119 286 307 38 42 296 294 279 239 237 236 14 65 216 94 192 130 118 1 267 24 27 185 145 310 300 91 90 77 204 53 57 97 21 150 263 154 16 177 0 187 277 245 284 269 223 6 182 52 36 242 73 19 62 23 174 99 240 86 79 54 172 273 156 171 268 78 219 63 4 293 137 191 142 128 105 157 163 309 117 221 59 233 168 121 3 13 274 301 153 129 275 205 302 70 120 256 93 179 224 175 58 109 101 116 243 235 208 292 311 295 246 43 67 87 202 148 230 291 155 287 283 51 308 161 257 143 160 285 164 195 266 261 138 37 165 144 124 127 196 167 276 32 180 141 95 18 262 213 200 133 20 227 103 107 61 186 234 22 225 8 151 280 15 40 288 278 249 102 74 80 25 55 178 303 72 41 265 253 228 162 290 71 123 247 258 212 69 84 26 92 29 248 5 271 241 64 66 88 104 60 44 49 207 75 114 39 184 149 2 289 35 190 203 170 183 10 281 113 304 158 251 298 106 231 244 135 89 214 255 270 45 108 111 12 176 181 299 112 83 134 82 194 210 96 48 17 110 238 229 46 173 100 272 50 115 206 139 259 132 198 126 122 209 222 147 260 98 11 169 189 68 201 131 85 199 297 56 28 250 226 264 9 31 81 140 254 218 220 306 152 211 47 76 136 
TEST LEAKS 5 ARG:141 251 74 272 172 283 11 103 136 71 306 133 285 115 34 274 271 13 291 55 125 104 140 124 221 242 240 188 87 202 307 205 194 203 278 187 216 184 16 229 107 219 300 142 89 218 105 88 275 298 162 292 80 45 247 170 160 178 21 54 30 32 100 112 223 196 226 280 220 82 94 22 157 262 76 62 98 5 159 31 215 277 177 276 206 41 270 213 193 256 252 289 287 166 109 92 101 236 245 12 259 171 152 244 129 58 310 40 97 239 153 190 37 228 267 209 281 14 255 108 127 260 237 28 309 233 165 173 168 264 303 198 0 72 227 232 155 19 305 167 154 294 156 75 180 60 249 43 222 212 53 189 57 268 286 91 234 214 68 204 135 150 50 99 9 296 238 164 79 23 114 63 145 230 143 42 163 200 257 110 7 288 65 122 183 207 279 302 38 35 147 47 148 293 123 185 290 174 273 36 208 313 231 67 132 2 144 130 134 250 46 175 224 138 85 64 192 139 308 95 4 131 90 197 33 299 52 241 18 176 243 59 26 151 25 20 210 6 70 118 179 51 84 301 311 146 225 48 201 69 15 78 116 312 126 128 39 297 93 83 258 261 186 248 211 217 284 17 24 121 29 3 191 111 44 161 149 282 182 81 265 295 137 169 235 246 96 266 113 27 199 254 263 66 49 77 181 106 10 195 61 73 158 56 304 102 117 119 120 8 269 1 86 253 
TEST LEAKS 5 ARG:93 214 125 229 157 11 198 197 233 138 6 127 95 163 203 161 76 10 280 255 72 111 285 55 291 99 34 79 165 311 306 74 98 211 265 17 61 89 46 224 288 232 172 171 62 48 230 216 30 159 193 128 133 169 109 204 42 9 179 14 220 208 70 308 139 287 221 225 254 228 21 194 185 53 20 22 155 115 245 277 156 91 102 313 101 129 269 4 210 85 149 106 45 243 145 16 290 274 292 239 170 19 261 131 100 192 33 94 43 234 23 90 121 54 301 64 120 250 35 114 28 168 251 97 289 44 96 7 268 209 186 103 256 147 69 78 0 266 82 36 222 281 3 124 304 242 80 38 88 207 302 164 262 253 188 68 167 275 176 259 299 175 110 177 13 160 213 263 181 81 238 182 293 205 200 75 294 218 119 26 236 92 307 206 246 303 278 241 143 18 29 297 56 104 195 215 223 122 235 144 258 112 300 244 107 314 130 134 212 73 15 77 116 32 140 187 248 5 40 24 49 201 257 295 305 166 282 136 247 126 199 113 117 8 123 154 148 63 191 267 296 264 86 57 60 298 137 217 284 141 190 31 196 52 226 50 173 151 271 240 202 118 184 65 108 252 150 237 146 276 2 59 286 84 12 312 39 105 87 158 25 142 180 189 227 135 309 279 249 183 270 51 83 162 37 27 283 174 219 152 66 260 153 272 178 67 71 41 47 310 231 1 132 58 273 
TEST LEAKS 5 ARG:159 74 30 130 108 161 142 31 207 220 274 99 218 13 90 306 168 282 122 26 128 176 27 234 242 4 101 309 94 240 106 194 268 55 186 307 208 7 294 267 138 253 84 196 312 151 23 105 314 3 158 141 172 133 46 202 43 174 191 292 44 203 200 280 119 308 93 235 260 291 113 283 170 67 5 179 123 32 96 301 254 2 252 68 225 71 64 289 139 146 120 198 102 100 300 16 12 232 244 129 233 103 6 204 223 66 28 49 184 166 135 37 79 261 78 177 165 125 263 143 152 302 144 199 228 197 110 53 124 181 17 201 275 171 160 273 241 238 259 162 104 290 216 237 288 63 62 107 83 114 239 243 206 284 126 150 82 149 153 95 313 303 87 134 213 297 8 21 111 131 262 214 14 145 209 10 127 91 19 173 80 271 22 109 117 251 195 224 58 98 75 205 296 192 226 246 210 155 304 61 255 230 41 0 76 189 249 147 1 54 222 121 156 250 140 305 81 193 69 315 178 11 77 278 24 167 164 212 73 56 310 247 211 257 270 57 183 286 59 285 72 175 266 169 52 40 293 29 163 248 299 47 86 38 264 97 272 116 221 25 18 185 85 182 217 112 276 33 65 51 42 20 48 118 287 227 36 231 219 115 89 188 132 60 180 277 50 190 136 281 88 148 215 298 245 137 92 269 39 258 229 35 311 45 157 295 154 9 265 187 256 34 15 236 279 70 
TEST LEAKS 5 ARG:136 280 287 126 20 234 34 24 166 9 83 124 128 89 103 222 275 41 253 151 159 17 105 52 216 201 169 47 294 220 23 293 238 208 49 29 10 97 273 78 122 163 131 69 278 45 12 196 257 114 67 255 288 53 137 229 138 192 207 38 212 315 248 123 129 21 226 140 162 194 104 247 258 298 19 120 198 160 271 235 190 121 161 99 254 215 155 243 314 125 107 46 81 62 193 175 176 35 290 218 16 44 158 50 219 177 1 206 274 85 203 213 18 40 225 60 92 292 291 284 241 202 232 14 112 251 84 285 102 204 308 80 153 165 260 173 26 91 309 184 96 186 5 152 86 195 170 108 261 94 227 148 106 312 58 142 301 297 37 116 109 51 210 74 88 224 266 276 179 172 277 171 168 48 264 119 240 66 228 110 316 250 147 209 205 72 32 300 164 233 231 57 230 269 70 55 310 259 95 73 295 242 43 54 262 64 244 214 286 0 61 283 30 289 22 256 3 113 145 11 174 134 141 299 182 270 281 143 130 31 265 237 236 263 246 306 197 191 223 178 245 65 167 183 87 221 149 156 305 118 267 15 132 249 39 127 157 33 25 313 93 211 282 111 150 90 76 36 307 302 154 79 268 199 296 239 101 82 146 98 4 303 8 28 217 188 42 144 56 304 115 189 200 272 27 77 180 252 181 75 2 133 117 6 63 100 71 13 135 139 59 7 279 185 311 68 187 
TEST LEAKS 5 ARG:77 185 278 282 158 270 120 240 271 1 221 116 152 224 199 53 249 220 110 217 137 247 7 28 98 23 41 309 12 92 222 10 37 2 167 102 204 48 13 304 230 259 248 24 191 21 93 175 68 90 131 105 210 314 38 255 49 169 134 292 174 160 200 107 268 147 151 188 64 171 4 257 140 302 114 273 18 244 170 75 108 181 277 166 187 216 305 258 168 189 299 104 150 192 227 56 113 69 155 85 72 112 298 243 71 54 124 254 242 34 182 95 173 81 164 159 205 284 127 142 253 82 87 300 45 115 146 283 83 43 231 60 126 86 0 144 233 177 16 91 133 31 19 136 263 106 262 50 162 235 88 223 139 42 65 307 275 123 218 66 301 76 51 89 153 317 190 5 11 156 135 287 280 246 267 232 25 179 20 26 14 80 234 214 157 208 186 163 241 79 266 239 215 39 294 279 219 306 315 30 293 201 165 308 67 256 15 303 194 36 211 29 225 178 132 316 111 70 17 74 161 274 78 310 202 295 149 40 122 176 145 119 226 143 84 100 9 125 206 148 32 154 97 313 236 252 228 291 265 251 130 245 103 272 260 197 101 8 35 311 138 47 59 6 128 46 109 196 184 22 193 61 212 198 261 203 297 288 213 207 57 33 44 269 63 55 237 129 286 27 62 118 264 183 209 312 52 195 58 141 73 229 276 238 99 180 117 285 172 296 121 250 281 290 3 96 289 94 
TEST LEAKS 5 ARG:255 123 286 131 283 270 102 241 294 208 101 239 219 109 225 305 125 40 34 7 23 191 258 221 207 69 162 301 282 4 307 236 281 127 50 37 254 21 155 315 126 128 235 190 43 289 308 52 91 168 173 87 53 312 142 299 166 145 199 187 113 181 60 25 226 20 298 67 151 61 114 71 222 275 192 171 33 206 57 274 73 100 184 65 0 115 297 186 217 292 29 78 9 56 77 42 188 31 266 203 178 146 287 94 161 231 158 260 72 28 167 119 8 110 143 124 204 3 238 130 27 103 49 237 169 150 118 250 201 302 59 264 317 288 99 133 257 93 81 138 48 132 26 180 10 261 13 229 160 147 74 310 248 242 16 290 212 174 175 228 90 88 284 185 153 82 295 269 309 84 249 45 244 265 108 246 6 278 135 243 98 44 316 214 134 220 216 35 15 104 189 234 79 58 306 303 1 24 47 144 170 19 313 291 120 213 68 121 263 107 36 183 179 137 38 304 232 97 196 200 259 117 209 311 202 139 165 218 5 92 252 154 149 253 176 182 163 195 70 12 62 30 230 95 157 268 89 122 215 105 245 39 54 148 80 300 247 198 271 193 55 152 262 64 227 85 224 111 285 156 41 141 233 240 11 22 83 277 18 75 267 280 256 116 211 314 106 205 251 159 197 318 177 272 279 140 17 112 96 63 194 76 164 2 66 32 51 172 223 293 86 14 273 296 136 46 210 276 129 
TEST LEAKS 5 ARG:8 143 231 202 11 102 37 172 180 159 28 112 92 111 7 78 25 88 267 23 30 271 77 32 119 298 142 213 301 316 302 315 157 64 244 274 239 299 110 95 178 222 206 259 145 285 234 288 243 227 133 207 292 300 61 226 9 39 306 24 215 156 291 82 230 214 154 310 179 313 86 189 6 272 307 263 235 218 44 279 122 192 175 144 22 127 254 100 137 59 125 258 245 277 130 139 219 319 12 52 273 286 173 269 164 256 177 49 262 73 1 264 282 229 117 35 253 21 16 162 188 20 53 13 10 158 216 199 275 165 203 309 116 67 303 5 297 167 153 121 29 60 240 17 257 238 48 204 98 83 151 155 290 138 317 146 160 149 43 241 278 101 208 251 255 270 250 103 247 289 223 220 252 314 96 190 186 308 201 74 283 113 46 18 228 68 281 71 79 97 132 105 40 249 293 136 211 236 141 195 147 312 182 109 34 148 140 184 47 168 62 27 85 38 58 276 2 14 129 185 81 26 152 131 296 108 33 221 19 107 193 63 93 187 198 248 50 212 91 99 128 115 266 69 197 183 120 224 210 294 90 55 36 94 75 70 106 287 196 169 3 163 265 123 161 31 15 246 170 124 87 181 209 304 134 237 89 72 200 41 217 233 318 56 166 261 66 126 57 45 284 174 232 76 4 80 205 135 42 268 225 54 114 104 191 260 295 51 0 311 171 242 150 305 280 84 194 65 176 118 
TEST LEAKS 5 ARG:172 293 226 244 96 295 291 309 305 164 249 183 270 310 39 260 79 49 138 38 209 189 194 133 81 129 303 174 132 288 211 173 106 238 33 299 28 281 10 235 35 233 178 231 78 6 17 123 285 271 83 284 289 184 150 217 155 162 253 60 239 188 306 5 258 36 151 157 187 56 185 102 24 29 26 202 89 247 276 110 145 154 282 116 113 317 166 30 255 127 18 147 219 22 55 200 128 86 69 148 8 198 201 168 180 298 92 93 84 212 23 294 170 272 262 88 47 111 65 273 199 245 181 171 122 114 286 107 203 158 94 125 27 42 25 319 313 15 44 214 11 208 3 91 257 61 248 126 307 251 254 100 277 117 90 175 234 149 77 177 105 287 225 104 224 259 63 163 269 265 82 52 261 312 137 263 210 50 156 53 16 134 146 34 37 51 121 109 320 314 292 318 240 118 59 215 304 74 62 85 236 221 124 280 220 246 142 131 95 311 242 243 232 167 73 68 222 1 268 252 7 32 297 48 275 13 216 207 230 70 256 57 72 45 31 283 195 159 14 136 274 12 197 179 19 300 229 87 192 40 0 9 66 120 186 153 204 182 206 308 139 20 141 2 218 75 46 98 67 58 143 250 176 301 43 267 290 4 193 302 279 190 140 41 266 165 227 264 152 112 169 119 115 213 80 108 99 241 237 101 64 315 130 144 316 228 71 191 205 278 161 160 76 97 103 296 21 54 196 223 135 
TEST LEAKS 5 ARG:310 212 11 91 87 81 89 143 287 159 58 157 303 148 251 198 31 300 121 271 242 217 154 192 79 65 33 48 255 138 307 228 209 118 197 124 224 304 86 291 267 188 292 308 288 136 137 227 276 60 29 253 152 268 110 297 122 230 274 108 129 201 69 309 106 280 16 285 165 182 117 61 78 185 101 49 318 14 123 290 62 319 193 27 126 214 111 216 221 24 240 234 6 176 42 103 17 249 72 151 114 281 30 306 22 314 208 57 202 315 92 135 2 238 239 144 54 90 4 225 116 162 204 8 156 237 205 233 26 53 220 83 3 102 131 269 286 295 229 317 84 112 18 179 175 128 76 98 258 41 127 219 28 40 73 266 245 206 211 43 36 20 222 46 94 169 223 134 37 171 7 66 113 262 145 85 71 140 67 265 120 104 99 283 298 210 301 207 150 146 9 105 189 115 32 0 235 270 252 321 256 178 174 96 70 35 236 173 275 311 125 21 263 55 82 77 247 261 302 243 149 244 160 226 278 75 23 184 147 289 97 100 218 282 215 246 109 260 194 257 172 279 190 186 153 272 1 320 177 63 95 294 273 10 44 313 161 248 316 74 293 5 213 25 130 180 56 155 38 59 196 19 259 166 277 107 88 299 312 142 15 80 199 119 52 232 296 250 45 163 34 168 39 254 164 187 51 139 132 264 141 284 170 183 68 305 195 200 203 167 191 64 181 231 13 47 50 158 241 12 93 133 
TEST LEAKS 5 ARG:275 52 112 100 155 217 49 220 302 15 245 87 181 32 123 17 222 30 129 219 196 103 199 250 268 152 84 255 191 313 294 285 236 10 267 108 145 232 251 247 309 86 142 174 270 297 201 269 218 262 319 203 57 14 125 227 229 28 88 195 134 265 298 239 179 114 51 99 224 64 110 7 193 305 12 118 278 63 301 277 45 204 150 226 240 212 59 238 230 36 233 182 317 65 211 102 66 281 291 161 252 24 192 144 293 190 176 308 1 290 184 75 248 235 171 197 246 287 306 205 234 257 198 214 215 256 207 280 115 175 96 53 286 163 153 261 46 56 82 80 183 160 188 249 69 43 154 254 271 101 104 48 237 113 158 296 120 241 60 4 164 92 29 186 149 221 50 34 292 40 209 132 77 295 35 111 93 242 167 284 202 128 27 116 107 135 109 304 19 21 143 276 124 16 141 47 25 22 41 320 187 79 178 68 194 81 272 78 20 172 140 58 89 71 159 130 13 258 76 83 94 288 38 74 311 263 70 162 213 283 85 322 6 122 321 312 310 91 157 105 208 136 266 180 264 139 318 119 54 228 231 131 274 200 168 314 5 90 106 216 33 223 147 253 9 42 97 146 11 166 185 62 165 300 0 173 316 98 206 289 61 137 260 2 177 121 55 169 138 189 127 273 148 259 315 151 72 126 117 279 44 31 307 156 299 95 133 3 18 303 244 225 67 73 282 170 8 243 37 26 210 39 23 
TEST LEAKS 5 ARG:121 118 72 156 33 272 304 19 278 160 103 273 187 56 254 264 163 310 311 58 240 4 120 214 130 154 258 35 8 51 223 7 3 70 167 140 5 322 292 24 133 297 126 319 159 22 137 291 95 42 80 158 109 36 71 313 31 68 166 50 88 183 315 20 18 302 242 180 83 177 63 134 259 16 281 96 268 226 60 165 127 164 105 12 170 52 49 217 263 112 248 323 135 235 176 174 179 47 260 318 150 136 131 253 66 290 152 296 306 153 283 151 251 203 198 162 138 314 293 148 289 222 321 146 271 86 209 124 17 107 236 228 23 266 192 106 125 225 207 277 275 227 61 247 303 90 288 157 239 196 85 91 178 172 0 285 280 14 108 233 279 282 11 26 113 182 30 262 219 185 221 81 141 75 39 232 100 57 287 309 276 252 65 1 38 213 267 270 201 29 255 238 45 320 206 317 76 40 149 230 193 188 13 28 104 186 25 41 43 231 67 168 195 115 122 191 265 316 300 27 205 218 224 2 234 93 111 69 220 129 94 132 59 175 110 34 161 298 169 73 145 261 171 143 269 64 199 101 208 139 55 210 307 190 77 82 229 10 87 117 9 189 74 184 15 147 250 37 295 6 197 79 308 44 46 123 294 84 299 286 155 78 53 305 246 237 114 244 102 89 62 274 245 256 181 116 212 173 98 241 202 54 21 249 284 204 257 128 243 301 216 215 119 97 200 32 144 48 312 211 99 142 92 194 
TEST LEAKS 5 ARG:178 21 76 147 43 186 96 211 207 135 305 295 245 86 101 29 22 256 46 219 33 59 104 221 269 200 126 166 162 80 150 153 204 66 77 253 91 49 190 138 134 149 196 71 57 51 312 208 114 287 70 34 158 15 121 175 61 161 284 170 311 301 31 197 203 180 65 137 257 247 218 107 254 243 313 231 63 9 84 100 48 233 118 106 302 145 189 89 19 10 90 303 280 199 1 193 151 148 68 113 201 246 185 183 69 156 112 249 27 55 172 182 67 206 239 198 281 322 99 155 242 177 73 258 273 41 307 319 236 17 44 79 124 227 220 223 168 212 25 187 136 292 308 3 222 323 294 259 154 40 164 122 24 0 214 228 2 133 140 272 129 6 286 167 7 176 20 188 45 117 74 141 321 38 270 123 235 4 268 310 277 264 128 304 85 108 195 210 120 205 23 39 252 142 271 278 192 250 115 102 35 105 12 97 159 81 30 36 263 139 88 92 83 225 132 275 260 14 131 261 8 241 58 11 291 119 234 87 230 217 290 238 289 37 267 98 232 109 52 237 5 110 125 288 64 309 93 169 293 299 173 317 111 285 300 298 160 146 266 315 62 306 316 296 50 213 240 282 194 143 191 324 274 16 320 13 103 229 95 72 255 47 53 215 216 179 28 224 60 42 202 116 144 262 244 32 276 251 283 127 54 163 226 184 171 165 265 94 209 279 157 152 314 297 248 181 82 56 174 78 130 75 318 26 18 
TEST LEAKS 5 ARG:249 125 44 189 165 122 241 148 196 97 154 308 276 119 67 137 324 230 71 136 49 12 273 172 210 187 102 52 182 120 291 70 257 176 22 19 55 316 299 48 138 246 225 4 31 34 171 195 127 204 265 108 203 35 322 113 197 64 43 228 184 73 231 208 226 58 256 211 206 198 85 312 223 56 112 160 0 320 321 104 111 1 78 80 180 309 69 164 121 86 32 264 185 106 173 47 250 68 259 247 38 218 145 10 123 157 76 28 275 133 269 153 91 307 162 296 23 33 6 303 304 282 268 317 146 147 101 280 191 92 205 128 98 323 283 190 263 325 57 216 132 87 266 194 302 167 179 30 181 79 93 53 200 202 77 255 66 135 290 166 18 193 139 27 293 141 7 82 29 306 88 199 215 270 50 284 201 207 8 253 314 240 150 13 100 297 95 62 2 110 9 235 318 140 96 60 272 159 262 16 37 94 41 169 278 115 183 170 209 25 221 251 186 65 36 39 40 143 227 105 3 177 214 294 233 305 129 319 213 244 239 15 315 84 63 116 288 81 248 11 24 134 217 20 313 267 42 234 174 245 192 156 168 163 21 5 152 75 300 279 142 310 301 131 243 61 161 258 109 274 238 118 17 90 289 178 252 286 212 130 287 242 295 117 14 236 124 46 232 224 151 51 158 114 219 45 175 271 107 83 285 72 261 229 254 277 59 292 260 89 54 188 126 298 237 281 149 155 103 99 26 222 144 74 220 311 
TEST LEAKS 5 ARG:255 167 189 38 35 228 86 299 88 115 91 7 258 315 137 294 298 33 274 287 76 174 210 51 78 291 163 151 325 45 56 226 304 168 172 277 246 183 162 251 89 215 52 5 286 216 157 319 112 297 250 135 230 281 252 66 231 121 21 176 242 283 150 180 219 126 206 82 263 73 31 232 53 318 107 165 271 200 160 186 204 147 48 90 272 208 236 309 266 201 316 195 141 41 124 77 16 161 211 170 102 223 87 237 1 15 131 322 105 95 61 96 188 123 171 24 13 153 218 313 239 49 278 268 30 155 301 317 143 50 70 84 117 181 314 192 99 74 248 23 158 148 203 6 217 243 224 254 118 47 68 222 221 14 69 26 300 34 25 197 194 207 72 179 22 257 303 129 103 184 125 209 149 108 307 62 260 57 324 290 37 241 229 267 249 273 80 18 139 17 169 94 113 220 279 152 138 185 238 311 261 85 177 83 79 288 142 8 81 144 43 198 140 253 310 65 320 42 101 54 173 202 111 259 240 97 156 285 27 178 46 312 262 323 116 213 293 130 133 136 32 122 132 67 127 60 247 2 110 3 227 75 106 305 109 264 235 114 308 20 326 39 233 284 59 187 214 280 164 134 29 205 12 159 191 28 265 270 98 64 104 292 44 63 256 193 146 269 175 234 11 321 244 120 9 296 93 145 58 40 245 55 196 295 289 306 199 0 71 166 182 100 154 19 190 276 302 4 10 119 212 282 92 36 225 128 275 
TEST LEAKS 5 ARG:150 120 190 194 126 58 2 216 323 154 118 321 158 281 213 299 224 219 103 132 14 266 113 312 228 52 233 326 230 287 17 123 202 316 182 108 73 62 142 226 185 320 184 131 13 138 90 238 239 42 313 148 250 176 276 19 68 296 8 29 36 301 311 25 203 112 97 162 125 200 300 94 147 309 192 26 234 153 65 152 32 317 1 325 252 75 292 27 40 137 164 144 55 53 130 105 241 3 146 43 167 140 214 322 70 291 248 119 78 59 34 170 16 268 54 262 232 33 41 165 57 20 231 245 7 277 63 253 88 244 290 44 175 151 221 15 295 143 39 218 21 225 286 271 282 155 315 188 81 64 258 293 236 95 98 46 269 265 304 56 168 5 66 171 206 60 149 285 207 23 178 79 91 157 104 229 307 114 209 237 28 99 136 181 89 100 186 38 49 319 254 220 195 324 127 274 11 37 193 116 260 257 298 83 69 242 111 279 115 211 204 80 261 134 210 255 179 18 86 289 31 180 251 246 166 129 302 183 169 24 82 85 222 172 163 280 197 284 71 145 264 187 267 9 22 50 303 4 35 74 106 263 223 122 102 272 297 217 87 161 235 310 275 141 76 110 47 133 12 283 270 48 256 273 109 196 84 305 212 45 92 0 135 10 318 173 67 117 240 128 121 189 198 51 61 107 259 249 288 294 208 247 327 139 191 205 6 243 199 30 77 278 308 93 96 201 227 101 124 160 156 72 314 215 159 177 174 306 
TEST LEAKS 5 ARG:189 322 198 234 17 22 268 192 27 271 163 115 174 51 251 64 194 211 113 293 62 89 167 235 24 138 153 205 66 76 137 206 179 47 144 116 302 218 86 11 157 28 236 70 296 39 286 155 183 8 58 33 213 303 193 136 290 177 49 231 319 67 229 180 248 104 26 2 111 222 29 164 325 161 75 320 204 275 215 166 196 201 223 139 15 52 233 263 99 117 285 118 326 154 55 230 267 244 187 246 83 250 298 178 56 190 299 259 4 105 272 53 73 228 121 44 227 128 188 74 280 119 102 43 98 59 114 127 46 276 305 195 181 304 292 92 91 30 142 294 106 5 313 100 134 269 71 281 77 78 254 327 12 214 110 245 132 131 82 186 145 253 295 199 65 25 97 312 87 37 107 149 282 123 103 50 239 321 18 264 258 40 151 85 243 226 146 249 171 212 274 147 266 287 143 308 257 291 240 210 150 317 261 61 129 20 297 191 93 10 170 95 1 184 224 306 54 3 323 225 31 318 109 96 256 0 252 81 148 57 42 45 9 84 232 273 247 309 35 262 208 241 175 69 156 176 88 19 288 125 135 173 21 301 328 158 36 168 202 219 90 68 133 169 41 6 159 203 279 141 126 23 165 101 122 311 13 152 63 300 209 265 289 172 221 185 14 72 217 284 162 7 112 237 307 200 216 34 316 160 60 220 120 260 238 277 16 310 48 197 140 324 130 278 38 315 32 207 283 80 124 242 255 79 270 94 108 314 182 
TEST LEAKS 5 ARG:278 320 280 80 321 132 62 140 284 153 240 309 228 100 99 236 149 85 13 166 90 58 92 124 59 4 302 257 74 194 106 152 292 37 275 72 203 55 295 310 202 306 276 42 187 322 294 56 256 44 168 206 119 114 243 197 5 277 87 304 84 155 195 33 303 31 86 25 38 150 181 1 286 247 115 105 265 213 226 91 269 40 156 210 205 220 113 298 160 120 313 67 300 109 289 266 73 144 281 107 81 200 34 270 0 71 141 89 174 262 299 177 121 23 188 165 137 15 224 324 118 186 45 97 116 135 242 111 14 51 180 285 238 318 69 98 183 148 173 7 19 24 329 16 125 268 103 198 232 229 3 68 189 175 252 6 161 142 273 279 39 96 212 17 46 199 131 53 88 79 170 211 112 314 253 261 225 327 57 61 11 104 76 218 248 18 50 323 191 159 288 237 151 254 264 8 129 27 258 308 184 26 43 146 176 171 312 110 235 282 35 127 297 154 293 54 231 255 130 32 101 162 185 64 95 319 47 139 122 245 208 136 234 179 78 83 117 251 260 222 325 239 246 128 328 249 227 172 244 250 2 48 167 291 30 126 316 65 204 296 307 182 70 263 169 163 305 215 233 66 36 10 209 158 123 196 75 108 301 157 272 230 164 94 134 28 143 311 216 326 82 12 317 60 267 214 283 9 178 315 41 133 271 138 193 63 190 102 21 77 287 290 20 217 223 201 259 274 221 192 29 219 147 241 52 22 145 207 49 93 
TEST LEAKS 5 ARG:313 97 312 233 319 197 276 76 7 41 115 221 172 310 161 290 54 88 74 93 225 2 19 200 10 146 32 150 196 156 181 330 117 107 29 295 133 122 95 50 291 223 38 154 299 153 8 6 309 281 106 202 4 152 129 141 51 27 116 23 85 35 206 288 184 282 52 257 228 94 177 110 140 75 297 112 311 21 217 174 269 270 58 101 298 232 71 45 11 134 62 79 268 61 250 253 31 167 46 307 185 237 89 224 284 245 201 149 205 26 203 204 188 264 315 159 183 300 109 241 226 59 139 173 114 175 213 252 99 194 90 67 271 255 47 212 209 86 56 171 327 259 55 285 25 210 160 131 37 123 163 81 80 293 244 230 326 1 251 219 49 18 283 63 92 256 104 273 68 218 234 262 242 165 118 301 278 98 135 243 186 314 195 220 260 317 39 294 13 34 207 12 57 170 96 190 246 287 84 132 83 265 214 143 261 14 147 320 164 126 64 328 100 66 145 36 249 77 322 236 130 137 198 73 42 44 157 187 308 325 142 124 30 166 254 43 28 102 162 24 103 182 125 316 208 33 148 227 302 138 238 258 158 263 53 323 78 292 179 266 70 247 22 168 3 216 193 229 199 144 289 304 155 111 279 91 151 275 303 60 192 119 128 121 274 136 72 15 211 0 82 296 180 65 113 9 321 178 127 267 318 87 248 305 105 17 5 286 20 240 48 176 306 235 280 222 120 108 69 277 324 231 239 169 16 191 329 215 40 272 189 
TEST LEAKS 5 ARG:270 108 245 34 100 215 63 204 307 65 226 150 152 227 32 170 4 322 244 123 325 225 48 309 101 70 195 302 216 224 179 188 243 37 29 294 183 17 200 287 33 313 191 251 26 127 118 104 318 76 311 186 28 212 163 300 15 78 310 22 75 167 265 301 250 233 42 89 222 181 64 269 122 24 85 272 155 298 218 55 197 246 252 147 230 266 59 112 208 27 145 221 46 86 102 16 134 99 72 158 129 31 234 83 11 176 81 331 9 280 263 136 168 90 306 206 52 169 62 165 146 241 324 193 41 3 209 69 297 92 124 173 25 210 219 303 36 329 242 279 305 60 295 79 39 199 68 71 20 44 259 182 223 326 273 14 190 149 54 119 133 185 57 157 330 308 13 58 93 40 288 316 236 261 61 315 138 1 8 121 213 228 128 249 43 143 214 156 291 240 220 137 304 2 253 175 18 130 109 256 50 180 275 131 286 148 238 312 10 264 159 211 151 97 53 88 125 120 105 177 320 187 235 117 196 323 237 30 203 248 142 217 267 229 321 140 23 258 113 314 47 277 96 260 198 184 268 116 178 274 174 73 257 317 114 278 49 283 296 262 19 56 319 6 80 194 247 284 144 255 162 126 7 254 91 87 45 327 172 98 299 202 94 153 51 0 285 132 166 232 115 293 135 74 95 239 111 110 21 171 164 66 38 328 84 201 139 154 35 205 12 231 189 281 67 290 77 161 107 207 141 282 82 192 103 160 289 276 5 271 292 106 
TEST LEAKS 5 ARG:169 263 63 120 35 28 89 76 260 267 82 183 218 288 317 230 187 205 193 252 140 162 146 216 0 303 13 86 56 129 325 125 293 147 220 118 297 71 262 127 234 153 240 185 310 132 251 104 29 223 7 87 33 287 39 198 265 239 273 38 30 172 200 9 124 298 166 115 170 80 123 160 72 26 105 57 271 27 302 215 256 328 75 11 164 281 16 151 131 142 134 141 37 74 77 242 107 91 85 150 222 3 19 159 79 101 275 277 238 100 264 206 113 43 51 295 94 324 114 268 44 133 1 58 241 14 4 296 128 18 190 130 217 167 2 110 61 195 163 157 60 22 286 184 280 40 312 237 231 103 331 182 291 305 306 31 209 97 111 311 99 290 25 192 171 144 226 276 65 34 126 84 15 67 143 55 249 243 62 266 329 42 96 228 318 191 68 20 332 214 24 175 149 304 224 285 194 5 210 54 307 108 330 138 156 139 174 102 232 326 155 292 83 300 112 69 10 137 23 116 88 233 41 213 244 225 320 173 255 189 12 245 179 78 136 323 48 186 122 49 73 93 158 219 168 254 121 6 64 308 8 211 279 199 270 45 181 196 284 258 81 117 148 46 274 59 229 212 165 106 301 253 261 235 203 188 250 221 119 204 247 135 278 66 161 321 236 180 289 322 272 176 21 178 227 314 177 90 70 283 259 98 201 313 50 282 208 95 17 319 294 197 152 269 32 52 145 154 315 309 316 327 207 257 248 109 202 36 53 47 299 92 246 
TEST LEAKS 5 ARG:275 194 251 12 263 214 105 139 61 38 147 256 89 249 173 276 103 213 253 299 155 159 127 192 122 7 166 74 317 129 70 328 30 261 211 283 186 260 312 182 4 296 42 208 185 300 87 229 196 307 49 145 176 141 20 199 303 246 79 21 14 247 115 310 191 220 46 171 82 202 235 109 306 224 5 242 108 282 177 138 311 230 40 259 53 11 223 93 106 190 286 221 88 24 198 31 1 233 2 330 131 292 25 154 228 114 162 62 315 206 136 324 281 161 314 195 234 67 165 304 84 201 264 111 75 63 232 189 184 243 284 170 319 66 326 33 92 252 41 149 39 77 274 22 210 23 174 250 329 146 168 245 3 101 48 271 269 309 157 268 248 107 132 172 226 59 8 258 293 98 308 325 50 332 327 227 266 225 188 297 302 143 180 83 218 331 112 137 35 204 37 44 217 156 6 85 152 277 56 212 257 90 290 29 178 236 203 119 262 323 142 94 267 333 140 160 244 287 241 280 321 117 167 45 128 193 237 68 222 231 294 197 175 86 273 36 270 51 150 28 118 26 272 164 54 13 55 16 120 78 95 110 43 313 102 104 318 205 291 15 240 130 295 121 133 278 32 60 80 34 17 169 69 238 10 58 207 73 288 144 163 126 124 301 215 71 183 148 18 158 289 65 91 57 322 285 209 254 320 72 134 316 0 265 99 100 113 19 279 97 96 135 76 153 179 305 27 64 9 187 52 123 298 239 116 181 255 47 219 81 151 125 200 216 
TEST LEAKS 5 ARG:302 12 79 42 64 33 285 307 308 181 309 148 168 47 298 86 318 7 170 32 55 322 289 43 162 141 46 48 134 178 101 92 105 59 315 278 22 206 89 287 166 192 102 72 11 253 136 220 215 122 232 17 221 167 111 117 127 110 248 290 14 9 312 142 262 272 152 323 282 293 20 194 223 36 155 123 225 265 218 259 189 121 286 147 154 199 296 51 198 159 222 243 328 234 98 80 330 251 163 319 15 182 100 31 276 299 53 193 34 145 27 49 45 87 23 60 94 161 135 281 30 62 240 112 174 65 320 231 175 120 219 143 54 165 190 268 246 274 242 303 202 99 185 160 119 331 156 291 229 171 301 283 288 247 267 83 82 93 149 321 137 305 264 158 169 239 334 103 131 69 146 41 164 37 238 128 191 279 2 270 254 313 130 77 35 153 129 333 226 250 200 249 24 81 284 4 10 201 108 269 26 28 224 61 56 204 245 176 106 96 186 0 44 151 58 73 233 78 317 300 256 332 21 273 195 113 6 205 115 211 261 310 8 75 212 66 311 1 91 188 157 236 95 109 116 266 210 325 327 68 18 227 258 230 114 139 107 297 144 118 50 133 3 213 70 314 329 277 183 90 260 40 173 184 16 84 132 5 275 29 63 179 104 25 140 217 150 88 294 235 306 295 208 214 304 271 172 292 255 125 38 67 74 196 71 57 324 124 237 257 138 252 76 126 85 207 216 209 280 19 197 316 326 13 203 187 39 241 244 228 177 97 180 52 263 
TEST LEAKS 5 ARG:289 93 150 41 78 88 126 64 73 169 332 248 10 312 5 323 80 42 85 50 275 11 142 290 194 324 306 148 251 27 60 143 127 159 108 180 86 102 12 13 270 65 124 184 31 35 52 238 325 214 38 191 237 183 46 141 19 303 16 257 247 216 20 48 241 62 118 71 132 33 110 260 15 26 173 225 207 135 243 24 128 189 171 151 75 67 43 333 161 179 285 181 47 28 310 328 200 239 14 263 202 229 111 76 326 139 155 282 308 32 44 258 266 327 321 296 277 314 281 77 164 153 255 286 319 209 125 8 97 100 21 104 276 90 334 311 298 331 335 304 156 55 130 274 233 195 218 57 82 316 112 109 119 199 208 231 30 186 232 204 295 283 261 37 309 294 154 45 228 121 83 129 307 272 66 249 22 330 158 313 227 182 178 287 138 244 220 147 58 149 168 29 17 235 253 262 279 123 160 205 117 84 256 87 137 198 103 226 280 291 206 107 185 152 166 299 120 278 196 59 254 163 222 190 56 267 271 315 101 99 105 54 264 212 51 223 217 68 79 288 329 162 284 131 25 203 236 293 145 1 172 300 98 94 95 116 259 193 36 265 70 242 221 201 2 9 234 268 252 74 322 292 144 176 146 69 40 106 72 210 240 114 317 53 170 140 63 211 301 7 136 134 320 61 192 165 3 219 113 49 91 34 215 6 174 122 0 92 4 175 197 302 18 115 157 318 224 250 187 213 305 81 273 230 96 39 269 23 177 167 89 246 297 133 188 245 
TEST LEAKS 5 ARG:252 92 248 34 332 2 54 150 291 277 283 323 279 310 9 139 193 187 98 59 90 115 133 53 268 198 267 107 202 13 135 261 242 79 307 52 22 82 273 237 271 63 204 317 266 321 24 21 245 61 104 28 152 326 132 276 177 154 170 309 262 325 166 100 17 101 226 29 313 147 174 27 302 216 125 142 58 71 163 161 96 257 285 260 169 299 316 227 221 46 244 298 35 102 303 240 272 171 113 95 274 211 120 51 319 282 194 247 129 112 195 207 241 33 89 256 210 156 315 269 66 182 201 203 80 223 189 158 235 12 44 37 31 230 233 217 160 140 278 228 69 38 134 329 146 222 39 219 200 265 8 128 229 179 190 10 259 144 165 324 295 76 335 91 308 83 264 236 50 168 145 25 331 105 192 300 334 126 30 159 243 11 87 275 121 215 249 40 20 149 199 99 255 47 72 214 196 16 151 176 286 180 88 250 141 111 290 287 136 86 293 26 213 114 172 155 74 232 118 137 94 218 62 45 258 153 304 64 320 123 0 231 60 167 224 77 208 246 32 197 68 84 162 119 191 327 296 186 292 117 318 23 209 205 65 85 3 301 212 185 97 6 67 131 55 175 322 184 314 157 48 19 173 103 289 306 70 333 238 220 93 336 225 148 1 239 18 122 178 270 188 297 164 127 110 284 41 5 294 263 330 181 36 288 130 254 116 108 106 183 251 253 75 14 311 15 138 234 143 4 280 328 73 43 109 42 49 312 57 56 124 81 206 7 78 305 281 
TEST LEAKS 5 ARG:110 65 9 51 38 168 217 302 46 157 84 13 194 281 297 2 27 165 300 109 105 322 268 336 284 319 280 26 56 221 316 285 55 198 255 326 206 264 99 225 49 63 205 294 89 242 204 330 152 0 66 266 78 166 100 308 117 247 259 36 155 87 123 192 60 154 82 214 195 95 335 174 104 83 209 315 170 305 277 59 272 146 92 226 71 324 128 160 70 328 241 151 202 254 41 73 147 116 85 137 134 323 189 24 291 120 295 187 18 172 37 274 133 140 32 317 182 19 53 190 250 3 58 1 333 111 279 318 163 240 101 11 12 248 332 288 77 334 219 178 249 312 337 175 282 215 185 54 93 292 72 220 218 34 287 28 10 176 260 290 143 186 69 212 114 86 271 267 304 14 169 171 310 234 122 233 320 161 43 126 48 33 303 296 6 50 311 201 88 74 216 35 130 158 262 129 164 90 278 299 153 238 325 108 321 20 144 257 184 197 57 16 98 119 138 40 177 106 29 232 265 139 223 52 203 39 61 200 97 227 25 131 96 252 251 94 261 64 239 222 191 62 127 256 115 135 102 113 210 237 301 142 211 159 283 245 23 149 179 67 293 107 224 327 273 173 141 145 207 68 124 243 121 125 235 22 269 148 15 42 314 132 230 31 199 244 183 75 21 180 306 30 181 276 80 167 236 4 8 213 258 112 76 103 193 298 196 162 45 263 156 313 228 331 118 231 275 229 81 270 44 309 253 7 329 286 246 188 79 289 47 136 150 91 208 5 307 17 
TEST LEAKS 5 ARG:313 6 184 213 326 70 173 198 144 253 199 132 284 194 5 172 76 142 271 331 259 29 79 248 148 257 21 60 71 9 137 193 322 1 256 264 42 178 2 104 160 157 101 73 290 43 78 50 153 291 262 54 47 281 110 272 208 52 11 141 324 228 306 25 124 74 56 189 190 334 26 40 177 97 33 126 159 226 46 23 149 204 155 35 18 121 161 169 84 270 102 135 128 249 13 336 94 58 236 294 279 210 134 158 304 140 146 171 118 109 108 111 92 191 28 325 105 187 280 261 289 106 242 4 238 15 87 254 269 39 195 300 218 49 89 150 66 332 99 298 181 103 168 154 107 17 211 287 19 188 315 64 27 227 311 162 216 131 61 241 243 224 299 335 205 286 192 138 217 183 225 88 317 151 196 179 44 93 263 320 69 209 329 96 143 292 147 222 310 164 31 240 67 338 81 312 314 288 3 293 212 214 165 123 65 308 86 295 77 167 333 114 185 45 283 175 282 229 223 62 180 278 80 307 207 265 100 127 166 91 59 38 129 8 136 201 255 268 321 16 152 330 7 72 260 68 277 296 250 55 206 176 186 22 309 63 301 235 95 232 163 219 303 327 130 267 234 119 252 120 230 37 200 156 275 115 316 273 203 233 51 98 133 57 34 302 197 145 125 12 221 274 244 246 266 305 10 75 112 85 20 36 239 285 170 220 215 48 117 319 231 113 53 116 245 30 24 318 122 247 182 202 90 0 14 174 139 297 32 41 251 328 276 323 82 258 83 337 237 
TEST LEAKS 5 ARG:147 79 83 90 261 131 23 225 86 104 63 174 224 78 103 240 241 245 311 25 259 188 210 214 247 265 272 328 46 37 30 306 338 93 102 95 190 136 67 57 168 291 262 169 116 110 65 115 0 154 76 16 24 156 285 22 70 300 235 172 221 91 73 339 56 120 187 89 230 333 74 105 305 129 222 279 92 109 45 143 273 132 268 336 52 9 197 288 133 216 159 100 294 194 97 191 134 192 283 304 284 41 2 198 205 181 81 77 88 269 274 215 213 128 226 8 11 126 149 48 94 282 62 310 239 49 10 280 32 160 286 335 242 256 267 142 276 326 3 33 40 42 137 325 106 185 51 176 7 38 178 218 220 144 223 182 321 186 39 71 246 211 127 228 195 203 313 50 320 17 289 140 87 66 207 244 204 34 161 248 206 236 253 219 1 217 302 180 163 189 308 15 322 199 146 290 314 297 21 118 171 250 6 173 44 317 312 112 209 257 329 165 108 27 275 232 331 231 177 166 316 157 35 19 148 130 264 260 152 164 318 315 229 141 196 327 249 263 122 298 330 170 252 84 167 258 295 323 58 117 234 125 292 80 179 47 113 278 121 82 101 271 64 139 254 150 281 307 124 138 68 29 36 212 251 332 296 208 135 319 28 59 287 309 184 227 18 237 175 123 243 183 233 153 337 26 4 266 69 54 72 201 293 193 303 255 145 5 111 114 155 301 53 324 158 55 270 61 99 96 12 299 20 13 151 60 162 200 119 85 107 14 43 202 31 75 277 98 334 238 
TEST LEAKS 5 ARG:215 308 318 239 177 131 224 232 120 279 114 214 148 75 334 167 52 161 113 251 233 98 102 322 338 62 197 69 309 119 135 260 240 30 82 298 93 145 95 212 171 230 139 165 83 115 65 13 302 314 218 87 22 274 180 291 262 53 321 198 108 243 66 42 286 275 258 333 330 47 166 32 109 112 45 124 118 49 36 125 3 231 136 336 72 17 128 84 244 35 63 193 283 130 89 220 223 183 68 195 303 20 261 301 211 234 18 256 28 156 210 304 222 50 77 0 12 213 123 39 46 242 41 137 264 282 339 162 320 287 325 94 268 57 196 299 51 59 21 116 226 117 4 38 272 147 31 97 25 278 101 168 187 315 78 241 284 216 160 27 56 9 174 61 221 317 285 312 5 245 126 265 92 311 169 106 48 182 227 288 246 276 170 199 26 219 313 189 67 127 8 1 247 203 324 99 295 143 91 60 190 154 281 64 208 332 270 55 74 290 340 133 252 192 202 23 307 329 111 100 90 121 201 158 235 207 263 6 316 2 146 58 44 277 297 24 280 271 29 326 319 335 289 294 149 79 142 176 305 237 205 151 14 11 172 152 273 7 178 40 229 138 86 236 16 34 185 129 217 327 103 228 76 19 150 134 328 255 337 155 159 248 249 173 80 10 293 163 54 179 181 164 253 209 238 292 85 70 104 71 200 15 175 250 306 204 206 266 140 257 105 186 96 122 110 81 310 225 43 132 184 194 33 141 191 323 73 153 144 259 254 88 267 157 269 188 300 296 107 37 331 
TEST LEAKS 5 ARG:207 104 303 21 280 256 33 172 97 202 134 119 37 29 170 233 339 324 222 23 35 45 74 117 188 32 39 193 116 130 139 101 94 132 211 220 205 135 265 315 83 0 122 68 118 269 245 292 253 24 141 302 305 149 278 105 162 258 168 90 183 337 249 244 136 299 296 96 109 34 55 95 51 184 328 301 138 201 317 53 216 62 197 87 11 329 276 41 250 320 316 295 228 65 338 181 236 251 164 195 60 6 150 238 198 59 93 214 312 64 28 79 229 294 73 159 322 206 291 10 239 289 18 113 287 189 243 84 234 165 100 340 321 47 279 217 257 313 311 209 154 20 252 42 333 69 72 81 48 285 334 77 298 326 319 88 19 192 120 123 25 12 163 157 31 272 108 143 224 1 92 167 161 199 331 177 169 247 240 102 259 152 140 180 226 196 80 3 127 254 284 309 174 124 261 213 27 182 13 144 16 307 221 63 255 241 191 300 89 237 148 30 137 49 290 4 304 268 22 330 99 306 203 57 66 166 155 14 38 91 8 9 142 70 125 263 43 223 126 82 281 227 232 273 186 260 145 262 156 282 219 86 54 61 85 215 112 336 133 173 71 264 103 146 78 274 171 128 297 293 58 204 131 7 46 115 286 341 2 36 266 327 26 235 15 190 5 67 283 200 271 129 176 242 231 175 185 310 98 153 275 335 270 75 248 52 208 218 107 225 40 267 332 246 288 17 187 151 178 323 110 308 318 158 314 160 277 106 325 210 194 147 114 50 111 44 121 179 212 56 76 230 
TEST LEAKS 5 ARG:301 103 203 50 209 167 100 182 270 181 114 281 3 8 309 195 216 14 94 313 52 189 12 251 61 168 110 238 109 282 316 323 68 317 118 59 297 125 215 202 157 44 299 6 43 159 212 229 81 162 53 318 113 247 289 171 234 276 179 156 85 192 252 308 2 150 230 246 91 218 29 146 240 7 131 334 245 175 328 310 149 177 269 84 176 166 83 337 144 327 239 117 99 217 295 172 74 124 321 260 256 199 22 208 89 40 86 158 69 330 221 65 70 102 340 264 312 254 200 210 249 294 188 315 226 32 58 186 33 279 9 135 130 15 304 227 286 140 174 27 13 73 95 338 165 71 244 80 258 178 143 133 326 145 303 290 314 11 271 122 206 18 62 196 307 220 333 283 233 185 64 164 161 121 292 108 257 169 197 222 214 129 163 183 236 262 329 277 148 298 288 101 128 51 228 250 138 278 75 152 90 153 48 261 336 139 274 266 241 54 273 319 265 127 320 96 46 123 19 77 41 296 97 302 5 72 332 37 335 255 67 38 184 141 267 136 31 263 173 23 88 55 47 193 205 342 35 16 232 66 82 112 160 231 26 1 305 120 211 92 180 57 126 98 170 49 194 242 272 207 60 21 4 224 116 341 225 284 25 132 339 259 104 331 106 248 223 42 235 151 107 115 93 78 293 268 147 291 154 105 285 191 63 300 243 10 253 322 190 111 237 45 280 325 187 119 39 79 213 24 134 36 28 34 324 30 87 311 142 17 287 20 198 306 155 219 275 76 137 56 201 204 0 
TEST LEAKS 5 ARG:330 43 34 178 54 195 117 204 40 193 236 186 122 50 235 153 163 115 337 41 145 184 70 24 161 76 119 128 316 258 247 69 301 281 277 245 94 190 192 28 261 89 101 179 241 36 150 238 154 80 175 38 56 85 157 220 251 308 279 278 243 334 155 100 35 216 33 159 130 79 48 133 121 287 26 166 225 321 223 250 72 68 138 84 232 81 205 129 322 201 103 13 185 248 244 336 303 96 152 47 108 339 286 325 187 23 109 304 317 143 141 300 111 257 202 306 246 239 282 49 307 326 149 342 198 131 104 123 328 297 172 51 209 284 265 135 183 210 259 299 200 212 127 58 77 180 53 160 91 0 15 318 12 230 60 314 63 37 55 217 59 340 30 4 197 134 98 255 290 67 168 280 146 293 165 263 215 267 95 124 71 256 148 320 233 87 1 254 170 14 313 174 112 249 116 335 226 18 271 29 173 5 329 3 86 167 42 31 219 110 296 125 2 7 311 266 169 78 189 309 252 21 64 333 262 213 17 222 177 288 57 151 323 65 324 106 19 83 126 289 292 88 52 90 341 132 107 140 10 16 291 208 97 171 272 305 102 276 164 82 319 27 260 188 273 136 240 162 253 315 227 92 298 74 93 302 285 39 194 231 206 283 20 211 234 275 338 9 113 46 295 327 22 269 25 182 8 66 310 191 144 105 214 176 156 32 137 264 61 142 158 6 44 229 224 332 181 207 312 11 75 237 221 294 196 73 114 139 62 331 45 343 120 218 268 274 118 228 99 147 242 270 199 203 
TEST LEAKS 5 ARG:187 162 141 318 77 328 306 225 199 20 271 105 83 202 221 92 47 144 334 133 160 126 248 288 111 56 237 103 21 164 321 259 27 15 149 315 34 113 90 178 238 270 201 99 326 336 250 110 132 265 121 340 235 45 154 42 314 37 322 251 344 16 252 12 97 14 198 209 134 283 11 324 143 163 118 123 308 190 286 86 98 222 230 41 207 104 183 290 325 269 179 157 67 295 313 84 112 226 189 302 2 66 64 188 216 333 96 205 155 224 310 317 175 18 220 330 227 244 208 180 124 51 131 236 129 249 68 184 46 165 125 167 91 4 245 128 3 93 273 210 88 279 148 6 146 81 195 255 247 263 100 65 234 10 304 243 107 312 72 60 257 294 172 242 95 8 203 13 54 94 106 140 275 268 147 135 43 35 323 31 204 281 278 327 170 69 78 341 260 109 329 309 114 19 332 150 298 26 299 211 153 335 181 197 241 55 101 49 76 240 192 79 337 120 7 122 156 274 233 176 223 191 339 117 29 186 36 130 285 316 311 39 212 28 40 59 264 229 61 282 296 253 301 287 307 139 182 136 277 32 152 145 200 80 30 194 276 71 215 89 70 171 168 342 219 261 142 24 74 343 258 196 63 214 300 57 169 293 22 9 297 62 23 206 262 50 193 166 116 267 87 85 319 151 102 289 25 173 5 291 254 127 217 115 284 213 232 161 44 1 17 185 33 82 0 280 53 52 158 239 320 305 303 174 218 246 272 231 75 137 58 256 266 119 228 38 159 177 48 338 331 138 73 292 108 
TEST LEAKS 5 ARG:88 200 95 26 193 155 33 247 258 30 308 32 109 204 313 182 159 265 149 327 64 201 17 311 230 92 195 183 66 110 74 116 3 206 290 164 168 175 187 139 153 229 264 291 67 166 268 53 89 56 209 188 124 158 50 233 226 76 145 137 242 45 281 263 184 306 47 85 303 345 0 277 90 161 228 241 55 305 320 207 210 122 106 259 150 49 94 80 342 336 57 294 138 154 31 197 289 332 60 178 71 79 121 237 318 282 272 93 39 283 250 223 70 43 181 274 202 78 84 120 152 75 316 240 325 271 299 51 243 101 133 196 125 296 148 269 2 317 341 227 278 261 62 37 260 46 12 65 165 173 273 69 218 216 73 11 266 99 72 211 44 279 284 61 102 256 107 23 87 15 54 19 245 224 134 288 82 334 249 199 98 91 20 192 333 142 300 129 86 280 225 22 130 194 115 246 295 127 162 160 41 21 208 312 275 177 319 239 176 77 297 135 215 340 235 126 81 103 10 267 100 141 1 270 253 83 214 335 322 42 179 169 257 108 236 171 315 180 213 220 6 167 326 174 286 252 221 5 254 172 231 151 298 190 244 40 324 24 234 131 119 338 205 203 156 304 18 301 344 27 97 262 112 191 198 323 111 329 104 309 276 38 13 248 63 343 28 4 328 307 29 113 25 330 292 105 170 287 163 238 118 132 302 219 185 143 255 222 8 251 157 217 310 9 96 285 136 52 293 59 36 34 48 35 114 189 337 58 232 68 140 128 14 117 7 339 123 186 147 314 212 16 144 331 146 321 
TEST LEAKS 5 ARG:44 198 262 192 317 75 125 321 164 108 314 241 28 20 243 130 131 11 209 51 168 202 273 16 190 267 114 18 124 55 175 110 271 345 32 112 132 104 278 210 24 121 53 61 15 229 57 148 199 166 266 105 17 194 310 270 101 341 87 264 208 103 244 205 107 211 217 342 135 294 30 213 322 274 184 326 285 162 158 221 195 237 36 167 48 303 344 68 106 117 277 232 86 14 215 257 230 246 228 256 263 293 82 219 183 35 21 169 0 343 77 288 34 338 304 301 147 200 3 275 240 284 233 242 165 186 66 22 261 81 45 163 305 157 189 236 84 142 252 216 62 207 90 59 302 73 94 253 19 7 289 312 231 249 85 316 6 272 315 95 268 295 93 134 197 40 150 248 299 138 234 223 79 204 65 54 100 225 313 181 145 126 43 149 179 286 297 91 8 1 224 331 339 324 31 296 300 319 96 320 290 336 279 222 47 39 325 282 111 254 203 141 276 109 146 259 172 251 127 173 340 206 129 235 71 52 70 346 115 41 280 63 187 180 92 156 78 247 308 74 311 328 226 33 218 318 133 116 97 201 281 327 26 37 76 58 140 10 161 102 258 153 255 23 46 212 119 80 29 306 72 182 287 120 238 42 171 323 56 128 99 143 67 12 170 227 191 335 196 283 334 250 291 178 185 307 269 260 159 298 83 89 38 239 144 337 137 292 60 176 123 27 64 188 49 2 88 4 9 118 139 220 332 25 177 333 309 13 154 193 245 50 136 160 330 151 69 214 113 5 265 174 155 122 98 152 329 
TEST LEAKS 5 ARG:158 188 12 159 130 343 274 150 163 96 110 103 248 174 109 325 83 98 268 262 148 44 217 288 239 104 340 135 342 240 50 40 101 106 182 173 300 278 123 11 273 197 147 21 339 58 328 160 29 2 233 184 335 318 90 139 100 286 166 151 224 346 242 222 4 180 347 30 127 235 119 271 34 267 336 341 329 20 203 218 193 56 231 146 3 128 187 53 313 186 252 213 64 99 280 266 308 238 204 124 33 65 52 220 131 102 126 66 112 75 141 125 108 253 327 317 212 301 254 309 22 319 322 232 26 170 25 136 39 303 24 138 113 13 85 71 63 142 243 36 60 260 15 122 175 191 17 153 261 321 73 207 306 157 88 211 290 165 330 338 269 310 183 105 86 323 236 194 206 259 59 241 9 140 32 54 334 95 172 31 228 1 68 91 291 247 190 324 179 111 176 234 265 305 297 277 244 250 76 118 200 263 229 155 185 115 167 320 196 331 84 8 156 345 132 161 162 181 219 23 294 38 145 47 216 43 62 144 312 283 311 37 208 295 316 272 215 304 6 18 202 192 87 80 133 10 14 0 227 251 177 195 137 246 16 67 264 299 258 230 281 292 332 117 199 168 48 134 315 120 326 210 149 92 223 152 77 314 201 69 46 249 79 225 307 245 74 296 7 55 221 51 226 78 255 284 49 302 57 94 45 344 198 298 143 5 279 114 171 205 89 169 28 285 287 293 178 164 237 270 257 72 275 282 107 256 19 61 276 154 27 189 82 97 333 289 214 121 42 116 209 41 81 35 93 337 70 129 
TEST LEAKS 5 ARG:348 274 234 152 116 106 213 91 25 288 229 175 270 103 272 344 67 112 117 114 173 62 133 205 88 28 134 263 321 83 346 202 258 115 268 129 176 343 82 86 291 22 198 146 9 316 53 271 11 47 211 216 309 332 132 14 165 256 302 84 157 78 265 188 104 141 80 345 275 95 264 166 137 300 46 228 203 23 172 218 253 227 190 66 209 181 63 15 212 220 199 313 36 138 194 247 60 51 7 21 54 197 322 333 254 235 210 183 283 223 277 27 171 111 334 250 285 191 16 320 280 308 135 311 154 177 233 144 49 298 107 267 178 4 90 269 3 131 158 52 240 238 44 65 338 12 143 89 0 237 13 326 164 121 18 92 347 324 159 222 151 30 130 10 101 249 35 335 37 305 187 293 75 110 97 180 195 153 120 301 266 59 246 29 245 77 108 56 145 102 243 259 294 231 174 38 226 93 185 45 87 225 192 279 6 123 327 5 214 69 124 201 196 162 232 155 81 167 186 193 295 100 260 208 184 217 140 98 319 113 252 48 297 79 273 286 182 215 312 26 20 236 328 306 105 119 310 221 341 230 276 150 323 42 289 318 149 32 50 139 219 24 99 40 317 304 206 204 337 278 126 142 64 255 43 58 161 224 109 340 342 339 315 248 1 284 282 239 39 57 128 262 122 261 73 299 170 125 281 34 189 163 8 17 314 68 168 127 331 156 251 287 33 244 72 2 336 148 55 307 296 76 31 85 61 200 242 147 136 325 169 96 41 160 94 179 292 207 19 290 330 241 329 74 71 70 257 118 303 
TEST LEAKS 5 ARG:275 96 349 41 290 328 333 37 343 67 73 187 264 348 222 14 241 148 139 123 329 182 345 160 332 287 133 21 118 219 153 186 109 339 126 226 40 185 0 159 99 69 154 208 10 229 340 218 223 211 279 158 134 90 35 268 44 54 43 225 16 157 164 271 53 252 184 129 114 3 72 144 313 84 79 281 92 198 232 46 85 91 155 107 188 305 288 267 163 196 240 277 86 136 216 103 255 20 227 4 110 231 179 289 93 206 58 115 23 2 203 302 1 341 224 120 254 76 183 295 127 178 125 102 74 246 15 71 269 29 322 33 274 213 145 239 101 112 282 119 122 202 245 297 80 89 294 55 243 256 262 215 104 170 286 98 214 258 36 300 334 205 65 156 130 249 147 308 319 197 51 59 60 149 128 75 233 116 301 146 7 304 244 342 31 238 242 324 335 346 323 117 61 212 168 291 121 34 138 135 207 293 173 253 299 248 191 5 12 266 70 237 32 326 210 18 192 176 209 251 141 317 259 95 312 137 39 172 48 194 68 309 260 321 88 306 42 247 263 220 278 140 330 181 105 235 180 77 30 6 174 25 175 236 303 151 78 273 49 142 45 113 9 81 315 66 201 8 284 189 230 26 325 296 64 166 83 38 195 320 63 165 314 177 27 124 87 250 217 111 318 97 100 234 257 298 200 17 276 162 13 11 292 152 285 347 331 131 167 143 57 19 311 169 106 337 52 199 261 316 161 272 82 283 193 24 56 47 310 94 221 280 338 265 62 336 28 132 307 171 150 108 270 344 190 204 228 50 327 22 
TEST LEAKS 5 ARG:239 52 139 76 124 125 241 92 326 14 161 163 171 344 199 116 295 46 233 6 264 269 21 68 34 129 329 184 179 275 32 15 119 350 110 103 17 249 138 155 335 141 194 319 115 223 126 244 77 333 187 220 336 148 3 12 337 292 311 338 143 221 191 117 72 348 255 130 216 219 144 325 172 302 208 78 257 135 64 243 282 218 310 234 242 284 120 57 98 248 180 320 80 131 147 43 236 23 150 81 33 188 83 323 318 73 158 38 159 114 142 265 168 140 306 299 41 301 231 245 5 261 298 91 342 198 82 232 277 154 347 181 0 109 170 26 235 183 107 182 312 252 66 85 133 89 293 162 268 87 13 118 153 174 238 160 11 340 346 313 197 2 94 28 121 123 31 226 146 10 274 294 256 196 24 309 56 228 305 65 278 137 16 322 279 259 113 18 291 324 100 54 59 214 200 227 134 272 157 127 314 341 22 287 167 224 330 283 27 202 297 8 254 217 240 263 304 93 215 296 229 101 281 149 4 122 39 328 84 178 47 74 286 288 307 164 37 195 102 266 189 300 267 95 105 49 67 207 339 270 201 237 1 260 192 210 69 9 204 166 19 136 271 36 317 63 169 62 262 70 104 71 60 185 173 108 50 145 88 285 205 156 315 343 327 111 20 290 42 61 35 7 99 55 176 45 106 58 230 97 250 209 251 222 51 29 308 213 40 247 53 280 303 349 75 331 48 25 289 321 212 332 128 151 203 211 175 86 193 276 206 186 258 316 90 273 165 79 96 190 152 132 334 225 253 246 44 177 112 345 30 
TEST LEAKS 5 ARG:107 244 204 208 54 250 152 215 203 76 128 200 168 25 331 164 84 209 240 238 279 170 276 198 73 197 49 270 179 123 221 104 64 149 125 341 21 102 109 210 311 340 139 306 33 71 338 335 176 169 328 303 14 257 126 85 43 40 232 57 53 329 302 35 235 294 72 267 78 188 96 310 134 226 19 41 145 292 20 171 138 1 175 214 272 111 229 339 190 56 323 349 93 271 103 319 26 351 327 269 345 165 224 36 196 68 247 135 242 346 337 48 181 262 16 260 211 120 298 231 183 156 315 254 4 324 46 83 199 202 305 348 136 344 172 261 13 38 274 160 321 282 32 320 74 79 6 117 127 322 150 187 318 284 17 248 34 350 116 118 60 191 233 336 154 162 343 77 252 70 216 166 140 347 90 334 236 30 113 112 293 63 10 219 137 161 237 256 31 167 253 268 178 255 213 297 275 29 146 264 301 88 308 314 55 151 299 141 222 124 173 277 296 223 228 265 101 184 186 9 189 2 62 283 177 61 333 131 230 195 201 313 86 45 12 342 194 92 174 205 142 212 110 246 91 130 192 289 3 291 108 7 185 144 332 295 95 69 300 18 143 304 122 278 182 251 51 263 42 159 309 82 119 52 59 218 273 80 94 22 133 217 206 155 163 312 325 316 220 11 37 245 66 47 239 281 249 129 330 98 147 234 15 259 105 317 39 5 207 290 44 50 266 225 280 121 81 307 193 157 243 286 27 288 89 285 24 99 115 114 28 148 75 23 87 258 106 326 100 153 8 97 287 58 0 227 67 158 65 132 180 241 
TEST LEAKS 5 ARG:237 41 38 197 320 169 125 0 279 198 259 120 82 258 34 98 75 216 246 243 97 174 139 45 333 63 219 54 71 133 254 200 5 31 8 137 119 201 47 23 190 224 10 308 350 65 96 268 175 56 301 277 80 131 66 95 306 335 127 170 255 313 194 234 40 61 144 62 189 345 185 225 307 281 50 192 93 154 77 180 342 343 149 21 207 252 141 25 328 44 262 295 187 294 344 85 155 186 3 15 168 129 32 78 53 230 322 58 159 214 48 92 309 148 130 37 264 280 299 91 209 99 231 181 109 74 241 79 145 250 173 348 223 19 240 226 166 178 222 287 195 184 73 60 13 156 158 267 188 165 221 163 27 112 326 297 152 227 103 276 269 208 161 304 341 337 286 204 220 83 113 325 138 20 14 288 76 172 292 245 213 160 134 329 67 84 228 334 122 126 196 242 289 317 108 90 330 275 164 283 2 349 205 340 114 310 150 236 6 274 211 282 199 111 30 102 338 265 260 346 206 128 104 17 311 177 302 59 271 273 147 151 253 167 28 293 235 162 42 305 39 89 284 351 238 106 142 261 327 278 290 107 22 33 116 171 352 143 121 233 324 81 232 100 347 43 217 218 124 105 203 285 291 11 86 183 18 303 26 24 300 247 35 1 36 179 251 257 323 339 29 123 16 4 9 94 182 115 55 110 331 321 315 319 266 72 135 332 70 212 153 298 136 51 52 296 193 140 316 7 229 64 263 249 146 118 68 272 117 88 314 244 256 176 270 248 69 312 132 318 336 239 12 101 57 202 49 215 191 157 87 210 46 
TEST LEAKS 5 ARG:130 168 341 296 317 158 75 224 330 284 171 110 26 215 13 173 236 17 10 115 260 177 52 127 65 70 90 7 234 64 276 300 28 318 20 196 231 258 157 55 176 83 344 262 136 32 76 59 9 257 156 218 3 72 152 78 247 29 60 351 31 87 203 316 230 16 92 182 312 308 114 188 154 207 145 291 219 243 339 240 315 142 253 285 165 205 269 106 53 49 8 166 192 101 81 149 273 1 12 254 352 221 100 96 15 281 199 274 314 74 180 319 91 21 162 237 6 268 116 286 222 153 270 170 148 47 63 132 22 133 321 118 331 220 298 137 323 225 328 174 259 138 289 193 161 39 146 86 250 111 112 320 189 25 287 334 303 175 38 280 347 150 295 80 42 93 181 37 336 229 41 275 255 235 349 119 48 58 24 129 184 186 23 124 79 0 311 325 241 35 104 217 151 185 160 44 248 68 313 244 227 102 335 105 99 50 246 226 310 195 272 297 263 201 61 143 265 113 56 307 19 69 283 293 190 120 40 322 141 251 232 191 326 34 290 4 210 155 84 43 324 200 45 183 126 5 346 211 159 216 212 299 305 14 109 169 95 327 194 178 223 103 167 332 338 117 209 89 135 345 46 27 179 233 163 213 107 122 2 128 36 245 73 304 340 249 306 198 62 108 54 266 71 139 261 131 57 51 82 140 228 144 309 77 256 279 302 343 214 329 11 30 85 66 353 301 164 88 206 33 333 67 278 342 121 97 277 267 294 98 147 125 18 350 94 204 271 337 172 238 123 264 208 239 282 187 252 197 288 348 292 134 242 202 
TEST LEAKS 5 ARG:332 245 285 0 15 175 117 205 298 100 137 193 288 7 164 203 311 183 348 145 31 78 215 287 271 247 188 227 306 120 96 350 40 226 293 70 108 49 353 63 107 156 309 52 329 135 290 334 222 190 327 55 270 39 274 10 160 189 304 268 47 77 206 346 152 110 158 165 179 281 132 37 44 195 98 41 212 221 209 199 150 87 255 147 186 223 208 224 74 61 300 249 275 299 319 125 90 21 340 214 115 65 138 294 225 251 282 94 69 201 81 141 102 176 72 289 28 197 297 45 278 336 331 273 68 113 161 75 260 126 302 232 240 24 262 324 236 58 43 95 71 171 335 9 154 328 144 248 122 352 253 316 320 76 133 88 30 263 146 257 32 310 303 343 308 337 101 216 116 23 131 140 313 48 56 4 163 330 92 351 345 29 169 277 187 25 252 261 148 286 162 62 11 18 196 347 59 142 220 354 198 243 139 342 254 42 333 349 291 267 89 301 184 149 182 217 173 258 207 129 114 266 230 283 26 2 180 17 159 79 106 99 231 16 174 200 284 323 93 112 312 151 178 238 166 325 167 322 91 272 143 6 256 237 22 235 80 127 264 128 321 130 121 246 218 229 168 82 292 185 153 242 20 279 172 317 276 134 191 338 60 339 219 103 111 259 13 341 241 170 84 228 314 239 177 83 269 136 155 295 296 36 66 33 344 315 14 124 34 204 280 213 86 123 1 307 54 5 233 192 157 85 19 194 38 210 8 51 27 57 119 318 211 202 118 35 181 67 326 244 73 234 265 3 105 109 46 250 12 305 53 50 104 64 97 
TEST LEAKS 5 ARG:71 96 180 76 101 238 350 229 100 331 58 13 8 149 233 240 74 164 215 146 206 140 59 271 127 93 134 5 170 179 42 25 1 158 119 332 176 128 129 175 194 282 207 56 123 73 161 57 160 31 48 20 78 136 148 72 251 276 211 236 273 3 39 105 68 317 192 183 257 295 67 50 209 203 97 89 138 234 121 187 167 222 280 90 142 341 355 354 220 154 44 177 304 132 245 264 242 33 11 212 184 139 246 133 267 303 277 29 226 307 326 165 200 322 231 255 24 69 351 46 330 198 14 259 281 65 301 318 191 306 336 99 224 239 285 141 302 235 269 315 26 217 34 62 113 49 256 23 27 87 292 345 124 214 80 202 41 342 64 137 313 79 261 82 130 168 327 262 182 52 293 0 102 47 334 126 321 339 40 155 333 250 309 108 185 19 21 298 346 216 221 37 43 288 9 340 114 159 110 147 60 36 265 325 107 344 287 208 195 18 225 188 300 253 115 213 241 172 178 45 125 247 275 86 308 201 252 305 320 35 53 296 32 4 85 284 122 7 232 112 337 223 270 63 289 312 338 228 151 116 279 237 75 169 230 88 335 299 311 109 2 84 91 254 329 227 16 210 310 81 94 319 106 92 297 272 6 197 118 248 152 349 278 77 196 70 157 205 204 348 189 193 143 131 55 162 10 28 263 218 104 353 347 286 135 150 324 174 316 95 111 314 243 186 156 249 294 190 145 144 12 103 51 268 266 171 274 153 117 163 328 54 260 352 17 199 181 38 219 291 323 343 244 283 290 61 83 15 22 30 120 66 98 173 258 166 
TEST LEAKS 5 ARG:104 154 105 134 99 126 227 292 221 18 305 289 198 330 98 139 151 128 29 324 26 3 171 213 176 115 120 332 297 269 108 142 166 146 136 288 316 46 23 214 241 152 274 311 35 255 260 94 150 177 2 164 178 127 238 234 218 0 240 20 125 335 258 267 170 91 163 45 191 130 54 144 148 160 352 331 220 308 65 189 249 257 338 283 344 347 131 278 246 72 195 64 32 49 38 73 342 190 243 325 107 149 74 336 102 57 301 341 275 180 172 232 77 111 123 343 224 76 329 199 31 229 10 185 268 284 231 87 158 168 15 81 194 233 83 1 276 13 96 8 315 75 205 132 313 200 66 318 273 153 6 114 138 253 70 4 346 314 350 206 43 48 236 59 306 286 40 68 299 217 27 92 204 281 58 116 322 328 337 309 106 235 24 319 9 203 333 19 351 222 242 307 247 321 119 22 174 86 323 201 12 356 133 312 60 84 137 327 124 41 277 167 354 39 135 304 109 285 56 79 262 183 62 147 17 33 252 272 295 34 165 239 97 181 188 103 179 193 110 271 21 266 287 256 5 245 300 30 101 225 169 129 261 14 162 85 67 326 279 100 339 184 47 143 51 349 303 69 348 16 25 355 291 254 118 211 250 302 282 182 28 156 248 202 44 187 237 88 207 210 113 230 320 50 223 161 353 212 112 175 251 310 42 208 186 78 95 226 293 196 173 93 340 7 317 296 121 141 259 192 82 280 159 290 90 145 117 263 11 157 36 244 71 215 294 216 264 298 265 63 52 61 89 140 197 53 55 209 270 122 334 155 345 228 37 219 80 
TEST LEAKS 5 ARG:290 338 2 111 193 199 53 90 52 306 224 29 192 1 120 349 8 256 112 202 83 47 67 234 298 154 0 203 77 353 127 313 70 180 321 132 125 15 173 114 239 43 319 140 71 229 254 194 82 113 157 285 105 252 133 339 228 169 235 266 354 197 51 311 166 231 347 30 258 124 109 61 241 115 34 123 95 293 158 263 262 282 177 11 300 248 181 97 246 141 103 4 74 253 284 292 301 151 144 281 257 185 308 278 340 178 291 351 344 277 341 189 57 58 261 251 320 142 128 31 221 255 37 227 209 85 352 76 205 161 119 310 327 86 130 217 69 26 208 220 89 146 299 63 187 304 27 302 182 28 245 342 215 183 196 280 242 100 335 45 165 348 102 101 148 195 44 35 56 274 54 210 33 7 346 143 324 317 176 238 265 289 297 55 188 20 12 213 137 294 147 334 25 286 322 110 226 244 211 276 287 136 81 80 108 271 206 233 78 50 260 98 118 48 295 16 10 200 24 283 264 39 150 345 3 219 153 117 273 316 307 186 22 168 17 204 268 49 305 19 328 131 240 38 149 167 230 93 21 79 46 36 75 65 42 325 87 156 207 134 225 32 163 201 94 267 223 332 66 243 13 336 104 259 331 343 73 272 357 88 162 68 218 214 40 314 315 279 337 222 237 96 170 296 64 23 355 126 269 326 41 121 249 152 184 159 174 60 59 179 216 139 99 303 312 270 72 275 145 236 122 250 356 107 9 116 91 14 106 5 84 212 333 323 164 330 190 62 6 232 172 18 92 309 138 171 350 318 329 175 155 198 191 247 129 160 288 135 
TEST LEAKS 5 ARG:328 314 334 143 141 215 225 282 226 212 248 218 201 105 300 92 197 148 170 126 188 280 294 205 206 263 204 31 262 217 286 269 315 30 290 224 177 182 85 337 354 220 158 145 61 356 306 176 332 140 41 132 261 296 214 304 131 101 95 26 162 166 343 352 355 14 192 329 102 40 89 277 232 285 34 273 64 63 58 245 36 271 134 144 322 161 313 235 252 171 117 71 55 129 189 216 301 9 100 317 281 221 293 88 83 200 136 222 230 78 72 246 253 80 321 152 336 310 42 35 124 297 270 110 187 350 295 112 19 288 289 86 159 17 207 164 56 339 147 57 172 114 39 107 169 133 338 99 302 122 303 195 203 62 259 82 73 358 142 208 69 209 287 194 348 128 257 77 135 24 305 23 2 33 333 21 81 138 323 20 340 213 311 123 153 127 125 32 316 249 155 120 353 13 349 46 291 242 106 45 10 198 116 65 119 240 16 118 15 346 25 74 256 234 325 184 326 22 151 97 175 174 150 351 49 264 331 298 146 237 196 347 278 18 183 43 258 47 178 50 244 335 3 266 67 229 199 94 4 93 299 292 327 1 320 231 76 12 27 267 330 202 180 109 265 87 98 11 167 219 276 115 250 68 111 309 210 96 255 157 272 254 149 344 223 7 103 324 186 260 239 236 211 139 238 243 275 283 345 113 59 44 91 241 66 190 70 38 75 185 54 181 247 130 342 191 48 28 37 108 53 193 251 79 84 279 179 165 6 121 228 308 52 318 156 163 160 268 357 104 51 137 341 307 284 5 90 154 0 227 168 319 274 173 29 312 8 60 233 
TEST LEAKS 5 ARG:222 308 45 343 216 177 223 311 28 87 338 252 219 321 322 345 254 185 305 143 316 133 58 331 244 344 88 330 119 84 100 204 41 161 92 96 183 39 181 99 353 153 297 90 136 144 192 23 102 48 126 205 3 269 251 31 68 108 127 352 18 238 213 319 164 163 138 231 278 196 89 334 157 215 212 287 289 76 162 188 73 340 280 262 170 207 247 193 303 218 268 257 312 106 298 139 258 236 80 195 359 81 109 249 276 95 34 8 221 122 333 351 214 12 75 357 54 325 51 273 82 150 299 0 178 35 43 15 232 282 241 336 146 186 63 137 93 355 260 356 263 337 171 142 246 256 318 149 64 179 71 135 302 292 194 314 200 27 66 309 307 349 261 103 6 155 190 29 151 350 310 184 154 167 317 313 210 346 62 78 10 46 288 140 94 174 25 130 277 264 187 271 7 69 38 230 206 2 168 327 4 37 72 300 320 105 250 16 176 283 5 235 134 147 240 182 42 132 272 114 304 61 116 180 91 129 209 295 332 79 52 358 329 224 339 354 301 326 342 98 1 348 152 279 259 335 160 202 165 173 208 123 118 172 156 306 120 281 24 294 113 341 323 285 228 124 211 17 227 175 112 296 242 255 243 104 237 291 248 40 67 198 36 253 57 21 115 110 286 30 234 56 284 293 53 22 270 201 65 117 86 229 166 101 158 11 85 217 47 20 225 19 131 111 203 191 107 44 226 290 32 239 159 220 267 233 189 9 141 324 14 33 13 55 60 50 328 275 197 125 26 49 245 121 97 74 70 169 77 145 83 128 274 266 148 199 59 315 347 265 
TEST LEAKS 5 ARG:269 189 323 94 249 89 244 109 300 321 59 287 83 35 22 186 44 192 289 19 38 355 241 26 104 240 292 285 220 123 105 229 99 145 108 112 304 201 336 140 143 47 342 247 88 306 320 95 331 75 279 61 185 15 256 307 82 27 330 8 346 78 274 297 79 102 339 11 122 18 175 184 6 25 53 281 4 173 257 46 85 131 245 319 278 226 234 345 169 2 43 103 351 66 92 80 272 293 40 180 325 21 176 265 349 233 260 316 42 209 119 277 338 133 36 181 348 255 221 310 212 96 107 168 213 58 93 86 14 49 90 16 62 110 242 128 10 237 34 303 17 358 81 196 121 41 335 302 253 146 305 200 208 299 71 156 294 327 309 254 183 191 68 337 174 313 286 199 296 312 12 210 231 190 139 197 32 159 324 153 91 170 315 326 116 124 97 65 232 217 45 84 136 111 314 268 141 101 262 160 3 328 271 115 155 98 150 352 158 225 211 7 238 177 205 207 308 48 33 161 178 138 235 162 288 353 301 114 266 341 291 70 20 130 118 290 275 187 259 311 251 9 164 5 252 76 182 224 50 216 13 222 332 204 264 1 113 24 359 23 125 318 218 258 202 31 203 215 230 134 106 142 77 64 144 147 165 56 360 193 163 0 298 151 343 248 347 127 263 214 333 67 188 100 157 340 135 54 295 132 246 171 39 243 57 120 280 167 28 239 148 219 166 30 270 261 117 356 194 317 72 55 60 179 357 282 87 137 206 63 227 195 52 329 354 154 273 29 51 152 198 334 344 350 37 126 250 322 284 267 172 74 283 223 276 129 69 149 236 228 73 
TEST LEAKS 5 ARG:315 75 1 36 40 5 226 129 26 28 349 131 295 172 248 331 167 42 10 154 233 266 207 308 6 312 253 67 260 146 257 255 102 17 124 240 157 63 98 137 212 193 219 130 187 318 185 320 184 126 191 239 38 208 302 153 89 78 52 136 200 258 18 273 237 286 118 206 250 138 218 332 122 32 41 242 176 309 65 353 166 274 149 334 54 55 140 232 216 272 201 222 220 179 113 37 361 135 145 298 151 236 215 283 112 269 182 110 322 245 92 29 271 304 360 106 152 235 73 300 202 99 354 45 53 347 356 64 225 50 303 195 88 287 0 19 143 148 160 211 62 150 97 256 305 7 183 109 111 30 2 86 74 228 101 165 169 213 319 72 267 350 33 94 262 234 164 223 346 337 69 57 330 68 15 238 296 268 170 9 358 229 241 103 34 329 85 123 117 76 310 58 188 297 344 161 333 158 125 307 116 277 23 81 294 60 71 147 316 293 180 104 214 175 290 279 95 209 70 120 321 46 259 280 357 3 190 39 142 276 24 284 163 49 326 317 173 8 189 177 90 343 25 205 265 87 178 217 203 162 292 79 11 159 66 13 194 128 100 96 336 351 261 82 328 44 80 196 254 342 56 127 119 263 4 204 285 249 348 108 155 134 83 192 231 227 327 186 324 345 301 341 251 314 84 121 20 299 114 264 198 281 278 199 335 21 340 107 156 16 144 47 282 105 93 244 352 291 14 288 243 59 275 221 77 338 289 323 171 311 61 12 197 91 339 43 133 224 139 359 355 246 27 51 132 230 270 115 141 247 31 313 35 174 306 210 48 181 168 252 325 22 
TEST LEAKS 5 ARG:7 64 311 231 174 125 62 159 246 337 96 238 270 146 249 247 347 187 324 338 19 60 26 45 345 15 40 6 361 237 223 263 80 303 297 56 170 111 72 77 321 222 16 166 89 175 279 127 255 179 353 212 335 132 12 20 44 51 115 128 140 241 189 35 10 252 310 126 213 343 340 61 2 27 336 360 119 32 58 330 46 181 131 186 147 325 215 67 244 5 145 332 74 251 18 87 198 329 117 169 101 308 312 167 94 160 49 14 8 154 204 230 202 271 162 195 130 68 83 102 13 99 232 220 139 313 57 265 254 199 22 317 293 29 168 211 137 142 305 59 339 157 333 4 217 138 73 103 184 205 33 344 327 314 66 177 257 236 291 285 25 63 37 326 114 210 106 176 183 261 275 193 259 208 134 201 97 272 164 161 0 3 284 229 274 283 155 182 107 219 141 240 78 334 70 288 203 278 129 165 250 351 273 295 292 348 71 39 41 197 151 200 91 153 185 48 178 104 315 143 79 98 318 362 280 121 266 269 286 300 43 253 21 287 173 226 190 248 304 358 69 122 356 196 207 65 105 260 239 209 152 306 228 110 323 331 118 281 206 298 216 92 194 243 352 359 301 95 277 299 234 88 38 150 50 144 42 354 47 342 76 242 30 120 322 218 282 245 264 17 191 225 233 113 267 309 112 355 235 294 34 172 108 11 82 124 296 256 116 171 268 9 307 276 75 289 84 328 85 53 221 31 24 109 319 136 290 262 214 54 23 163 133 227 224 180 1 258 156 90 349 28 158 302 135 346 316 123 188 52 341 320 100 93 350 36 149 148 55 357 81 86 192 
TEST LEAKS 5 ARG:103 150 168 219 1 282 235 315 21 356 20 175 192 111 143 245 100 4 164 336 96 38 74 216 110 85 10 259 339 50 13 338 347 332 174 37 291 18 149 142 75 301 237 337 140 58 211 122 188 240 359 181 258 262 14 355 61 344 54 327 157 316 185 95 119 189 34 154 60 312 126 209 86 125 324 295 281 184 354 148 117 363 300 220 6 351 69 173 200 271 325 243 79 197 299 180 68 296 114 145 190 177 141 147 268 106 36 260 320 310 288 331 121 303 48 83 152 107 203 357 166 329 292 343 360 139 24 41 326 31 255 162 172 153 0 270 266 286 230 67 167 92 249 341 302 108 118 285 23 84 81 80 65 226 12 29 43 272 207 165 215 254 283 45 115 276 265 187 146 161 56 77 279 73 256 251 201 304 78 132 358 57 49 227 66 129 193 317 225 335 183 228 131 298 334 212 8 199 248 94 112 273 120 289 208 7 333 352 15 33 305 51 277 27 264 105 97 311 313 217 330 218 47 11 52 294 205 178 9 198 71 229 135 340 2 163 322 53 25 70 214 287 241 346 171 342 116 195 319 236 170 39 30 353 136 250 239 89 16 3 138 223 113 62 349 128 314 123 155 127 297 345 328 194 87 169 350 182 202 63 362 19 99 35 309 308 306 17 22 55 159 137 321 267 151 269 222 72 98 93 361 293 247 124 90 191 179 274 221 59 102 252 213 238 318 261 130 176 284 109 104 40 186 82 42 233 242 224 253 5 278 323 210 134 156 307 263 231 144 234 32 232 206 204 76 275 133 28 64 158 244 91 160 26 196 257 46 280 44 290 88 348 246 101 
TEST LEAKS 5 ARG:108 221 210 233 193 266 130 316 106 332 12 14 110 29 295 293 91 224 278 46 199 138 214 249 50 190 308 312 289 124 76 267 120 252 356 339 1 9 196 250 75 8 361 71 294 260 358 198 288 31 123 270 253 188 340 54 320 165 229 300 118 322 334 269 234 362 219 248 318 135 144 174 23 216 343 251 48 10 34 317 149 170 7 197 279 236 286 89 301 131 272 20 107 296 258 103 117 341 42 67 127 226 204 325 235 354 280 353 140 327 206 277 101 168 310 33 307 228 208 348 336 245 344 83 274 180 349 195 315 47 238 297 137 128 163 112 114 283 3 242 159 153 73 173 79 21 147 275 60 244 162 19 158 95 175 306 160 223 58 133 151 205 360 186 154 92 176 40 189 74 94 239 70 331 273 241 146 324 298 211 2 200 364 246 44 212 82 98 111 309 329 209 321 359 350 254 256 68 215 139 323 217 183 15 66 113 338 164 352 142 299 177 39 264 86 259 87 119 222 65 115 99 284 97 355 347 290 35 56 243 52 32 172 225 78 346 179 187 11 102 57 218 330 167 292 96 271 28 319 24 16 185 282 81 90 192 141 342 285 134 171 240 363 38 281 63 291 345 194 132 232 80 328 357 104 136 227 41 36 116 64 45 17 49 26 303 287 121 155 61 311 22 145 72 203 13 313 161 105 4 262 263 129 156 201 276 126 230 304 220 157 143 43 314 62 85 88 335 5 351 30 69 55 213 84 181 27 184 268 261 305 59 237 257 0 6 77 53 18 37 202 148 93 150 182 326 25 231 122 333 51 166 152 109 125 337 302 255 169 191 247 265 207 100 178 
TEST LEAKS 5 ARG:24 126 338 282 247 329 41 112 35 315 245 278 246 262 159 152 244 33 64 319 17 93 311 190 255 212 249 5 15 30 165 68 91 36 356 120 84 309 103 340 82 140 4 209 181 23 173 342 327 286 170 164 174 217 74 220 362 264 158 310 113 223 47 313 215 252 233 288 293 266 92 149 102 146 248 335 207 114 351 253 204 346 163 304 141 166 187 307 25 350 363 8 109 180 183 299 213 77 138 131 208 191 251 276 142 107 145 70 270 14 123 10 300 110 45 355 3 7 118 312 89 210 301 81 132 22 267 230 193 260 218 359 357 151 29 339 44 305 343 55 219 154 347 21 254 295 167 294 130 279 186 101 121 76 221 336 365 273 263 361 175 194 50 290 139 87 303 108 189 364 51 296 258 203 26 256 71 20 242 211 79 119 32 75 67 99 58 11 147 250 360 27 53 349 240 332 284 302 200 274 202 297 198 321 358 192 281 216 318 2 28 127 0 111 172 341 236 59 354 324 289 156 133 344 62 280 316 100 231 31 106 66 9 56 206 238 161 144 196 19 333 228 157 283 237 162 352 37 65 96 85 13 61 184 345 243 155 353 88 331 54 178 235 291 308 222 188 320 323 150 160 143 57 330 39 322 214 325 90 169 94 201 197 98 177 117 334 129 269 227 135 234 104 277 72 239 60 306 232 185 122 257 48 38 34 195 224 40 182 225 271 168 125 63 205 105 18 16 199 298 124 128 153 43 171 317 348 176 73 275 78 97 285 326 80 49 46 115 268 12 226 1 137 116 6 95 134 292 314 229 337 328 136 42 241 261 179 69 148 52 259 272 287 86 265 83 
TEST LEAKS 5 ARG:123 302 202 84 251 248 357 81 42 94 50 103 345 156 360 315 163 161 98 319 283 144 352 32 208 101 13 78 314 228 183 280 55 241 235 361 48 211 185 40 236 147 311 238 67 326 22 0 363 341 304 197 216 298 77 181 35 93 316 2 180 193 37 159 272 227 281 189 278 7 323 354 112 166 286 111 131 124 165 176 26 205 31 210 95 173 290 187 56 220 342 256 44 231 74 261 135 335 263 11 167 200 229 62 240 355 110 52 213 339 65 288 349 152 130 265 16 333 136 168 359 27 252 151 242 309 23 195 293 257 66 155 140 141 169 291 250 253 46 223 12 80 82 20 322 75 119 232 254 356 332 258 9 14 157 337 59 70 276 170 273 106 264 96 217 350 306 325 340 307 18 122 260 145 249 90 79 237 343 226 160 218 310 344 303 207 212 317 154 85 178 199 221 214 270 203 334 296 164 364 336 198 39 117 68 266 331 300 129 99 320 234 29 91 72 4 153 97 362 63 289 134 324 142 34 38 233 47 109 8 230 225 125 312 271 64 194 104 282 73 113 206 346 348 58 328 247 114 49 60 222 139 190 36 17 321 33 244 188 204 45 277 148 299 120 138 126 275 219 179 83 347 318 174 128 295 305 158 191 28 24 285 21 274 143 209 41 92 118 297 146 279 87 313 259 351 243 267 327 30 116 88 6 268 51 10 137 330 133 61 5 15 107 284 255 19 53 338 365 196 171 71 43 177 172 184 245 76 294 108 329 1 215 89 301 239 182 262 358 127 201 57 115 353 25 246 192 3 102 308 86 292 287 150 162 69 105 100 149 132 269 366 175 54 224 186 121 
TEST LEAKS 5 ARG:20 290 254 91 272 79 143 314 278 333 84 109 273 176 95 355 198 267 211 43 357 302 330 146 322 284 240 28 44 311 33 74 52 181 249 237 190 260 361 7 216 245 58 363 97 111 160 326 255 295 292 167 309 332 38 145 313 126 12 293 60 191 72 233 163 161 358 259 3 185 331 182 65 29 10 188 291 42 286 300 227 31 186 135 202 90 162 168 128 323 13 205 11 47 158 71 282 94 67 248 307 247 117 116 244 82 305 45 325 8 328 250 270 103 153 23 68 214 57 366 99 287 341 48 25 144 18 312 55 88 356 56 364 226 201 217 155 298 76 1 62 121 308 301 0 54 50 213 264 113 46 100 228 37 173 285 335 129 208 120 159 234 78 277 134 243 24 104 258 114 204 77 271 263 195 238 21 175 338 184 329 274 303 178 268 359 343 215 39 115 276 30 53 253 19 36 122 92 110 169 349 350 288 17 150 297 222 66 101 139 137 26 354 280 351 157 261 165 209 164 131 235 197 269 210 15 275 229 304 16 212 35 318 138 199 5 156 262 362 73 246 96 63 83 123 105 321 324 154 179 147 239 230 360 133 306 130 189 352 59 317 319 241 27 34 299 51 353 32 2 192 112 289 218 14 342 193 119 127 85 232 49 223 124 231 136 203 102 294 224 251 252 348 347 148 108 81 89 171 337 141 367 283 296 140 125 207 70 107 310 118 170 236 346 87 334 149 41 340 142 61 75 265 98 40 344 69 183 6 225 106 151 132 152 172 177 257 327 365 266 336 345 206 281 64 315 221 200 339 219 4 187 279 242 166 86 93 256 174 320 80 180 9 194 22 316 196 220 
TEST LEAKS 5 ARG:49 161 28 200 352 45 47 150 314 15 136 288 180 144 220 121 64 21 50 194 16 24 250 258 122 128 8 230 276 334 303 296 281 115 269 157 23 211 108 311 337 146 234 118 364 70 79 92 338 76 362 331 322 35 166 184 226 111 344 270 199 289 333 60 256 29 368 41 110 53 203 46 20 87 197 216 33 65 342 304 42 326 356 236 240 353 182 214 86 27 192 91 339 231 145 142 139 174 348 345 63 187 25 77 59 351 191 165 340 138 12 275 14 168 181 366 201 75 241 170 255 257 317 260 328 69 284 13 30 245 129 4 39 202 66 363 312 177 48 104 299 55 349 254 261 323 176 147 320 271 107 164 173 7 193 18 5 82 232 264 206 158 360 105 246 162 57 286 243 310 225 137 10 103 283 343 120 354 280 358 319 302 22 133 248 237 239 160 210 251 361 324 298 341 56 169 195 285 330 247 72 119 266 61 279 102 295 301 135 367 97 306 290 31 325 218 273 78 175 268 81 126 74 307 0 327 85 336 106 259 90 278 277 130 96 179 263 54 1 227 355 335 292 217 223 37 114 131 32 350 332 100 346 17 315 51 305 6 313 80 235 98 252 148 99 123 222 109 209 238 141 316 228 262 9 151 267 155 68 38 224 249 153 95 221 94 140 242 67 52 73 189 62 26 127 152 188 132 190 83 171 308 84 3 219 205 265 294 88 318 11 365 287 291 359 186 233 253 208 357 143 309 229 43 19 124 198 71 125 116 117 93 40 58 163 89 321 113 215 156 159 183 172 212 207 34 36 213 101 178 282 204 149 244 272 154 185 2 300 167 44 112 134 274 293 297 196 347 329 
TEST LEAKS 5 ARG:357 313 203 44 286 67 310 257 366 61 327 57 1 134 152 205 266 169 350 74 51 137 238 188 315 45 283 68 309 317 47 223 268 155 182 13 294 20 162 52 14 122 265 217 11 319 264 38 91 63 235 104 43 221 159 343 312 340 166 275 185 254 89 145 352 250 171 369 116 79 157 289 178 163 326 305 208 37 231 334 30 271 142 106 174 24 130 111 177 90 138 32 87 363 7 359 306 149 126 23 4 117 41 151 110 59 337 168 161 72 277 88 69 136 77 3 365 227 252 36 348 170 184 95 360 181 341 26 368 60 129 114 246 31 83 320 274 281 29 150 96 230 193 297 288 213 105 102 144 256 119 2 354 153 339 118 143 351 204 335 263 338 346 307 139 332 103 353 201 195 141 0 17 216 196 71 94 8 40 186 27 280 101 172 55 325 239 127 300 293 287 86 355 316 282 180 270 331 121 154 132 175 290 361 207 15 261 54 100 220 80 6 109 10 344 22 298 336 222 219 248 272 321 194 367 183 25 187 295 255 292 35 328 278 21 12 347 133 19 76 156 147 16 70 322 99 243 48 241 5 200 273 251 258 262 209 358 291 240 232 93 33 176 108 330 53 279 237 349 323 245 125 92 211 329 28 140 164 215 236 73 333 260 81 224 112 284 107 128 296 233 82 259 148 120 302 160 75 56 158 345 173 314 356 190 364 124 202 192 58 308 46 249 42 342 303 226 247 234 362 301 191 276 65 199 214 131 167 212 18 242 165 9 244 135 218 84 210 304 62 85 197 225 39 115 50 198 113 228 324 64 253 66 97 229 318 146 98 269 285 189 34 179 311 206 267 49 123 299 78 
TEST LEAKS 5 ARG:175 357 269 45 303 67 14 283 126 124 85 156 138 160 331 168 296 87 37 271 149 256 89 159 258 363 288 171 111 263 69 365 259 355 266 92 32 144 71 161 41 97 58 334 82 345 141 110 230 38 234 306 252 151 243 44 183 128 298 1 188 354 366 287 113 93 247 118 235 34 236 299 6 339 142 204 353 362 31 169 104 100 330 88 70 277 80 101 309 172 98 281 198 62 95 181 213 216 332 352 154 264 220 157 344 167 193 273 64 94 78 55 241 369 134 262 310 112 300 370 226 257 8 152 36 73 155 280 187 65 349 322 250 333 23 76 125 143 52 61 119 217 275 19 338 25 145 318 312 342 2 108 139 317 336 272 291 223 255 46 192 18 22 105 361 328 211 54 307 75 109 304 129 130 40 218 319 240 20 24 200 351 165 368 347 276 210 311 137 346 238 53 231 285 17 185 103 13 42 99 293 239 274 136 321 320 150 245 178 260 47 208 190 297 174 329 66 162 102 197 148 305 107 180 114 173 286 313 209 68 48 133 50 91 314 164 35 248 316 270 5 203 267 237 246 337 229 201 43 83 72 292 195 10 12 49 123 215 15 179 9 184 228 194 301 282 367 205 302 84 348 196 153 170 244 214 147 127 135 242 158 60 335 163 29 177 290 121 278 120 340 21 364 326 315 146 284 221 77 233 57 222 324 117 289 268 219 122 294 253 295 327 212 59 63 224 115 30 166 96 26 0 3 265 199 358 79 207 323 106 261 225 7 227 74 186 189 206 356 308 140 251 343 56 16 202 33 86 279 232 182 341 131 359 90 132 81 360 350 176 191 249 254 4 116 28 39 325 11 51 27 
TEST LEAKS 5 ARG:303 289 5 140 323 253 86 204 313 115 142 223 43 206 368 197 324 22 11 252 187 255 215 153 119 138 30 90 278 83 103 306 346 155 279 195 344 277 186 363 292 29 354 247 302 78 13 31 122 298 88 350 51 56 161 87 150 300 23 330 40 190 26 355 352 234 117 370 21 49 291 244 266 276 126 120 4 217 358 143 194 149 257 181 35 68 212 221 139 38 272 191 12 162 172 318 171 128 236 264 367 95 333 65 231 240 321 268 320 24 280 242 157 36 79 34 64 220 299 168 342 63 123 76 341 218 160 248 261 284 118 52 46 133 17 294 16 213 61 81 53 18 92 32 293 265 326 124 353 71 335 39 50 37 281 9 163 328 98 107 131 113 57 136 202 263 239 84 109 116 339 269 199 200 226 325 27 225 144 282 334 188 112 134 207 179 169 96 173 1 193 25 246 216 283 72 111 349 8 178 319 362 14 70 99 0 151 69 337 62 251 121 238 154 10 6 331 167 55 189 229 47 104 315 175 19 85 192 93 304 250 201 94 262 180 307 361 91 28 20 208 338 132 209 271 106 332 159 137 301 210 364 3 359 152 110 329 314 158 145 74 243 286 125 219 7 176 67 327 33 80 258 296 322 241 343 108 347 75 256 227 287 237 156 60 312 185 274 130 170 58 97 2 82 297 340 100 73 148 369 366 275 203 254 214 48 351 59 44 224 233 42 164 141 177 336 317 174 228 232 345 285 165 45 211 348 245 288 311 105 273 101 305 198 183 66 89 357 15 267 147 196 129 41 295 114 182 309 290 146 166 184 77 259 371 222 270 127 205 360 235 310 308 260 249 102 230 54 365 356 135 316 
TEST LEAKS 5 ARG:6 138 194 306 296 174 238 149 62 70 50 187 249 124 47 118 318 93 369 349 85 315 163 52 333 346 179 199 288 44 111 122 366 308 3 108 362 232 114 74 211 4 218 106 165 264 265 325 285 24 142 345 162 15 250 11 148 301 129 360 97 299 339 204 49 116 371 186 342 293 200 134 198 287 103 312 35 96 105 166 71 143 23 368 14 146 229 82 337 297 192 314 28 283 175 99 326 48 222 266 280 372 98 344 286 338 7 188 39 75 43 279 263 20 137 130 27 37 19 72 262 267 184 147 316 157 210 45 88 141 57 357 135 140 51 110 55 225 350 167 190 67 5 330 274 128 0 311 256 83 101 76 180 104 235 170 241 34 182 189 220 102 361 8 131 61 281 126 208 119 215 191 112 245 242 300 25 271 41 305 80 240 95 367 120 145 257 282 295 334 195 359 332 100 328 69 13 17 144 121 107 331 294 365 226 139 261 363 183 236 289 154 133 356 221 336 304 185 252 310 10 26 60 230 364 224 309 313 164 322 317 259 272 216 206 329 248 352 127 302 84 231 117 136 18 21 91 158 214 12 63 351 278 307 53 340 343 258 254 205 292 358 291 227 268 321 151 59 79 203 132 77 169 168 92 181 341 109 9 16 65 277 87 78 223 247 348 171 253 81 38 32 90 66 347 246 86 31 217 152 255 68 36 298 178 54 56 2 269 207 176 209 212 73 273 29 251 22 327 353 115 234 323 275 370 319 40 150 113 193 156 270 290 335 276 89 153 161 237 42 303 355 197 260 123 284 239 125 173 1 228 94 64 159 202 172 201 243 219 244 320 233 177 33 324 196 46 30 155 213 58 354 160 
TEST LEAKS 5 ARG:54 349 251 172 144 234 84 195 235 371 369 20 56 339 30 274 135 241 220 170 83 75 263 256 270 89 190 188 312 221 33 329 250 285 101 340 186 212 193 261 77 165 210 174 248 228 133 208 63 25 306 204 129 319 81 104 197 246 202 91 140 352 338 279 47 111 307 355 139 185 115 171 121 271 159 43 358 342 146 273 331 189 13 60 254 66 337 333 79 304 348 6 182 318 296 203 52 95 230 184 64 217 62 317 153 260 320 150 59 265 151 305 57 123 300 72 100 37 297 287 46 169 277 267 229 198 283 109 134 201 252 344 315 50 80 205 219 244 366 347 124 141 119 276 131 16 245 232 108 92 176 309 316 127 167 22 243 82 2 21 125 26 351 191 327 242 298 288 233 149 28 45 247 1 196 187 334 65 161 86 214 294 213 194 117 330 137 36 206 18 368 107 5 181 362 112 110 239 253 336 147 48 70 156 7 293 292 155 357 24 335 370 122 326 9 78 90 364 173 295 29 53 0 236 68 35 350 211 356 209 308 130 71 76 143 39 120 11 332 31 10 126 51 218 14 266 4 272 238 136 183 313 40 154 353 215 99 44 118 249 311 32 341 87 286 73 303 55 372 360 116 27 314 175 163 19 166 200 257 269 291 290 324 96 41 162 289 42 325 227 157 323 17 365 321 34 177 225 3 268 361 138 94 359 231 102 282 88 106 105 275 23 142 310 93 113 61 168 158 199 179 280 258 302 58 240 216 373 85 98 164 15 180 322 363 226 74 354 259 192 328 343 132 12 262 8 128 301 224 114 278 237 367 145 103 264 281 223 160 69 49 178 67 38 97 345 207 222 255 148 284 152 299 346 
TEST LEAKS 5 ARG:5 53 340 363 273 36 112 231 262 145 267 356 218 306 56 243 158 330 16 309 93 85 25 19 14 301 274 18 275 198 244 229 89 185 1 163 155 209 372 103 161 235 171 232 111 292 177 250 47 87 164 236 304 2 323 331 181 160 4 123 104 233 43 315 38 61 141 364 182 35 355 368 223 20 295 366 307 369 286 27 30 212 120 151 124 150 347 261 109 178 225 348 147 337 281 105 188 68 276 326 207 268 46 300 215 263 358 15 106 241 91 183 259 126 63 302 64 74 154 277 166 100 214 77 9 248 334 138 148 343 285 144 42 255 283 189 50 21 58 252 31 190 162 299 293 140 37 367 48 116 289 55 17 332 313 365 271 29 49 169 86 149 78 26 115 284 80 247 253 134 6 167 297 211 51 137 184 245 341 32 193 296 23 113 342 265 187 82 28 203 84 40 195 39 99 65 52 278 156 208 54 200 333 206 371 172 165 280 322 33 344 119 41 351 197 118 117 324 157 317 227 204 57 264 83 362 114 128 90 81 3 370 131 240 94 101 349 69 346 95 44 270 361 70 373 194 173 320 237 152 168 102 142 251 353 186 339 136 319 24 146 305 191 62 217 45 174 159 201 110 76 221 59 287 73 242 298 318 328 71 303 260 357 66 92 335 254 329 220 327 294 88 210 354 133 179 10 205 310 122 238 312 316 216 22 359 288 338 230 125 176 8 249 67 129 135 336 79 127 96 11 175 258 269 266 7 291 0 153 72 98 345 314 132 374 256 350 239 282 13 121 228 246 97 34 108 360 60 180 170 192 352 234 199 143 272 290 257 130 222 224 279 226 325 308 213 219 196 321 75 202 107 311 12 139 
TEST LEAKS 5 ARG:222 241 312 42 254 295 347 45 18 365 150 353 245 328 131 212 255 364 202 302 41 104 229 370 10 197 166 53 355 243 26 350 335 316 73 115 304 239 161 171 81 58 323 178 299 142 124 371 244 140 138 301 79 22 86 48 369 275 179 156 315 252 330 167 4 342 214 366 182 338 91 300 348 65 251 67 306 30 280 95 172 294 74 148 233 303 155 85 0 359 305 268 285 272 270 207 101 249 232 55 220 264 185 181 250 237 321 281 29 361 109 120 145 253 121 352 102 296 105 236 210 221 62 88 248 345 57 297 227 54 228 271 61 329 234 3 38 118 66 283 47 154 231 326 44 162 93 5 177 133 363 75 341 98 372 165 51 173 175 340 100 256 114 64 117 331 339 216 362 309 123 327 223 242 184 224 14 260 213 292 246 122 87 153 116 15 83 198 143 94 176 31 113 291 144 12 200 314 128 286 108 311 37 199 284 52 358 274 164 50 313 72 257 219 111 129 35 28 259 209 343 7 258 139 96 59 71 157 9 147 24 332 238 235 354 203 69 33 103 90 374 349 149 273 8 324 196 247 34 287 80 130 180 357 261 373 169 344 265 201 60 160 218 230 262 136 110 191 276 11 23 6 112 360 269 206 141 92 174 168 293 320 159 25 125 190 97 240 132 322 77 346 2 183 163 158 170 290 226 70 135 78 13 336 20 225 63 217 56 186 194 307 192 310 288 205 146 337 49 127 308 187 43 351 204 375 267 278 151 134 21 333 27 32 19 119 40 46 137 107 368 266 106 325 17 195 334 39 211 188 76 208 282 193 215 82 36 318 367 89 319 99 279 126 68 152 298 84 16 317 189 263 289 356 1 277 
TEST LEAKS 5 ARG:346 285 151 267 141 258 166 284 329 111 147 368 257 241 118 184 209 248 246 250 15 301 174 315 106 144 12 236 63 47 221 210 358 46 311 365 50 86 338 343 375 168 244 182 278 264 69 271 357 122 223 283 237 143 372 84 28 91 304 205 243 40 292 24 131 145 348 180 255 350 185 68 75 188 203 300 322 93 254 251 347 320 371 178 242 268 54 162 202 192 74 56 280 71 266 303 148 194 80 272 204 36 97 157 263 163 317 175 289 19 269 298 226 53 208 78 16 200 172 114 190 353 220 55 8 331 260 207 96 370 296 225 216 325 305 33 77 149 134 201 339 332 109 4 90 314 307 100 10 51 367 85 64 334 176 29 276 233 270 259 291 197 181 7 328 169 211 206 110 112 65 101 6 160 302 136 361 76 196 189 124 153 324 17 366 310 235 262 286 67 161 115 229 356 249 171 11 340 113 363 245 95 287 355 318 299 138 277 94 89 57 39 312 179 66 26 35 152 44 58 369 295 218 335 227 164 265 88 23 344 3 104 279 13 117 341 362 193 309 288 137 108 213 18 158 41 105 374 294 21 232 167 128 354 2 187 70 308 234 14 342 87 127 61 252 62 177 337 31 150 256 281 103 107 25 327 290 132 330 140 273 27 247 42 173 135 293 125 319 199 239 79 43 37 139 22 198 52 345 82 119 333 352 34 116 30 306 228 336 0 133 129 212 316 217 219 240 274 156 120 159 38 231 360 373 349 313 81 186 83 155 99 102 92 191 282 59 121 364 214 359 5 376 60 45 49 261 165 32 253 142 98 195 224 126 154 326 9 215 183 48 230 297 275 72 238 170 351 321 123 323 222 20 130 146 1 73 
TEST LEAKS 5 ARG:254 17 303 194 112 241 198 295 83 91 30 184 152 147 235 328 364 344 143 42 134 167 100 252 70 122 294 131 354 329 309 219 38 362 225 58 154 191 94 374 290 107 349 86 41 298 189 98 175 46 90 158 11 31 29 141 12 359 348 162 44 205 312 281 139 272 376 202 242 367 199 21 262 123 50 60 244 220 132 318 327 65 45 215 317 76 63 138 37 79 372 22 186 57 195 119 163 89 352 190 137 118 33 229 339 256 127 276 8 299 284 176 209 125 245 47 69 373 49 108 117 157 231 28 332 200 253 59 304 196 213 165 306 305 282 116 142 105 234 232 64 72 75 20 320 248 288 145 286 181 77 224 193 66 280 24 135 321 53 226 208 102 212 110 368 51 228 255 84 43 237 260 10 274 88 9 310 315 35 375 285 227 216 251 223 361 268 316 81 257 177 71 325 238 222 3 343 188 179 301 302 261 319 156 337 324 345 19 128 2 377 350 267 48 283 148 203 346 214 103 56 7 358 183 4 270 172 230 111 360 314 149 52 334 265 351 365 96 340 236 62 307 240 211 161 144 93 151 269 173 221 32 217 14 369 16 311 258 273 18 323 249 174 271 336 370 68 247 169 109 160 104 55 126 155 210 326 95 291 192 99 74 146 87 73 342 341 133 113 1 259 335 97 185 115 366 80 308 356 353 347 246 218 101 121 338 233 278 239 296 92 39 277 201 150 168 166 331 207 61 292 67 300 178 120 333 159 15 0 357 153 171 40 263 371 78 297 82 275 322 6 355 23 243 293 363 164 130 182 330 34 106 13 136 289 5 25 170 114 250 279 313 264 287 26 140 266 204 197 36 54 85 180 129 27 187 124 206 
TEST LEAKS 5 ARG:145 263 153 378 372 77 302 184 323 74 268 354 198 122 13 253 46 267 143 71 217 51 156 2 332 37 290 84 33 140 345 225 208 273 319 162 180 243 235 49 94 191 150 365 274 248 158 82 209 123 368 172 139 161 299 250 155 278 258 43 252 97 26 287 281 170 101 309 104 31 194 168 275 85 160 331 167 146 212 294 321 10 95 304 192 311 3 291 266 288 40 91 65 182 16 80 216 286 60 70 300 19 305 244 164 199 334 93 41 44 133 147 231 325 271 1 284 262 218 204 234 6 56 356 347 259 157 141 120 127 211 358 81 108 176 169 68 260 178 224 276 39 111 200 0 69 377 177 8 163 297 223 174 48 4 230 339 226 315 126 23 29 138 79 38 254 327 14 121 210 357 55 188 221 62 240 20 15 58 296 12 27 53 351 375 99 171 36 364 335 355 350 313 107 109 264 72 366 359 344 346 78 166 125 206 90 298 175 76 303 215 272 185 30 114 333 21 66 285 124 7 154 61 316 336 342 237 245 87 343 282 238 232 190 64 255 318 257 148 324 330 360 119 312 132 196 370 152 337 18 57 261 34 103 159 193 67 142 129 22 362 186 89 86 63 326 88 149 233 353 201 110 222 137 229 352 227 301 9 363 279 241 105 373 376 369 307 100 128 306 277 75 205 328 116 112 256 134 374 32 179 187 269 173 341 202 295 371 96 106 130 92 329 207 251 314 283 293 98 249 135 136 131 289 165 292 151 367 59 214 117 17 35 338 322 317 228 220 25 247 219 236 340 348 54 270 265 144 45 11 83 183 320 118 213 197 189 203 47 308 246 24 73 52 115 239 195 102 361 42 310 50 280 181 242 349 28 113 5 
TEST LEAKS 5 ARG:107 328 144 341 3 340 312 171 81 249 85 27 94 68 331 288 26 346 180 66 161 58 170 62 286 121 264 34 320 215 70 43 317 272 306 91 235 250 114 174 175 350 364 47 213 334 339 255 273 139 157 270 258 265 1 221 218 56 148 322 185 92 184 17 95 104 210 73 369 125 79 225 335 342 118 337 348 295 132 96 244 65 122 360 128 50 134 354 54 231 100 49 119 147 289 113 12 261 309 165 246 316 291 277 338 216 87 33 80 22 168 160 120 187 232 137 13 238 257 32 292 41 103 196 209 156 64 194 189 151 150 202 318 358 129 359 69 199 311 351 355 314 72 197 259 325 188 133 242 262 343 347 14 42 19 192 45 254 326 16 336 35 365 228 111 345 190 287 162 86 177 278 293 285 205 300 307 131 101 2 201 233 143 234 344 301 198 243 83 76 363 163 37 274 329 159 214 271 63 167 376 77 97 116 145 281 299 15 135 28 237 333 372 361 193 11 166 224 158 59 332 142 230 84 371 253 182 251 146 25 276 5 362 275 227 223 239 302 109 373 366 110 284 9 269 124 280 71 252 321 8 20 204 89 178 200 154 211 303 98 294 352 222 36 267 206 173 172 93 149 219 377 229 31 130 283 106 78 310 217 136 75 7 263 153 155 141 203 140 112 353 379 29 357 181 367 268 330 126 313 51 349 370 220 179 57 55 138 282 90 21 127 248 260 38 102 183 48 88 191 23 123 53 4 315 117 52 24 375 74 30 236 18 164 0 186 324 305 176 39 208 108 67 245 195 226 152 304 378 327 297 308 356 374 212 115 105 169 266 319 6 368 290 296 279 10 298 207 247 40 82 323 256 241 46 240 60 99 44 61 
TEST LEAKS 5 ARG:13 100 137 31 245 349 63 147 293 1 106 221 45 208 198 11 163 282 224 333 371 103 262 204 39 36 279 81 140 220 156 99 265 166 200 337 268 191 201 143 6 318 183 56 267 171 249 30 263 283 65 165 327 326 320 84 380 23 274 324 219 292 336 203 76 144 215 299 205 59 55 167 317 91 248 179 328 173 164 196 151 70 301 363 10 305 207 43 351 17 28 312 51 109 138 123 111 199 108 148 270 14 338 142 210 374 194 354 311 101 32 50 186 234 160 54 97 286 184 342 102 121 356 169 202 230 153 306 240 34 353 367 188 257 287 258 358 150 134 15 344 211 190 89 373 46 37 300 246 114 315 0 16 244 5 75 334 193 47 209 348 182 340 139 222 93 40 264 2 4 362 18 376 115 117 223 141 180 42 187 38 172 308 323 297 341 330 242 178 149 369 243 255 368 225 303 67 213 131 181 350 177 253 22 294 228 35 152 161 364 64 146 135 378 48 359 60 290 122 212 237 216 95 241 24 277 68 310 325 168 7 284 278 346 71 291 72 159 66 157 361 104 8 27 370 254 252 206 74 98 295 41 339 125 185 158 280 12 217 62 133 272 227 229 239 113 9 79 276 110 53 112 20 218 174 329 120 335 343 83 231 132 73 332 86 226 313 116 49 214 170 126 275 92 366 260 78 271 321 273 298 232 129 29 124 69 85 256 154 87 235 175 360 127 52 347 58 3 26 296 377 162 130 176 21 90 302 355 352 128 269 307 309 136 365 82 192 379 25 61 259 118 372 266 19 375 107 261 345 304 316 119 247 195 80 44 357 289 105 322 94 288 285 57 77 238 189 88 96 233 281 236 155 197 251 331 145 33 314 319 250 
TEST LEAKS 5 ARG:350 126 260 199 22 280 117 213 174 11 53 137 358 281 321 72 154 279 344 342 267 125 372 297 118 114 52 376 74 215 225 113 305 284 153 100 357 44 277 269 83 123 107 203 245 211 39 283 32 91 81 234 19 37 82 331 136 17 45 12 27 145 200 192 90 242 273 49 104 62 219 28 258 227 25 292 178 323 2 190 70 9 207 50 95 368 251 73 262 261 177 230 216 183 87 29 322 275 314 287 243 231 110 79 209 189 146 156 36 172 315 56 10 298 147 66 359 324 379 349 254 106 221 119 271 212 263 94 109 130 86 365 327 140 202 93 333 150 377 185 371 233 290 288 42 1 182 374 367 362 272 165 41 112 295 188 155 239 187 274 361 226 152 235 40 105 65 373 259 223 276 308 352 278 71 244 345 30 229 14 60 64 355 115 224 257 241 99 378 366 329 131 120 312 76 127 34 157 54 301 380 58 255 139 356 238 198 5 141 232 160 360 326 35 128 316 197 148 294 347 143 108 282 193 328 18 77 20 57 303 343 293 302 228 48 173 144 88 246 116 85 51 101 334 175 319 138 339 122 332 285 191 149 162 364 179 38 237 268 31 15 250 320 248 340 307 195 158 169 210 180 7 194 265 102 3 63 69 47 142 13 311 206 24 317 111 184 171 164 161 68 338 151 43 264 133 33 304 166 291 218 201 335 236 129 220 325 121 0 80 92 375 330 205 46 135 351 204 249 134 26 124 170 346 337 208 299 168 97 369 59 196 21 75 4 222 353 84 16 6 318 252 354 96 98 253 310 181 167 67 247 336 313 296 89 306 23 132 217 214 163 55 309 176 370 270 186 286 8 240 266 348 341 381 289 78 300 159 363 256 61 103 
TEST LEAKS 5 ARG:114 285 13 211 113 118 63 219 348 251 154 268 16 158 5 289 328 345 157 121 225 275 153 122 151 12 192 249 297 293 160 260 232 46 280 244 273 71 255 226 21 18 78 83 29 174 117 323 3 278 235 17 39 379 44 316 290 318 258 308 185 203 84 65 120 100 20 370 152 272 33 48 346 162 43 241 252 214 32 228 216 347 193 34 170 40 52 240 364 167 171 295 354 378 341 243 164 298 60 245 342 22 340 242 150 247 61 26 135 50 31 198 161 182 307 37 27 256 331 181 102 277 381 59 91 324 376 42 69 123 330 155 335 125 210 141 178 191 284 196 305 9 263 215 208 173 322 82 68 327 315 264 352 303 70 140 87 281 349 299 176 238 15 149 359 227 187 19 30 8 23 353 104 7 144 128 314 55 257 177 137 139 224 204 380 356 339 75 266 218 306 199 36 201 312 95 143 239 45 145 49 189 62 271 6 108 54 382 38 302 111 217 313 267 142 231 357 194 28 183 287 262 127 234 4 133 229 206 292 362 169 334 223 195 115 168 344 74 146 64 365 81 53 67 367 1 254 301 374 175 200 172 101 107 369 259 90 190 132 99 97 320 25 56 89 310 103 148 236 296 325 350 274 186 79 14 57 282 343 85 221 372 265 233 58 304 147 279 66 72 119 361 24 96 246 202 51 205 98 2 222 332 220 270 126 250 136 355 180 92 76 179 209 300 129 86 366 329 10 283 276 291 351 138 94 165 237 35 311 213 317 253 319 326 131 130 197 112 360 73 106 188 288 159 124 88 212 116 166 309 333 47 230 109 163 368 184 294 363 41 337 269 105 248 11 261 156 321 207 77 93 336 377 338 286 373 80 134 0 371 110 358 375 
TEST LEAKS 5 ARG:329 83 256 144 372 248 346 268 114 148 146 351 383 201 265 193 282 243 192 98 380 8 58 75 276 63 262 134 334 72 280 47 161 332 244 166 331 158 155 87 116 204 207 89 360 378 209 241 353 31 143 302 27 68 240 128 364 340 129 349 246 291 169 200 376 203 35 84 270 178 309 255 344 106 22 273 211 151 231 4 12 78 224 190 324 187 61 339 122 303 333 272 152 53 362 173 113 290 212 126 229 127 379 260 294 335 25 177 337 338 198 352 108 266 258 350 168 365 80 50 363 74 82 38 254 197 33 182 90 140 96 15 261 14 367 6 300 279 186 293 2 253 172 249 110 369 57 354 135 222 41 228 164 139 7 368 17 124 184 88 103 60 73 223 142 288 26 56 119 323 250 112 54 296 375 0 196 104 120 65 238 51 259 159 179 183 326 283 213 264 9 281 81 226 322 5 37 16 267 194 85 227 10 21 1 95 373 374 55 356 220 24 49 370 234 36 174 312 342 99 371 239 347 32 310 343 130 30 210 109 97 76 271 245 237 298 221 289 28 157 319 23 92 93 341 252 191 69 156 225 297 306 29 277 136 175 43 308 147 79 328 145 181 163 325 138 133 381 202 13 285 355 20 311 313 284 160 217 299 132 321 48 34 165 219 44 377 162 3 18 235 121 67 345 320 242 40 286 314 275 263 59 315 66 137 230 64 131 287 86 218 153 42 233 149 62 185 154 11 189 305 150 214 278 357 205 118 91 215 170 39 274 188 52 94 330 366 359 102 171 141 292 269 316 236 195 307 216 251 107 206 232 304 117 125 105 301 361 46 70 77 176 167 71 382 247 101 317 115 336 45 295 180 257 327 348 358 199 100 111 19 123 318 208 
TEST LEAKS 5 ARG:263 178 159 158 180 105 70 59 79 195 48 17 32 87 247 171 223 265 154 248 138 215 14 381 320 290 194 328 157 259 103 82 114 293 249 319 278 306 338 302 147 46 160 370 7 369 361 153 84 197 67 246 222 380 303 62 189 363 372 122 182 145 24 213 310 49 90 74 33 281 85 257 75 289 12 25 170 4 267 365 292 261 283 252 325 232 60 332 268 199 200 148 300 345 334 384 203 294 44 106 22 127 224 129 155 174 108 13 124 68 5 383 26 19 1 375 176 301 188 172 351 109 356 354 211 107 352 38 305 343 336 126 80 146 277 228 240 220 238 89 191 183 272 53 312 243 253 186 382 339 130 230 260 56 275 212 285 367 120 192 288 296 250 94 206 244 136 152 6 270 66 233 317 329 9 73 229 177 280 43 78 167 144 179 16 262 216 218 286 235 119 169 353 327 225 335 307 20 3 279 2 69 95 376 58 254 28 377 140 368 37 57 239 71 104 42 64 304 379 29 165 35 102 128 299 346 113 50 274 242 65 112 117 93 193 81 217 204 209 344 111 143 324 162 118 15 11 207 40 291 297 245 198 298 337 21 39 316 309 190 83 181 308 88 295 231 374 322 34 121 47 30 27 315 54 333 98 311 255 166 101 271 358 132 41 8 266 201 258 219 287 61 163 175 350 10 373 100 364 31 208 342 185 123 360 86 348 331 357 137 196 23 340 236 210 141 97 226 135 313 355 362 55 173 52 96 76 241 150 142 168 205 18 161 323 276 77 214 0 63 133 51 251 139 282 164 347 256 91 227 72 284 202 116 326 131 321 359 330 187 184 371 99 273 366 115 36 110 314 156 237 125 264 341 134 92 269 234 151 318 378 45 149 221 349 
TEST LEAKS 5 ARG:199 275 350 265 128 258 236 148 216 176 293 368 277 71 241 267 34 160 194 298 155 63 18 362 157 24 0 260 123 51 278 382 117 1 353 48 190 20 336 284 269 237 309 210 81 229 142 255 162 119 141 306 280 324 217 232 240 346 304 96 125 61 202 27 326 380 161 204 219 209 56 167 82 93 57 355 138 170 39 185 108 193 245 243 251 94 345 131 25 292 325 126 130 4 248 271 189 212 291 383 15 105 205 183 198 283 110 95 335 173 179 360 135 67 156 5 54 115 310 13 10 68 384 249 322 73 317 220 153 351 347 188 211 225 37 299 52 8 218 112 367 47 121 23 385 163 343 295 247 145 172 151 263 60 254 200 113 169 101 22 290 62 314 49 30 143 132 58 294 84 363 332 274 197 144 339 114 66 281 371 154 44 302 348 358 133 40 223 87 45 259 287 90 181 364 297 103 75 79 11 16 191 3 378 206 111 316 32 168 253 201 338 78 279 31 43 330 246 272 333 12 327 88 109 137 186 230 214 296 270 91 59 184 273 242 203 320 99 252 29 53 83 257 374 231 261 152 140 222 285 361 175 370 182 375 134 262 357 174 349 311 14 303 354 107 7 177 377 26 244 379 207 180 41 308 102 227 305 124 89 165 106 9 312 286 315 239 187 178 340 98 321 331 146 21 72 372 373 70 42 329 307 235 129 301 19 192 318 55 276 208 238 149 221 147 352 46 359 92 256 64 366 150 118 300 33 213 323 369 328 196 158 38 69 313 195 77 2 76 65 97 234 215 266 74 50 85 319 17 159 116 136 282 166 6 365 122 100 334 120 376 289 337 226 356 171 228 288 35 381 164 268 224 342 28 139 341 250 36 264 344 233 80 104 86 127 
TEST LEAKS 5 ARG:89 13 37 345 19 357 265 350 150 239 74 160 18 257 362 100 368 65 78 374 166 205 39 145 4 271 35 72 349 148 364 184 101 295 190 320 135 340 108 34 348 58 274 297 142 380 45 278 379 95 244 283 155 247 147 53 154 140 300 137 82 62 138 133 178 217 118 263 328 171 339 356 16 49 73 179 21 207 262 363 211 156 91 70 346 2 309 98 97 228 152 343 121 93 319 110 60 245 310 355 165 330 376 254 198 334 131 276 230 199 144 27 86 173 10 55 6 92 64 36 335 67 8 79 167 331 273 226 200 255 128 44 321 298 129 303 0 212 162 384 111 43 102 106 123 302 12 342 85 270 146 183 370 107 304 1 208 225 347 151 291 241 338 337 7 46 25 382 232 130 236 185 83 233 317 125 181 196 352 195 48 261 134 42 94 175 61 259 161 267 327 231 258 378 277 293 325 59 186 87 158 136 341 354 287 88 218 193 119 51 322 222 11 28 246 56 324 75 189 238 182 220 386 168 143 252 250 24 170 20 361 187 266 96 248 103 381 375 124 3 372 358 299 253 329 318 256 268 229 153 289 174 90 203 296 17 30 169 213 366 57 251 157 269 315 66 204 237 14 114 216 279 50 163 127 344 188 312 280 120 180 301 159 115 54 383 242 206 201 149 33 373 202 40 308 209 221 23 307 214 224 275 63 377 281 234 139 84 122 69 113 306 41 249 235 369 367 385 80 264 192 141 292 290 282 286 288 197 313 22 117 260 172 243 194 31 353 219 47 26 359 223 351 326 272 112 5 333 116 215 311 109 294 76 126 52 240 164 285 314 105 332 227 284 99 81 71 323 371 360 132 305 104 9 316 15 77 32 176 191 365 29 210 38 177 336 68 
TEST LEAKS 5 ARG:358 329 382 178 295 35 69 105 326 225 269 71 193 17 190 40 179 385 32 288 122 33 78 238 158 205 370 241 56 102 91 28 172 344 232 271 198 346 304 93 2 170 130 133 331 286 63 157 99 70 72 313 229 365 343 73 299 87 139 65 342 132 203 377 258 247 51 347 273 380 104 287 275 221 312 85 294 243 197 43 254 266 272 235 274 12 195 353 82 323 7 285 131 162 155 188 236 86 327 89 38 13 123 337 307 284 277 134 214 29 359 97 57 339 151 336 182 152 37 184 176 321 369 371 187 199 213 167 154 265 245 230 302 153 237 270 201 356 200 314 366 231 196 95 76 248 211 297 281 146 357 52 264 306 1 215 278 126 257 296 335 216 53 300 290 144 169 309 8 44 129 48 244 84 149 322 137 374 42 128 204 355 45 150 249 112 363 361 267 364 31 320 311 140 350 194 67 330 345 103 220 261 268 60 80 90 66 111 47 120 381 166 240 280 26 77 54 375 165 171 317 252 61 106 160 9 115 79 250 24 341 16 260 239 92 192 222 143 109 15 373 100 262 246 68 119 340 59 228 88 11 113 292 379 208 316 174 138 301 206 279 108 387 384 25 181 127 164 242 136 349 168 75 293 251 107 360 223 189 310 289 303 27 110 352 185 58 209 253 96 351 118 386 282 319 10 259 227 6 34 378 218 117 328 101 305 46 348 180 383 4 64 362 183 219 142 207 3 332 121 116 18 217 234 50 256 62 5 159 156 81 202 263 324 325 276 0 291 318 308 41 23 83 255 141 376 163 161 224 372 74 30 354 191 315 19 94 21 135 283 367 55 14 173 49 186 124 114 145 36 334 298 175 333 148 20 368 233 147 212 177 338 22 39 98 125 210 226 
TEST LEAKS 5 ARG:4 264 230 40 379 212 115 302 181 358 370 219 367 60 73 117 242 93 241 14 29 383 259 21 377 280 348 253 272 374 131 101 356 291 111 249 355 156 222 231 215 13 310 317 28 267 271 179 382 304 381 159 52 275 72 352 246 380 186 154 300 217 61 86 270 311 26 306 327 328 127 102 59 248 213 335 385 316 100 223 162 118 83 295 151 148 155 227 375 17 68 107 170 323 285 69 135 243 388 190 85 331 125 103 283 262 119 278 373 351 326 62 66 376 320 305 197 260 87 41 53 349 37 163 55 80 132 364 152 146 344 265 76 50 169 314 33 174 78 229 325 204 297 9 312 1 214 255 36 48 124 274 116 296 319 22 261 96 282 309 5 63 254 292 114 7 336 188 133 42 0 49 157 294 113 11 110 307 6 369 150 177 27 366 8 147 97 340 137 287 252 23 47 244 361 338 149 158 240 238 161 387 15 145 153 289 333 199 54 209 303 166 233 121 276 225 298 210 109 99 183 341 82 180 134 315 236 172 290 130 187 144 90 122 39 269 207 138 79 98 164 339 178 235 35 237 226 184 67 24 350 354 198 299 258 160 176 10 77 245 2 263 185 228 216 191 232 384 108 18 330 321 46 89 353 342 19 343 193 322 94 277 81 75 266 195 44 71 104 218 65 126 64 360 84 284 201 337 273 32 128 105 171 192 20 281 45 58 25 88 194 257 57 106 189 143 308 288 139 221 345 250 34 329 324 74 332 38 3 43 51 386 173 168 70 56 12 357 365 16 165 359 363 318 140 182 129 167 313 279 247 112 239 362 196 211 372 220 206 256 95 202 142 286 378 346 136 205 234 123 293 268 30 92 208 203 175 120 301 141 224 368 91 251 334 347 371 31 200 
TEST LEAKS 5 ARG:266 364 110 57 246 282 351 288 263 182 267 202 128 273 14 190 374 309 331 35 301 259 311 36 342 264 384 123 166 193 233 0 249 359 366 41 322 106 362 268 261 37 71 386 48 76 299 315 200 46 27 91 338 149 12 329 189 168 296 9 52 74 252 140 116 56 135 226 300 98 53 375 192 241 20 271 43 354 119 33 237 28 367 58 323 235 143 213 167 216 278 227 360 32 151 66 284 155 81 285 5 22 157 333 324 223 158 302 61 26 85 184 349 357 313 65 346 109 330 47 75 18 272 180 326 165 80 187 6 254 163 244 126 236 44 327 221 217 131 103 79 337 25 183 344 29 177 17 122 173 114 99 320 292 325 117 95 94 297 334 60 243 310 281 218 113 377 253 260 115 370 16 336 276 339 13 228 230 373 105 312 283 86 104 127 317 265 372 361 205 319 258 15 387 245 175 1 376 307 215 111 90 141 118 321 287 247 385 70 248 234 161 280 50 72 255 304 138 139 31 62 34 207 383 125 195 174 257 316 63 164 318 251 188 220 352 204 232 305 67 181 179 194 107 371 162 172 154 275 55 348 132 77 24 347 308 224 343 369 100 250 45 209 256 203 191 3 356 298 185 368 214 51 171 146 120 145 133 108 150 269 23 389 290 59 176 153 222 4 199 206 96 178 121 229 219 381 295 170 340 270 314 93 42 291 130 294 10 240 112 238 39 239 129 378 124 142 78 197 159 84 274 82 306 11 365 49 156 225 92 212 54 7 134 97 211 64 73 388 242 208 152 210 38 345 8 382 2 332 289 303 19 380 83 293 169 350 89 137 355 87 353 160 30 198 341 148 144 201 68 277 262 279 186 69 363 286 196 21 358 102 328 147 40 231 101 136 335 88 379 
TEST LEAKS 5 ARG:369 11 235 316 132 292 268 359 375 379 329 61 339 33 360 342 307 16 99 213 296 86 137 304 243 15 78 10 283 89 251 352 383 198 105 238 334 365 350 234 164 212 274 297 244 38 142 122 174 177 129 54 180 388 377 67 77 161 246 176 52 151 109 247 165 150 157 254 211 320 310 308 206 387 88 170 368 328 27 76 256 362 187 19 120 128 294 144 91 159 37 0 8 264 291 341 3 5 90 43 373 117 49 333 58 219 116 25 173 163 186 366 111 59 367 218 53 279 245 351 311 371 71 233 87 106 215 222 189 282 39 284 131 14 108 257 335 207 382 258 126 191 20 36 183 276 337 327 21 249 101 226 65 338 121 280 346 267 306 242 298 301 72 68 209 224 241 326 93 353 51 315 221 107 270 278 146 376 40 96 104 113 41 48 69 331 261 92 160 154 178 216 134 384 17 162 158 56 42 12 85 305 322 364 248 133 199 214 200 79 28 13 196 23 24 260 336 217 195 80 140 318 57 281 26 220 55 135 98 185 2 390 348 46 62 324 225 349 149 97 363 139 83 232 293 269 130 271 378 356 30 265 227 175 231 275 182 167 302 125 355 197 358 345 273 194 343 208 168 63 102 4 325 240 237 64 385 35 287 255 347 288 303 204 295 230 374 321 252 155 9 100 203 44 299 22 236 75 118 114 380 152 34 147 286 45 74 289 277 73 381 82 228 192 210 357 262 300 145 370 171 141 193 7 319 94 263 66 156 81 239 223 330 190 332 184 372 313 314 179 123 202 172 6 143 29 60 110 127 136 32 389 229 340 181 323 103 309 344 354 386 70 253 312 50 148 95 317 124 205 47 112 201 18 285 169 361 250 138 31 272 115 188 290 1 84 266 119 166 259 153 
TEST LEAKS 5 ARG:155 180 167 50 293 37 345 342 36 136 120 301 194 4 349 61 35 326 288 73 106 369 129 318 46 265 324 314 97 160 286 315 128 346 224 25 363 108 150 175 269 16 164 6 347 370 195 12 140 303 343 130 322 56 41 65 366 1 226 121 126 248 321 244 84 333 206 19 240 0 58 211 313 144 62 2 151 149 276 202 353 300 284 266 231 279 250 69 309 320 237 125 275 29 189 378 289 193 15 334 387 235 123 258 51 48 70 153 215 381 94 87 339 21 304 355 214 118 196 325 131 72 31 208 390 111 305 251 222 9 45 278 336 75 388 38 42 218 292 261 190 238 239 260 356 5 311 43 102 282 105 379 86 307 227 280 64 207 221 352 310 89 236 173 372 116 255 176 187 262 340 40 174 141 344 71 54 166 230 20 368 351 328 376 198 323 66 204 283 295 246 158 80 383 179 3 82 60 44 177 268 178 67 281 263 55 337 247 197 18 52 384 143 233 210 11 203 14 156 186 27 294 127 327 23 134 338 245 335 217 182 216 228 96 13 259 199 22 391 296 357 270 316 302 375 290 10 271 192 148 277 354 267 220 28 308 201 85 98 76 132 361 377 113 252 183 154 26 364 365 371 213 329 74 256 298 122 110 162 184 382 181 157 253 7 285 223 103 249 137 49 59 205 219 92 33 299 114 273 332 91 100 169 93 319 232 350 117 53 348 145 30 185 147 243 385 317 254 24 81 374 389 115 133 212 77 359 225 39 229 274 171 362 360 257 241 330 209 142 272 161 135 63 234 112 17 78 32 47 165 109 90 104 297 99 34 306 200 119 380 138 373 152 88 172 101 341 57 124 287 68 79 188 163 242 312 83 159 191 358 264 95 367 170 146 168 291 139 8 107 331 386 
TEST LEAKS 5 ARG:369 194 80 221 143 35 229 308 110 120 213 55 192 267 52 173 125 115 20 40 217 370 249 211 159 122 281 201 17 341 330 290 376 256 294 154 64 316 371 355 137 364 97 260 7 333 212 0 309 332 383 22 101 340 243 261 388 23 209 25 60 153 264 295 238 389 100 304 373 14 191 259 30 331 3 219 67 162 73 165 257 152 284 220 315 223 27 156 85 233 65 109 288 6 128 107 197 196 285 83 263 161 323 275 319 216 99 45 129 279 131 313 13 130 172 262 200 41 180 2 119 289 92 228 385 345 255 269 18 314 214 133 48 82 81 215 206 254 134 54 354 258 352 366 16 15 204 320 382 160 365 358 38 311 346 307 282 293 47 392 9 148 63 273 113 303 46 91 227 142 253 114 135 380 149 335 342 236 147 144 185 234 271 72 57 359 318 104 70 49 350 237 117 199 12 272 121 93 37 344 58 347 39 32 339 367 274 336 250 141 325 351 175 361 155 76 34 362 56 329 186 334 188 151 5 298 79 353 105 187 326 374 391 163 95 301 183 202 244 50 241 158 327 189 363 270 208 145 179 96 312 62 378 252 51 138 157 266 381 268 235 230 247 222 102 28 127 103 390 66 225 78 182 360 43 75 178 176 356 150 195 306 287 167 277 239 240 90 84 386 338 61 343 132 283 111 286 33 42 124 302 177 86 68 207 36 231 337 190 126 245 164 198 89 205 21 280 242 98 10 94 300 166 299 44 31 169 265 296 59 317 88 19 375 377 276 8 226 218 210 193 348 146 368 108 171 357 248 278 251 387 203 29 297 4 87 310 24 174 184 118 291 168 170 140 106 77 328 349 136 11 322 53 292 379 232 305 321 1 71 372 112 116 224 74 139 69 246 384 324 181 123 26 
TEST LEAKS 5 ARG:135 353 123 11 130 82 293 310 367 20 284 122 144 381 63 301 38 176 198 255 145 31 380 208 344 340 323 1 294 306 69 66 391 39 201 163 48 363 256 237 124 354 296 134 28 234 181 19 90 189 383 12 154 274 349 219 368 258 303 25 275 92 195 230 15 203 23 111 118 67 117 287 218 140 332 143 331 312 84 286 49 390 16 278 297 388 271 56 175 377 350 379 13 27 372 370 270 4 112 316 30 171 5 209 300 280 110 161 240 199 231 0 148 34 54 93 159 314 44 277 185 80 37 220 261 178 309 7 325 183 43 187 182 269 304 32 259 184 139 366 74 357 358 91 173 375 65 137 292 345 211 156 152 385 79 317 273 364 326 83 233 142 389 321 75 81 236 283 138 18 155 352 343 58 98 129 224 190 99 188 42 107 22 106 225 291 232 339 40 50 196 329 266 257 346 120 60 285 204 59 244 217 193 281 125 191 251 119 242 374 246 330 268 241 121 128 202 77 68 170 164 101 351 150 127 114 166 17 279 307 174 373 47 324 361 62 298 393 97 386 113 136 250 162 94 115 35 341 249 61 223 192 6 179 71 70 272 299 359 24 105 85 356 318 264 378 8 215 245 213 263 276 41 327 238 102 348 89 305 311 53 337 205 252 248 333 172 338 342 365 290 168 265 200 186 51 3 253 322 369 207 222 313 254 328 221 347 282 335 228 160 206 334 229 76 227 72 288 216 33 45 239 319 267 96 262 141 131 78 289 355 212 2 26 260 46 308 151 52 197 157 387 235 36 320 180 247 132 382 109 167 243 371 21 147 362 194 149 126 104 177 360 86 9 29 295 153 165 87 57 315 88 10 392 214 146 116 302 103 100 55 158 64 133 73 108 210 226 14 169 376 384 95 336 
TEST LEAKS 5 ARG:313 301 244 14 98 21 368 206 272 38 24 113 3 376 374 62 142 219 190 16 319 389 52 370 63 70 47 323 382 188 68 115 161 60 61 109 254 211 35 201 191 256 64 266 183 156 232 350 74 316 112 13 19 296 258 251 383 127 213 29 346 197 247 2 97 192 302 275 375 116 281 228 121 160 361 284 145 6 76 123 280 195 300 310 294 330 11 320 31 75 298 365 305 378 4 135 327 93 154 307 367 30 348 215 148 325 289 119 180 317 314 255 358 324 110 152 18 328 236 105 322 137 297 392 162 26 357 144 95 166 133 315 107 217 240 306 394 114 269 150 341 263 56 196 78 32 265 354 96 179 158 231 111 204 384 222 366 108 101 20 331 312 241 65 57 274 12 124 118 176 295 79 230 87 203 28 80 390 143 329 268 253 167 386 129 362 200 0 237 393 355 8 252 45 171 326 37 33 92 82 1 209 140 125 257 10 321 282 85 344 151 270 214 220 164 91 369 250 227 278 117 279 277 173 193 318 122 264 77 373 238 178 340 55 5 100 243 84 41 371 48 128 43 7 202 223 347 235 49 73 308 381 205 23 83 352 339 72 194 163 337 380 182 185 141 311 349 287 353 377 51 103 181 379 303 234 17 343 147 333 221 262 271 233 53 94 286 385 198 218 90 299 44 338 336 99 86 58 239 332 134 224 15 146 229 153 290 199 155 42 165 138 360 69 102 304 177 285 293 25 126 88 364 273 283 345 351 359 245 131 246 9 40 59 309 67 216 27 106 50 139 342 276 267 208 242 184 172 391 169 132 210 189 363 149 22 388 356 157 288 104 46 168 207 292 249 387 291 212 175 120 66 225 54 174 335 130 39 260 261 372 248 71 187 226 170 36 159 89 334 81 136 259 34 186 
TEST LEAKS 5 ARG:9 246 70 350 329 241 63 222 301 52 240 211 90 164 208 391 59 212 382 232 67 98 15 44 331 186 311 249 110 102 269 390 267 259 18 126 357 228 156 239 75 149 316 395 359 105 109 254 234 60 193 115 229 321 171 192 46 231 3 42 92 53 381 340 17 387 296 279 104 366 96 119 101 151 237 30 373 7 244 266 112 268 394 20 247 230 282 225 251 380 129 389 374 309 177 217 133 324 250 28 29 137 24 360 236 141 202 383 292 26 323 128 252 54 157 161 242 74 111 197 214 223 72 288 167 289 358 319 371 31 198 337 138 347 338 255 64 55 34 130 108 61 314 195 256 235 344 332 166 62 144 370 278 213 19 91 89 280 78 170 66 224 377 291 287 298 136 155 339 73 262 2 264 384 48 342 368 143 306 27 351 182 124 43 233 134 293 365 364 181 313 199 87 142 158 174 248 275 94 260 58 320 196 187 362 163 300 299 393 117 25 114 23 336 160 318 386 125 302 369 80 335 220 169 210 272 271 277 185 194 307 21 308 276 10 47 81 361 191 326 290 349 354 175 203 22 215 305 189 243 122 159 118 145 69 0 263 304 355 139 82 40 372 173 184 303 84 35 353 77 36 57 356 100 41 376 148 38 294 5 132 205 348 284 86 93 85 45 375 51 140 116 88 33 285 310 39 99 153 346 345 209 343 11 378 270 325 113 178 106 127 273 286 4 315 68 76 165 147 14 120 37 150 385 97 200 281 379 50 49 218 253 12 131 297 392 152 283 388 121 219 179 146 367 295 245 162 274 238 154 330 221 16 135 322 261 95 226 32 65 1 312 79 71 13 328 317 258 123 103 107 227 363 176 56 6 333 180 190 265 168 334 201 183 188 341 204 352 327 83 8 206 207 172 257 216 
TEST LEAKS 5 ARG:54 120 184 283 195 374 373 261 57 181 183 316 111 381 61 205 28 135 105 125 258 363 4 22 396 97 208 44 324 110 268 104 148 99 260 284 262 347 21 126 17 211 394 93 273 252 122 259 13 297 263 170 149 280 231 67 389 308 232 177 365 179 55 117 26 9 202 351 331 62 256 207 59 213 114 387 100 190 155 326 288 10 153 250 187 237 47 355 139 360 76 229 75 335 301 52 376 241 214 94 7 12 379 68 142 303 103 353 354 312 315 305 269 165 282 83 116 219 307 158 23 50 322 203 245 304 217 357 196 164 121 199 343 209 60 101 317 131 157 58 248 108 359 300 53 388 393 221 29 309 0 35 169 24 127 3 82 285 81 89 143 390 271 49 88 227 340 194 31 249 238 172 334 77 15 230 291 16 270 311 91 310 296 275 350 206 160 332 32 134 132 384 48 313 90 6 345 128 178 298 186 290 80 320 39 19 191 129 292 185 364 367 319 18 216 375 339 215 289 380 1 72 176 66 392 267 171 295 223 106 336 46 36 218 71 377 366 5 197 370 162 43 333 188 98 27 342 323 244 56 251 371 173 220 386 348 163 330 362 356 287 382 141 225 314 119 265 279 240 118 239 180 45 344 151 124 130 109 198 274 25 352 302 264 286 14 144 233 34 161 37 87 266 65 166 154 294 228 51 226 159 318 257 96 281 247 255 253 145 150 85 20 234 146 327 78 136 235 63 168 346 306 224 210 147 200 293 92 140 385 378 189 107 174 391 193 182 369 278 167 243 321 383 137 329 95 192 123 337 212 328 272 73 70 133 38 113 2 42 11 325 254 175 112 79 30 74 204 361 138 64 156 246 84 152 341 201 372 222 115 236 242 277 40 69 338 368 33 276 8 349 358 41 86 102 299 395 
TEST LEAKS 5 ARG:100 267 241 333 322 74 243 329 46 206 338 286 334 327 87 361 82 189 240 120 133 108 53 182 201 20 282 208 24 259 66 216 283 84 148 163 33 54 67 336 65 293 253 347 138 152 127 350 236 310 50 370 369 332 252 358 184 89 155 307 76 277 4 124 355 102 261 214 211 309 315 195 90 143 160 270 263 0 192 379 266 239 75 58 373 222 9 396 69 242 11 318 178 180 48 311 40 328 94 179 22 193 265 215 191 219 376 371 306 205 198 273 275 297 129 187 274 71 190 119 357 173 264 233 209 93 249 10 386 393 36 213 157 317 228 284 172 123 382 185 81 207 279 256 174 272 248 345 85 136 3 16 72 268 107 321 167 146 6 381 130 278 13 354 51 97 244 276 366 153 199 392 176 170 156 105 95 301 79 116 91 346 294 159 247 257 295 262 299 285 245 5 230 181 188 312 158 341 101 30 226 47 186 32 196 375 391 162 125 52 343 234 60 217 145 147 351 29 21 44 389 17 325 68 374 64 88 132 113 342 290 356 378 258 237 383 287 104 25 308 281 380 303 144 296 288 204 384 112 34 225 140 390 61 56 323 353 218 151 319 324 352 197 302 126 210 164 326 41 55 316 320 118 31 362 73 37 115 344 150 161 271 365 122 45 289 203 28 364 110 394 194 59 121 131 397 377 280 313 305 372 135 99 385 42 106 38 292 80 223 19 388 137 175 139 171 250 103 86 300 18 224 202 331 183 96 63 83 128 114 12 349 27 169 360 335 220 2 7 254 221 368 149 246 200 62 142 367 165 39 154 14 141 23 212 238 363 70 337 339 395 255 111 330 8 43 291 134 49 359 229 57 304 235 92 177 260 340 314 1 26 78 117 232 77 166 348 227 269 231 168 35 298 387 98 109 251 15 
TEST LEAKS 5 ARG:16 209 367 23 220 355 394 200 195 321 365 263 301 242 20 75 77 389 369 348 298 24 156 324 123 262 119 249 398 165 14 44 225 26 371 360 264 175 314 51 292 282 331 278 38 153 338 267 198 151 7 181 145 170 359 275 288 105 117 390 30 65 205 56 3 46 91 251 188 233 219 92 69 33 184 138 341 54 326 302 284 385 152 287 300 245 106 90 320 189 319 166 356 240 133 204 206 313 163 343 62 396 228 63 118 386 337 18 143 35 304 315 154 238 15 80 121 31 335 122 223 291 214 85 285 64 252 17 333 211 306 253 378 276 296 66 19 281 147 305 258 268 351 202 125 196 192 256 5 199 159 382 370 363 167 213 224 373 397 232 47 144 41 126 132 289 52 39 334 272 311 376 29 87 61 68 392 100 357 236 246 323 146 104 340 67 221 27 13 290 84 316 218 136 212 176 10 243 332 114 115 71 354 161 227 43 374 336 303 78 112 169 391 129 111 261 235 277 2 312 286 102 128 6 273 179 383 73 329 207 217 142 387 160 94 308 81 193 79 250 283 257 0 109 97 271 317 362 21 4 266 247 148 260 182 231 375 137 244 8 353 280 83 59 130 307 345 72 349 395 327 37 124 230 174 155 229 294 309 76 55 74 172 141 342 350 347 393 158 377 96 352 379 36 139 241 120 299 265 86 201 95 330 178 40 22 50 190 322 239 197 25 248 368 140 93 98 339 293 384 203 89 82 191 113 28 42 107 173 234 270 185 279 103 186 381 194 49 168 310 70 101 58 215 1 183 344 328 295 164 134 162 237 187 208 269 380 226 88 325 34 9 254 32 157 366 131 45 259 210 358 318 222 171 361 177 372 57 388 99 216 274 60 150 149 11 48 297 108 110 255 53 180 12 346 364 135 116 127 
TEST LEAKS 5 ARG:133 82 24 84 173 266 91 297 264 243 270 202 199 25 54 333 335 292 379 152 89 131 145 207 9 142 367 186 130 106 124 289 344 94 113 362 179 98 312 331 103 326 309 327 178 352 102 60 165 278 30 239 247 397 37 316 28 14 5 348 369 77 330 233 126 88 81 308 68 17 209 11 366 135 338 260 109 396 221 271 92 216 157 398 350 154 119 95 80 267 389 2 182 399 242 62 321 318 162 248 194 110 190 204 364 388 74 158 43 250 263 105 138 104 231 360 78 151 238 147 296 253 40 42 208 382 172 210 121 66 48 215 307 137 191 370 175 36 114 170 246 374 387 47 140 6 196 46 26 345 169 212 255 57 254 347 300 83 146 258 269 181 143 284 187 341 245 365 281 123 13 315 268 285 252 23 395 220 295 12 223 200 120 64 257 61 85 86 149 376 219 128 75 115 132 189 168 294 118 358 359 52 343 361 290 148 332 122 153 274 377 19 378 176 226 112 41 303 101 139 1 31 195 385 351 279 301 334 235 340 87 304 328 277 384 136 203 50 3 7 171 174 56 298 197 156 129 192 72 16 291 368 371 144 273 234 32 39 198 73 249 205 44 282 111 288 134 329 324 259 53 34 188 236 108 90 354 20 337 155 283 217 59 310 280 373 261 167 97 363 262 392 317 141 107 183 161 322 299 22 4 222 99 225 150 339 163 380 45 201 286 117 63 342 381 213 227 184 265 325 302 323 256 306 349 0 96 58 27 272 206 218 70 394 160 71 293 214 211 193 127 336 180 305 346 29 79 38 164 313 228 375 232 166 35 383 65 8 159 100 275 320 15 125 353 319 240 393 356 93 229 372 311 357 390 69 116 230 185 314 49 33 10 55 251 241 177 18 386 244 76 237 67 21 391 276 287 51 355 224 
TEST LEAKS 5 ARG:21 150 138 219 153 267 317 354 182 195 127 53 211 294 178 274 49 201 183 261 145 346 306 237 96 12 304 328 193 355 320 241 205 336 207 188 3 157 246 158 161 103 166 35 140 121 136 289 111 7 366 383 162 155 226 31 117 301 105 348 132 323 113 380 281 143 326 40 319 253 67 137 222 360 115 86 272 43 334 393 398 278 175 335 11 25 30 8 17 381 288 101 273 313 242 190 99 168 345 83 134 214 34 377 238 310 0 39 10 312 233 347 376 142 252 275 318 141 308 371 322 254 82 129 89 378 386 395 224 194 180 70 213 156 48 284 2 270 218 255 18 69 57 79 28 110 338 54 38 316 302 268 210 239 77 232 295 6 22 102 66 262 131 236 391 36 251 125 199 84 196 297 128 298 62 46 361 198 299 176 353 333 29 174 47 362 154 271 370 118 27 344 15 243 249 85 329 26 287 56 385 106 343 164 135 399 186 45 14 149 209 400 177 293 248 292 245 64 92 331 325 32 221 365 179 375 98 42 204 296 342 60 20 266 107 122 341 169 309 68 71 260 146 256 257 37 321 276 229 124 33 389 225 244 300 139 303 259 384 152 231 220 130 349 185 109 350 160 212 392 171 55 76 339 88 373 1 120 351 24 250 187 173 215 13 279 230 240 44 265 147 87 104 170 357 388 263 181 116 172 100 364 223 374 144 228 80 93 327 379 369 367 112 396 337 74 387 264 394 305 286 191 356 290 234 358 269 216 51 203 97 192 165 202 397 159 94 81 197 340 184 368 133 307 285 291 247 390 206 16 4 359 311 332 315 95 90 119 189 277 363 58 126 227 23 283 63 324 41 282 314 330 114 19 73 72 50 200 382 352 75 163 9 280 148 151 258 372 208 217 167 235 78 65 123 52 61 59 108 91 5 
TEST LEAKS 5 ARG:198 112 308 146 65 271 295 153 209 178 299 30 224 167 378 393 252 322 171 97 106 290 24 199 152 289 36 355 122 367 139 148 1 102 269 216 159 107 235 217 6 26 394 313 390 275 126 234 120 230 118 84 218 109 350 98 340 81 61 197 238 288 150 186 325 151 304 241 11 309 75 314 68 45 16 384 0 83 128 47 338 165 78 195 46 310 181 225 267 228 33 161 383 157 391 121 245 303 208 53 248 259 263 220 104 156 257 343 103 370 25 377 191 280 284 115 145 94 236 142 246 134 345 211 196 255 260 55 388 262 34 77 341 9 190 306 170 312 380 21 135 187 226 357 254 180 336 362 185 80 130 375 281 119 326 265 270 93 346 66 82 348 28 240 114 253 192 155 302 19 59 162 352 293 133 335 20 272 232 243 64 164 206 48 22 169 258 193 7 23 386 282 256 29 223 376 110 5 160 56 359 86 387 368 342 324 279 108 283 124 57 381 219 14 239 244 276 201 147 296 85 67 52 141 229 8 116 4 360 385 183 333 331 351 354 277 227 204 3 369 42 330 168 37 111 242 63 379 316 50 261 361 203 318 294 79 31 10 371 163 398 35 389 40 207 231 166 278 13 18 210 285 366 373 273 397 364 287 363 15 44 140 347 307 315 221 334 327 274 177 339 179 317 301 74 356 298 100 392 87 49 138 39 41 328 374 95 353 286 136 158 176 73 143 213 123 131 396 38 2 174 266 251 222 51 319 205 62 329 70 72 182 27 54 96 323 292 194 32 237 321 268 184 144 154 117 175 202 264 247 12 125 249 349 358 365 60 91 399 173 233 17 297 172 69 291 129 137 311 250 99 332 200 214 88 58 90 113 372 320 149 71 92 89 401 189 188 43 101 215 382 395 212 400 305 300 76 337 344 105 132 127 
TEST LEAKS 5 ARG:112 270 383 330 269 147 167 73 264 378 210 36 322 95 116 299 17 5 355 214 235 262 263 34 345 302 9 107 39 79 24 360 295 398 25 321 146 211 89 110 178 29 213 218 314 121 149 61 105 201 90 200 290 108 367 382 261 370 280 88 394 292 139 332 400 222 240 130 106 177 30 236 126 389 16 356 328 136 275 94 387 122 251 311 140 207 63 127 70 319 161 298 293 190 232 13 123 27 395 182 170 102 271 83 15 169 162 165 142 115 57 76 69 386 351 257 244 374 32 318 401 334 104 18 231 253 216 396 10 159 53 228 229 183 19 342 306 206 380 224 225 350 193 91 168 111 65 52 388 372 287 143 250 220 101 393 109 260 100 175 338 43 399 277 84 98 124 352 304 286 60 45 230 359 276 192 141 189 87 339 285 197 308 226 305 278 114 99 212 66 325 247 194 365 2 158 343 312 215 266 267 281 289 273 125 131 138 80 181 327 291 62 379 153 369 42 78 252 68 239 155 202 77 282 59 385 48 6 268 199 307 238 259 21 74 26 196 11 296 219 22 294 38 171 272 47 164 346 129 58 186 337 191 223 152 198 180 320 310 358 234 205 392 258 324 254 241 85 179 354 156 51 317 316 361 35 384 40 72 4 300 23 368 151 92 255 336 353 326 233 209 1 344 331 283 3 86 96 157 93 237 160 174 28 315 208 81 245 376 173 362 14 364 335 265 347 402 82 64 166 172 50 163 288 132 391 33 375 187 309 246 154 119 371 103 117 37 348 8 203 120 279 381 176 113 256 150 284 333 75 0 128 227 243 144 249 31 301 329 44 340 242 49 71 195 145 221 377 397 12 303 363 373 137 217 248 41 349 46 188 297 313 204 135 366 20 7 118 133 67 97 341 55 134 54 274 323 148 357 184 185 56 390 
TEST LEAKS 5 ARG:29 242 200 364 238 392 310 371 28 34 35 359 325 62 397 13 372 157 151 258 161 98 184 12 127 38 301 337 82 158 172 243 237 81 382 340 156 295 303 211 87 300 278 307 370 133 271 22 387 202 67 61 196 147 253 179 329 178 188 166 331 361 146 216 32 221 101 52 232 187 309 290 170 281 118 228 136 110 182 346 393 194 47 68 280 223 268 176 46 236 320 30 120 357 7 63 165 58 45 218 286 379 311 256 95 191 322 273 4 344 169 375 267 401 347 330 287 59 77 33 49 199 142 190 263 79 9 365 328 298 123 94 251 317 143 14 145 334 154 270 209 377 395 260 132 112 48 207 24 212 385 43 266 27 316 175 241 342 107 10 55 360 315 78 203 348 363 277 92 23 355 192 115 279 222 380 125 261 75 214 60 96 254 384 74 21 396 255 366 128 269 106 297 231 299 189 215 234 15 163 291 109 173 362 137 352 162 53 389 374 319 403 93 288 50 272 103 155 321 117 399 90 367 168 124 227 122 327 353 126 152 338 351 249 105 293 18 153 17 11 113 332 264 129 388 324 230 119 257 177 138 140 195 150 350 41 64 8 72 304 296 149 36 180 5 65 135 402 56 383 306 130 57 239 159 283 276 376 89 42 80 19 86 390 39 224 247 197 121 391 292 71 248 312 144 369 381 345 183 233 313 354 245 51 358 84 314 37 108 54 111 285 0 219 205 335 148 31 368 229 246 284 85 1 44 206 198 252 262 134 100 282 349 339 341 91 88 70 2 305 76 160 171 250 259 208 373 333 99 302 83 193 378 275 201 141 326 323 213 308 400 167 102 244 394 185 289 26 220 73 318 66 398 164 217 386 343 69 336 174 97 226 186 131 294 356 181 139 225 274 104 3 235 265 116 20 40 210 6 204 25 240 16 114 
TEST LEAKS 5 ARG:114 144 254 51 391 224 10 40 19 362 223 255 146 369 374 60 394 264 277 202 330 368 74 251 129 398 269 328 305 84 359 326 376 6 323 136 88 336 205 137 284 354 17 142 59 67 363 267 118 308 385 212 42 125 29 239 86 174 26 345 292 55 245 401 377 214 274 240 135 339 243 194 119 85 278 132 13 124 344 70 329 211 179 111 331 216 178 157 0 304 170 185 201 104 358 199 15 232 5 180 61 389 324 399 165 325 120 63 38 357 115 310 126 390 43 297 176 134 191 400 161 282 96 321 162 12 279 209 177 237 260 361 291 395 268 127 133 50 327 188 190 1 110 24 204 25 175 353 35 184 244 253 276 139 248 143 203 65 159 373 246 219 380 225 102 300 130 313 388 242 9 275 250 148 48 258 31 340 100 21 307 99 80 47 256 106 229 116 396 52 167 265 296 183 273 349 311 32 249 366 34 7 302 128 288 221 28 193 145 303 370 66 290 8 140 155 263 3 342 337 352 346 259 280 89 287 78 117 257 11 338 355 319 33 218 381 169 393 220 213 348 20 198 172 105 335 217 392 228 95 41 382 69 45 173 109 39 261 285 166 154 94 404 76 383 215 334 138 92 294 156 163 54 56 210 316 375 196 98 30 149 235 90 247 207 402 208 365 37 206 227 62 309 108 121 384 2 262 36 293 226 315 332 49 189 238 397 289 72 141 58 299 295 372 360 53 270 91 147 122 312 271 266 298 103 387 351 186 112 79 81 195 200 75 22 123 241 44 158 386 73 301 168 150 181 77 182 27 281 83 87 4 57 272 222 131 16 322 164 64 317 14 97 107 347 333 101 286 230 320 160 371 314 318 71 378 233 231 68 82 403 356 283 379 113 46 192 151 306 171 187 236 18 252 93 341 343 152 23 364 153 234 350 367 197 
TEST LEAKS 5 ARG:154 329 281 139 297 156 214 88 96 232 212 356 187 390 11 142 66 123 185 355 122 400 178 393 246 13 128 22 97 363 98 46 361 307 331 109 8 347 59 366 0 136 262 120 87 286 181 99 89 5 342 6 218 299 340 166 55 159 32 130 381 219 247 93 373 296 257 278 264 226 34 302 348 20 260 213 153 404 135 291 141 208 63 265 330 44 242 274 104 173 377 158 162 341 266 61 256 47 320 100 196 239 315 392 249 176 402 401 27 251 188 3 21 217 111 273 118 107 224 25 391 194 237 117 267 119 39 140 50 35 386 164 163 76 192 298 343 193 71 272 258 269 350 354 172 283 131 52 62 145 222 382 288 37 398 175 108 250 324 106 36 157 42 114 133 270 318 64 227 146 137 54 45 389 24 279 83 395 69 335 254 394 33 182 31 171 403 287 191 230 317 17 4 292 161 10 293 364 259 23 70 7 74 282 28 323 344 112 276 115 160 152 322 129 198 332 338 16 149 309 290 167 189 295 289 284 334 346 90 79 205 92 236 186 110 2 233 80 14 18 179 359 73 94 396 177 43 101 195 380 124 383 144 116 102 143 29 271 77 132 210 169 405 201 65 58 353 41 319 57 151 72 229 306 203 12 91 103 352 311 220 127 147 252 30 321 378 268 150 228 275 339 243 9 1 60 300 56 86 328 371 95 316 48 294 180 303 370 357 84 255 207 248 369 240 368 244 174 126 105 15 253 285 333 78 53 372 82 49 362 121 215 168 326 313 310 235 367 40 301 148 184 209 305 19 312 325 304 199 81 375 223 68 26 165 51 75 379 231 221 238 261 225 200 308 85 388 170 376 38 351 399 314 360 385 277 204 197 183 216 263 337 67 374 211 206 384 358 138 155 234 113 397 190 349 387 125 134 245 241 327 336 345 280 202 365 
TEST LEAKS 5 ARG:404 235 100 316 309 196 68 379 243 247 317 207 101 185 190 282 145 62 221 223 128 372 131 294 333 178 265 203 82 8 94 312 234 134 319 340 206 187 395 236 32 23 66 374 399 106 171 20 151 104 105 291 376 305 270 373 156 79 86 172 277 162 244 287 74 366 335 240 67 75 332 343 302 175 237 11 38 158 301 164 338 10 12 61 295 55 273 396 355 50 15 256 281 28 365 14 320 48 231 378 222 110 184 274 368 367 7 155 60 76 213 350 132 92 135 271 150 21 211 322 229 136 272 194 239 51 143 208 142 119 261 27 398 351 218 161 40 19 299 121 59 139 122 394 391 183 201 84 188 289 397 1 318 370 298 296 148 109 403 313 179 99 388 37 253 392 360 88 77 197 326 280 153 362 4 257 173 260 87 285 152 130 382 217 149 35 255 283 241 263 262 107 210 160 65 127 224 375 303 361 16 195 307 193 36 331 125 29 18 290 292 354 308 123 182 405 300 165 49 225 169 269 34 41 63 310 339 5 198 346 205 3 45 166 226 52 2 400 258 6 337 168 233 186 46 102 357 342 228 381 348 259 330 98 31 97 129 26 85 352 43 369 288 386 245 83 176 202 220 58 42 0 230 204 216 70 118 358 321 177 393 78 181 284 108 311 147 267 141 323 180 254 163 30 24 406 22 33 328 115 17 90 57 264 276 242 215 81 189 72 146 126 268 238 124 93 315 103 250 144 389 314 364 401 387 112 212 96 209 227 266 297 293 133 278 64 363 252 159 324 286 371 113 199 69 345 117 47 73 356 390 114 329 327 353 95 336 154 380 344 80 248 385 275 120 13 249 138 167 341 53 56 246 279 349 200 9 91 325 140 25 384 170 44 39 54 304 174 111 137 192 306 383 359 89 191 334 347 402 157 251 377 116 71 214 232 219 
TEST LEAKS 5 ARG:155 164 233 8 45 83 99 59 289 123 190 61 95 379 346 135 334 119 160 384 84 67 298 65 363 247 257 361 194 341 129 68 18 400 40 101 395 56 297 15 325 39 294 382 64 354 81 243 60 125 406 305 281 329 14 107 213 397 332 215 126 369 355 88 98 158 318 253 0 357 270 317 373 100 378 340 153 5 320 372 181 214 376 350 47 200 360 255 268 111 337 223 145 128 261 259 272 115 156 35 292 154 66 330 131 389 19 10 407 211 216 49 315 30 210 310 179 141 324 41 103 269 16 245 343 165 86 383 151 121 176 180 177 385 147 231 159 73 316 188 396 94 11 238 91 93 248 162 267 362 118 87 403 252 277 77 377 347 150 274 345 370 276 260 300 89 288 173 191 48 338 242 307 114 374 102 405 312 348 85 13 404 258 371 391 163 212 302 138 336 136 296 224 287 264 97 386 170 291 209 344 323 290 235 152 256 381 208 327 24 69 234 78 335 143 137 202 169 240 127 313 183 228 193 22 401 262 4 266 148 364 236 82 6 124 7 166 43 282 206 52 286 309 219 352 51 368 279 161 112 250 271 328 275 17 197 122 326 25 331 116 339 225 244 38 342 273 249 28 387 3 304 134 220 104 23 63 295 120 367 75 375 284 171 349 58 301 29 132 399 182 178 201 27 232 105 293 109 167 12 204 192 196 388 186 221 74 187 351 133 157 380 71 280 50 227 42 185 37 21 251 278 80 90 230 174 308 199 139 198 31 353 113 146 356 229 33 110 92 392 358 402 55 393 108 142 46 149 79 1 246 184 241 76 189 54 365 117 26 299 239 53 32 321 203 314 237 70 144 398 36 226 205 217 72 62 195 390 333 254 140 283 172 306 265 285 106 2 168 175 222 319 96 207 9 44 57 366 394 263 359 303 311 34 218 130 20 322 
TEST LEAKS 5 ARG:242 346 54 71 372 209 396 105 224 30 146 361 8 314 25 7 331 352 204 258 19 303 296 267 254 148 313 317 330 156 159 292 340 391 196 181 404 48 354 308 39 66 51 115 170 114 234 318 158 63 117 94 38 155 221 227 270 165 106 291 153 238 198 110 157 299 45 161 3 182 231 41 251 128 219 31 5 21 237 98 247 279 13 216 370 259 384 97 186 96 15 175 316 249 319 392 272 207 309 369 332 46 47 60 378 168 271 32 280 17 86 326 239 190 193 287 297 180 56 262 351 321 176 235 358 185 121 336 246 261 253 373 322 305 142 353 208 90 212 125 52 79 129 195 44 104 27 343 184 390 211 188 64 89 284 229 135 127 389 214 34 226 264 335 166 84 230 245 73 278 405 200 160 53 100 80 83 363 387 6 22 75 385 379 141 150 399 10 397 57 250 77 269 137 344 120 70 398 355 210 169 189 65 29 145 171 273 334 50 109 49 2 365 183 380 274 187 4 243 394 222 133 152 289 62 14 82 366 386 18 116 300 201 68 143 81 315 260 357 107 28 172 310 408 407 119 113 276 401 12 241 325 217 307 123 240 406 388 371 124 290 382 248 24 74 111 277 194 368 350 266 302 329 144 215 345 333 203 122 233 375 282 138 225 268 362 395 20 349 11 306 275 281 173 199 1 192 179 323 348 339 359 324 112 72 140 263 228 257 91 342 136 197 400 35 93 393 301 164 298 130 337 37 101 285 40 320 132 312 205 154 43 162 92 139 9 131 103 58 403 149 265 252 147 206 99 16 327 118 55 174 367 223 108 374 95 23 295 402 0 236 61 76 383 102 59 85 134 356 256 364 232 360 88 376 311 377 244 178 69 293 151 167 255 381 36 87 288 341 294 213 67 177 163 191 33 202 304 283 347 338 78 26 126 220 328 218 42 286 
TEST LEAKS 5 ARG:401 191 16 364 383 373 116 351 163 118 297 220 298 210 110 277 261 67 81 330 130 39 31 327 335 365 27 406 148 54 390 10 378 334 137 104 305 338 235 346 214 227 374 409 299 64 59 312 84 196 133 9 174 237 216 272 322 113 111 145 273 0 244 262 372 156 124 234 404 352 245 166 223 90 38 60 19 4 363 394 200 13 359 165 294 106 161 213 21 324 18 265 367 170 266 339 72 73 5 259 369 126 28 143 47 292 180 392 360 408 347 325 316 120 167 33 284 171 311 225 75 337 134 236 219 361 264 405 30 340 385 331 151 103 168 95 92 356 329 215 55 290 61 279 396 49 315 164 242 3 343 183 269 32 368 185 158 127 6 255 115 68 285 34 35 20 189 119 291 99 238 197 397 136 71 241 8 199 295 177 333 278 301 157 336 190 228 281 50 402 250 93 304 154 44 87 41 321 29 226 45 229 288 17 70 376 128 58 222 313 155 275 355 51 14 375 176 306 187 144 159 240 407 153 224 217 257 88 23 253 263 178 80 62 186 371 2 326 218 231 24 252 146 172 358 379 78 83 381 256 307 25 357 123 243 209 82 7 102 319 309 57 289 15 366 184 206 362 117 286 348 37 300 204 114 52 251 169 74 354 249 194 108 386 195 211 43 296 246 283 198 314 221 182 40 65 179 258 212 328 142 122 98 107 323 254 270 232 56 42 131 139 239 175 388 46 22 162 109 271 100 399 140 160 320 147 377 105 268 202 389 66 203 26 230 94 69 318 308 233 303 76 384 188 12 317 382 63 207 101 149 112 150 393 345 398 86 208 192 181 267 85 276 400 91 48 370 349 310 344 89 129 135 287 97 332 391 248 141 342 341 77 193 395 350 201 79 247 205 53 125 11 152 282 387 280 96 260 380 36 1 293 353 173 138 403 121 302 132 274 
TEST LEAKS 5 ARG:260 242 211 273 375 66 223 16 230 378 88 177 18 392 293 386 323 35 185 8 355 353 367 103 46 159 213 14 108 229 287 249 79 352 120 235 92 0 101 309 205 156 376 39 154 123 99 210 218 316 91 346 204 272 169 220 388 240 47 20 165 292 354 410 227 219 28 324 250 111 299 188 277 139 153 59 216 357 143 278 172 215 1 397 106 307 3 127 383 166 15 318 74 58 121 114 11 196 395 84 85 310 374 76 38 168 217 94 311 224 144 170 138 314 110 275 65 361 406 180 203 130 384 336 155 363 259 183 173 30 291 131 149 258 189 77 325 23 338 348 321 225 160 313 107 81 2 267 298 133 331 305 379 134 283 322 373 181 61 409 186 117 29 5 396 150 264 87 13 342 44 122 244 232 40 83 45 382 320 385 178 202 282 68 194 335 126 319 71 118 362 167 146 387 241 371 33 69 300 137 326 286 100 191 315 162 380 328 207 26 182 152 306 73 222 297 148 43 231 337 10 339 179 128 72 245 184 174 294 359 171 285 7 36 32 251 163 226 398 48 228 408 70 129 41 407 334 27 404 135 64 214 4 405 24 67 209 350 358 246 22 271 161 317 96 175 243 403 56 125 147 248 90 390 399 113 31 238 52 34 391 17 212 364 327 80 389 104 89 345 381 206 82 151 25 239 95 304 176 340 190 124 329 37 193 57 142 164 109 366 50 12 247 261 303 276 372 312 141 280 369 253 290 301 233 42 116 198 158 112 269 78 255 377 63 368 349 145 21 187 281 62 98 351 132 308 105 237 136 394 234 115 86 6 401 256 102 402 356 365 270 347 296 279 344 302 360 9 97 221 201 55 49 262 400 265 53 208 295 289 263 332 288 343 200 370 284 393 341 51 140 252 195 254 333 75 119 330 266 157 257 60 54 274 268 192 19 93 236 199 197 
TEST LEAKS 5 ARG:53 241 289 340 395 82 411 370 138 203 313 10 362 151 344 407 41 196 355 237 256 121 358 317 165 402 135 143 94 405 157 386 272 137 204 296 403 350 101 376 329 399 257 381 123 290 379 281 299 1 210 321 158 396 300 175 8 91 162 23 69 209 332 33 372 351 190 286 12 309 347 388 307 373 298 58 185 85 182 266 221 140 342 130 308 167 174 131 2 90 57 335 107 242 142 193 129 302 382 106 20 108 214 76 375 277 100 366 251 62 224 409 267 249 30 359 147 322 17 159 80 269 345 32 173 255 232 260 77 264 180 334 15 48 44 65 288 178 99 312 154 112 303 63 95 78 284 127 152 13 282 192 389 29 365 273 176 390 5 105 213 212 136 208 111 205 377 52 55 247 262 383 187 364 0 139 35 124 195 18 356 276 393 31 320 331 171 357 177 89 222 270 133 316 292 339 51 170 22 16 113 116 83 275 150 280 401 253 145 81 392 285 153 371 122 149 156 118 71 34 169 367 360 233 287 54 189 231 56 115 40 68 166 254 181 21 109 125 261 27 191 243 323 198 172 283 217 337 3 328 252 72 259 291 341 219 97 46 26 235 14 36 155 199 24 384 333 304 220 248 325 37 301 404 4 103 119 206 361 42 230 86 11 79 47 50 240 271 336 9 250 244 148 380 294 96 391 92 64 19 141 87 6 164 327 319 7 398 227 104 194 67 39 387 408 378 265 160 197 211 128 84 246 338 168 163 184 349 245 258 207 369 28 188 117 311 225 186 295 228 306 179 216 202 183 74 385 88 110 278 200 215 234 236 274 326 297 218 397 93 229 132 315 25 61 226 102 134 239 353 352 38 406 268 400 161 120 49 59 45 354 293 73 223 318 348 279 114 238 60 126 263 410 346 343 374 394 98 324 66 314 305 330 368 75 144 70 43 363 201 310 146 
TEST LEAKS 5 ARG:91 127 320 245 171 370 170 331 36 258 357 132 189 202 148 16 19 338 15 346 100 409 25 299 188 118 319 114 235 80 1 14 236 377 38 406 76 53 359 271 22 7 12 134 367 329 50 270 224 354 28 30 98 207 168 136 257 121 208 83 105 179 253 111 117 180 165 120 396 267 152 261 298 273 195 274 97 361 153 166 246 322 49 107 55 102 393 401 313 219 381 123 228 54 203 239 72 61 232 213 277 383 229 233 177 174 48 77 305 122 327 297 400 26 164 311 289 318 5 216 225 287 332 220 251 355 408 394 310 40 133 45 20 242 342 356 156 291 39 326 150 362 27 390 341 60 397 300 312 62 265 186 79 37 240 144 243 125 32 75 264 325 404 348 141 18 126 8 211 86 384 385 90 57 67 249 110 192 59 64 304 206 172 47 301 6 244 303 223 352 324 262 23 106 227 334 81 389 285 197 113 95 214 295 169 33 128 185 158 230 254 24 138 307 364 276 212 316 21 176 17 283 269 196 43 74 293 221 109 347 365 89 66 151 51 119 306 252 31 360 154 376 108 0 353 217 146 41 369 374 315 96 412 268 363 368 296 366 292 330 99 391 204 140 351 288 340 129 218 167 280 309 142 294 124 308 323 407 10 410 380 13 131 63 58 314 286 181 84 405 184 161 336 104 345 222 82 282 137 130 375 198 260 199 388 379 52 248 139 160 92 175 372 87 398 65 317 278 386 94 373 284 143 382 190 344 241 173 178 358 333 56 290 378 263 3 392 162 103 205 44 321 11 234 147 93 70 237 9 4 395 279 335 238 193 337 135 34 339 349 88 250 231 343 159 149 210 29 255 215 155 71 226 266 399 350 402 371 328 191 78 209 187 115 194 275 112 2 259 116 163 35 387 403 281 201 272 101 73 69 46 411 247 183 68 145 256 182 302 200 85 157 42 
TEST LEAKS 5 ARG:44 282 165 33 112 114 170 325 211 48 177 167 309 326 11 77 71 65 221 369 410 58 353 298 366 405 411 24 351 322 253 304 155 111 312 344 242 89 223 413 60 332 340 283 52 245 173 268 362 185 408 337 130 62 198 87 131 180 1 380 392 199 82 192 275 95 31 385 30 149 396 27 119 189 161 153 169 334 147 38 141 237 254 376 285 55 160 73 293 137 150 166 323 79 117 36 151 159 316 342 324 176 156 164 215 331 96 399 21 271 50 291 299 372 106 260 216 345 240 2 197 321 335 172 142 80 16 234 81 310 105 255 184 224 51 5 397 70 76 132 212 88 248 128 122 295 350 287 91 383 305 56 343 9 25 191 281 124 367 64 102 370 352 205 78 243 204 227 365 66 339 357 406 306 378 246 409 43 407 182 101 93 241 144 49 133 19 398 346 63 178 220 247 187 108 208 387 317 179 333 328 57 92 186 384 193 123 126 231 200 145 270 228 109 219 388 136 46 174 34 143 233 210 256 262 39 358 14 389 23 297 263 300 116 391 230 272 8 40 22 355 152 190 368 239 222 229 329 158 320 138 373 10 249 382 203 37 54 377 264 274 85 202 201 354 395 336 42 330 318 338 412 32 341 301 226 280 47 195 371 327 279 134 94 232 401 307 313 308 84 238 157 162 379 356 120 349 171 347 125 29 348 67 104 292 296 3 289 207 188 148 302 311 261 196 214 250 110 83 127 99 69 12 103 294 236 218 75 390 400 26 394 225 18 4 140 15 183 163 97 267 381 277 314 74 266 107 20 100 360 276 288 135 41 98 252 35 361 59 269 364 206 286 53 290 273 175 7 17 181 0 363 28 146 235 374 244 61 258 115 257 402 315 251 393 154 13 129 284 209 113 403 72 45 86 139 278 303 118 375 121 259 265 90 213 404 6 168 319 386 68 217 359 194 
TEST LEAKS 5 ARG:0 79 380 257 168 186 53 323 250 121 130 241 297 154 243 198 272 217 42 21 374 215 15 240 328 378 189 94 313 288 153 132 127 381 236 16 176 41 359 277 325 407 141 366 238 63 273 361 192 137 129 10 123 321 327 106 210 274 140 246 208 161 72 399 74 338 38 184 97 151 35 370 205 220 286 358 64 348 24 177 128 369 182 265 352 17 183 50 396 139 412 397 43 408 164 391 303 244 99 122 255 258 294 224 68 406 270 317 389 18 363 232 307 104 188 231 237 259 142 279 156 254 7 314 114 134 102 355 47 351 372 292 170 349 219 54 82 33 315 60 55 133 125 377 401 36 75 19 226 115 304 77 345 341 267 12 131 87 95 26 260 191 118 331 179 309 71 283 402 200 203 312 70 160 333 376 85 22 382 230 213 147 73 308 371 353 263 234 89 197 190 100 124 350 163 405 144 48 11 251 32 398 93 342 335 98 275 111 107 360 291 298 135 119 185 20 302 58 305 67 178 27 113 167 299 212 330 116 96 223 336 181 126 4 319 8 387 196 80 373 409 145 162 395 214 101 52 247 3 256 65 209 1 383 211 253 117 356 364 346 239 6 316 5 159 155 384 158 14 25 233 103 81 29 120 385 365 261 91 394 332 296 56 207 368 46 403 174 110 221 193 306 278 318 271 242 23 201 413 146 28 320 227 195 414 282 206 108 281 216 218 66 410 45 150 62 287 76 157 59 30 339 34 400 379 280 390 295 252 329 202 37 194 61 334 88 249 204 392 290 173 375 180 138 340 266 300 105 172 393 326 143 57 148 2 357 310 84 322 31 301 293 311 268 362 69 109 411 40 343 49 228 269 324 235 83 187 354 171 404 337 112 386 92 347 225 264 175 367 199 276 284 136 9 289 229 262 51 285 169 39 86 44 388 245 222 149 90 166 78 165 248 344 13 152 
TEST LEAKS 5 ARG:254 78 127 245 271 300 105 87 130 166 377 353 408 405 188 190 401 165 41 274 47 336 95 150 146 338 179 125 163 262 255 331 155 374 264 359 316 219 202 286 256 309 267 2 183 148 139 203 101 39 411 90 324 370 398 214 156 371 404 281 149 237 325 46 158 71 24 171 227 322 177 160 346 306 378 48 118 225 152 93 168 362 283 332 272 348 363 22 249 343 305 195 244 211 388 310 339 55 161 340 108 91 360 107 261 333 29 176 43 270 131 277 111 220 226 73 295 140 45 50 320 115 38 221 26 3 376 263 187 136 200 120 33 315 126 247 85 145 129 361 64 56 89 296 287 234 40 208 240 389 387 236 172 298 284 323 137 175 135 216 217 218 280 302 185 30 52 57 351 222 412 384 170 66 207 117 153 110 113 114 19 297 167 330 386 358 285 242 239 31 157 231 84 25 397 252 197 381 372 327 72 124 224 42 290 97 210 96 7 106 213 0 59 357 191 76 119 102 223 60 304 194 391 235 193 82 354 192 28 342 228 319 1 199 399 212 268 248 198 259 92 282 402 294 369 54 138 382 18 184 308 390 392 303 350 385 109 86 380 313 393 75 238 121 68 80 335 347 15 407 6 349 83 32 142 174 366 275 162 11 299 368 132 98 414 122 16 406 61 133 104 35 189 307 196 159 410 345 403 37 265 312 164 373 69 383 337 27 128 230 180 51 147 141 81 328 266 62 14 326 288 8 279 257 291 258 154 4 301 12 379 79 173 169 241 344 151 415 100 206 103 400 58 292 232 201 246 341 67 144 269 44 395 77 23 364 276 116 10 329 88 178 34 204 143 233 356 394 53 253 365 251 205 396 367 134 99 20 65 317 9 181 243 17 229 375 250 278 311 260 352 409 209 334 70 186 215 273 13 63 74 314 123 318 94 36 413 355 293 5 289 49 112 182 321 21 
TEST LEAKS 5 ARG:397 111 126 405 336 372 264 148 408 304 309 46 366 295 234 175 177 363 322 19 41 332 2 236 102 33 182 161 240 187 359 91 360 140 312 196 17 252 101 94 334 414 386 71 289 316 300 59 376 279 92 20 328 169 39 277 212 383 215 48 290 350 89 331 407 401 149 5 81 216 198 77 306 44 10 56 13 64 26 348 50 146 54 286 219 200 117 144 250 298 292 370 259 413 380 66 67 392 319 217 388 378 225 409 136 246 174 353 208 254 104 280 11 29 337 302 233 12 93 195 272 184 137 416 375 167 95 74 394 132 154 145 3 384 203 100 49 340 36 120 107 315 210 263 112 232 415 404 121 133 47 220 8 53 382 14 377 114 237 320 43 172 281 202 305 178 158 165 313 170 1 16 245 130 31 193 229 403 164 391 68 318 51 349 6 238 98 303 205 291 342 176 335 79 221 105 150 244 406 80 368 73 127 230 367 307 402 206 308 222 69 339 192 27 282 323 338 226 390 317 108 78 186 190 351 188 180 62 189 113 371 333 258 128 191 345 15 32 256 199 310 324 201 261 275 125 235 60 134 364 72 38 276 116 288 347 358 197 129 179 410 115 400 412 97 224 389 152 218 227 34 138 327 109 396 87 37 387 9 204 239 393 194 85 251 139 329 311 357 171 103 248 58 124 7 352 155 269 299 257 83 373 211 45 70 168 63 157 65 162 99 270 411 118 96 344 356 183 287 160 395 361 30 214 18 341 90 242 399 84 0 122 365 106 228 343 28 207 265 142 262 271 52 153 163 249 42 241 181 119 294 255 266 75 223 123 274 231 297 362 379 86 253 381 156 398 326 278 4 135 40 61 296 325 283 57 314 321 293 24 273 131 151 185 25 354 268 260 21 355 23 166 209 110 76 284 22 213 385 88 159 267 35 247 143 330 369 285 346 301 82 141 374 147 243 173 55 
TEST LEAKS 5 ARG:26 159 38 400 55 372 277 402 145 322 309 18 65 212 303 286 332 321 10 188 136 414 390 287 239 264 58 163 44 14 75 69 417 148 169 117 398 304 156 339 415 1 244 256 225 186 92 297 46 401 143 393 357 209 172 210 118 35 253 98 194 392 258 6 281 369 131 95 32 280 180 255 110 263 330 405 187 379 77 36 410 310 130 384 51 133 200 146 343 261 165 336 19 387 102 97 183 356 53 184 137 345 134 274 176 344 17 66 365 4 346 128 181 72 192 215 141 289 324 270 206 333 8 82 222 152 411 347 2 388 41 13 213 147 313 167 178 391 33 114 106 306 219 139 259 174 68 177 50 232 227 283 360 78 252 337 249 208 207 378 196 242 295 175 294 67 278 241 416 412 73 399 0 298 353 331 323 22 221 340 385 211 81 153 237 57 166 201 25 40 341 122 202 224 260 140 63 34 150 382 62 334 96 389 381 86 269 275 28 93 88 311 91 276 386 328 316 48 230 199 329 272 374 296 354 30 105 248 52 107 160 307 220 359 85 45 342 302 87 251 262 27 367 352 409 288 305 282 116 320 21 171 226 362 364 182 243 126 234 132 60 361 80 350 404 120 291 158 20 351 247 5 217 355 64 185 154 198 42 179 203 358 115 250 71 325 76 15 218 315 89 238 314 348 335 349 108 70 394 407 59 74 376 229 197 16 161 193 216 124 371 233 317 100 284 231 312 300 112 397 43 190 84 83 29 195 318 204 49 292 24 173 373 11 144 254 368 23 214 37 265 319 111 223 56 125 267 380 271 151 127 366 135 119 268 39 47 396 235 293 395 383 236 103 408 123 290 279 109 377 54 189 406 104 138 403 12 61 375 273 142 285 101 257 90 157 338 79 326 191 299 168 327 99 370 363 228 129 240 164 3 113 149 245 162 170 308 413 31 155 121 94 246 7 301 205 9 266 
TEST LEAKS 5 ARG:382 262 313 359 391 248 384 227 320 257 125 100 184 213 254 282 239 386 70 390 245 336 222 329 191 334 412 265 93 410 48 370 310 345 98 27 273 312 47 362 172 7 258 114 225 235 319 276 247 305 352 59 123 103 86 29 395 28 337 252 14 108 407 349 9 387 150 188 104 413 224 331 301 260 88 367 26 353 325 67 304 82 42 307 61 263 129 120 180 85 360 113 256 144 128 297 12 105 218 106 281 293 350 389 46 269 19 91 347 148 300 52 166 135 404 39 364 392 208 145 324 24 97 41 406 223 6 25 326 143 77 57 141 111 278 327 299 23 205 10 194 246 249 89 198 405 171 181 377 408 122 253 176 118 211 366 178 267 43 75 115 374 185 402 322 53 163 314 288 95 303 1 49 372 206 174 215 243 79 15 261 21 358 323 226 373 344 398 80 189 311 58 8 195 137 385 3 341 87 376 109 168 393 99 44 330 13 132 348 116 251 36 62 379 193 356 84 369 127 411 316 306 250 69 74 342 167 417 32 151 165 259 294 277 186 346 60 152 255 343 400 134 160 159 158 394 296 287 20 63 333 357 264 210 161 139 201 290 363 121 156 92 203 11 212 147 101 244 190 355 216 124 228 315 380 302 18 397 365 236 332 229 33 30 295 274 154 55 65 396 187 2 279 133 202 217 31 22 371 286 354 328 164 56 221 138 119 271 136 351 130 94 289 72 375 83 199 381 308 35 140 170 200 173 54 102 416 182 309 192 4 209 292 179 37 414 146 339 238 237 17 153 270 284 51 5 73 112 81 142 242 219 368 66 68 403 399 340 78 383 275 241 268 361 230 378 183 240 38 266 157 16 96 126 45 335 40 64 220 34 197 418 131 401 162 232 338 204 76 107 0 214 149 233 234 177 272 50 175 283 317 196 321 231 117 291 207 415 155 280 110 388 318 285 71 298 169 90 409 
TEST LEAKS 5 ARG:415 387 43 271 119 149 104 135 108 314 418 331 197 178 371 126 25 3 234 13 107 219 78 11 86 384 138 335 372 154 402 318 100 285 376 274 289 181 242 184 406 207 95 38 46 134 346 49 12 272 323 321 218 194 127 327 236 216 334 382 148 42 208 182 109 284 110 356 388 2 383 112 298 241 378 161 410 217 54 16 168 9 169 348 409 273 282 337 363 279 30 33 339 396 155 64 301 354 47 82 147 379 56 146 0 232 39 322 313 130 286 105 122 196 256 292 106 77 79 390 276 132 296 96 281 413 163 370 352 228 344 48 5 397 341 325 345 151 244 226 326 393 310 60 203 253 152 359 59 403 1 140 118 351 300 254 280 141 171 27 405 192 4 365 288 8 98 209 385 386 297 111 65 230 28 17 411 267 270 206 278 202 373 328 73 72 97 139 319 114 400 191 214 222 93 317 189 91 142 23 417 225 74 306 102 198 170 63 195 239 290 35 180 357 350 316 275 51 186 85 45 367 220 15 200 190 188 143 377 173 268 211 399 36 94 333 67 32 89 18 401 366 392 133 40 414 391 338 144 374 389 265 375 204 243 259 123 29 156 264 92 115 70 201 404 75 380 66 175 199 103 81 164 68 246 76 165 177 84 22 213 14 124 303 80 224 315 308 368 305 227 231 360 381 233 136 117 299 364 50 71 137 62 355 347 116 251 21 248 407 369 247 398 179 295 287 129 53 412 261 19 358 329 24 183 176 293 324 266 167 416 120 255 153 332 408 90 52 353 131 69 83 187 210 113 215 307 26 6 20 336 55 185 238 10 294 174 31 44 340 145 172 205 283 330 87 260 162 262 342 312 34 343 160 361 41 269 349 304 128 121 37 212 157 320 249 291 311 58 193 250 394 252 99 61 263 395 309 419 235 88 221 125 57 237 158 257 223 362 258 150 7 302 101 159 277 229 166 245 240 
TEST LEAKS 5 ARG:401 370 15 166 394 65 345 162 234 233 55 350 404 280 92 344 253 224 182 412 374 343 346 214 390 243 352 143 197 333 87 30 159 101 391 69 326 179 319 146 307 79 209 86 59 183 130 389 399 387 348 31 95 80 388 3 37 207 117 165 40 26 294 10 112 106 406 177 167 247 267 41 161 339 311 396 175 156 292 382 417 132 271 108 306 119 5 201 322 16 244 21 24 103 300 321 115 203 285 208 312 172 291 257 91 147 355 74 190 329 366 104 125 250 332 110 13 171 226 64 12 379 295 8 48 230 395 217 290 138 367 118 102 369 4 6 325 298 25 111 105 139 242 405 268 384 136 357 273 216 163 418 71 83 237 361 149 318 232 78 264 284 278 127 114 90 131 34 153 305 210 178 193 192 254 56 1 151 383 408 19 222 20 252 23 157 368 419 14 32 359 288 46 50 236 184 72 189 376 347 141 160 212 38 9 54 186 340 277 199 44 338 194 287 320 365 356 2 77 60 148 187 381 164 0 11 341 316 204 385 308 410 327 36 215 18 220 397 51 260 303 145 142 328 22 414 67 241 225 107 304 313 33 289 140 402 152 337 279 27 133 299 380 296 330 181 392 378 137 75 411 42 317 351 213 61 49 400 240 122 349 266 335 324 128 276 310 239 45 407 354 283 43 353 362 195 223 88 76 121 144 286 169 28 246 235 413 82 202 281 113 52 251 403 116 282 229 272 261 174 81 270 188 249 134 248 93 35 315 100 256 373 262 211 221 17 227 120 409 269 398 228 200 309 377 109 371 124 334 420 274 158 129 135 372 99 231 301 415 238 302 191 126 219 331 89 84 198 336 255 364 66 7 168 323 176 94 73 63 185 57 58 416 259 96 150 314 393 258 218 85 358 363 29 293 263 386 98 297 123 170 47 206 375 180 342 245 53 39 265 173 205 97 360 70 68 62 155 275 154 196 
TEST LEAKS 5 ARG:83 147 381 189 309 334 195 235 64 170 110 53 368 154 89 169 249 124 102 61 75 177 274 269 355 312 41 131 375 168 125 209 271 370 166 377 161 332 260 308 113 321 378 174 176 400 155 111 45 197 35 350 188 231 25 52 200 103 27 42 213 130 11 148 288 60 301 264 46 217 126 104 337 227 92 24 298 273 19 357 149 325 112 127 388 361 395 138 335 144 71 194 302 5 74 341 331 305 366 201 6 18 100 307 219 215 234 244 140 240 198 241 354 51 132 1 295 50 47 275 226 261 263 160 294 297 392 243 402 380 417 265 343 186 58 158 372 93 362 285 157 286 55 187 49 172 313 396 268 98 20 406 133 80 293 151 128 179 367 317 306 81 326 277 259 202 419 290 77 178 304 65 339 382 108 289 123 371 318 385 31 299 97 246 276 109 208 257 26 416 173 86 420 150 256 37 342 87 398 196 105 48 120 79 29 32 33 287 329 336 365 266 258 16 296 389 414 364 412 247 134 376 363 69 345 228 167 84 8 253 3 374 4 159 182 88 225 353 7 96 162 413 221 404 379 114 165 66 129 207 358 303 56 78 95 142 283 314 21 135 63 59 410 141 250 185 107 85 184 322 330 230 220 279 333 121 193 206 390 222 205 91 415 175 408 136 373 15 300 10 210 346 14 323 118 57 119 211 163 255 272 352 369 54 139 403 38 43 384 254 239 115 180 199 9 262 67 349 267 347 278 387 232 156 248 394 117 62 2 40 242 223 164 282 280 36 143 356 245 338 218 238 12 281 192 39 252 284 152 409 204 214 401 76 340 319 73 315 324 90 99 82 137 146 72 229 359 233 311 203 397 405 101 292 122 320 344 291 383 316 360 106 0 34 181 68 190 270 328 116 237 23 310 327 94 13 216 418 399 191 351 393 421 391 70 183 17 386 171 22 30 407 411 236 44 348 224 212 251 145 28 153 
TEST LEAKS 5 ARG:276 417 377 119 291 305 209 378 59 420 196 102 379 343 202 224 105 197 380 10 11 418 60 319 243 136 16 0 358 352 213 249 203 210 40 239 137 336 76 413 188 35 353 370 327 316 389 274 257 116 150 360 132 113 392 96 216 23 72 252 369 28 310 223 37 375 221 45 101 410 390 300 357 409 302 97 234 395 32 69 165 141 312 179 49 351 51 77 406 104 100 64 386 211 246 27 118 89 112 334 232 328 304 194 41 405 225 416 57 122 297 318 321 93 255 172 301 124 106 422 56 287 250 324 332 6 103 341 329 191 408 242 151 346 135 260 95 387 259 235 149 317 38 161 54 289 320 50 143 126 281 280 345 251 130 325 288 44 181 47 133 30 282 307 29 159 264 182 396 83 74 248 71 391 256 403 168 12 315 268 205 231 128 7 308 407 84 62 115 388 174 335 189 173 114 145 348 222 204 340 63 26 144 13 183 354 43 273 402 169 171 229 152 368 283 131 306 55 70 156 397 400 125 162 5 311 374 164 146 298 120 61 227 42 33 262 192 46 154 111 88 200 279 214 160 269 398 21 212 313 347 142 261 80 94 294 331 176 139 217 140 163 350 153 65 207 270 201 18 272 399 419 36 85 175 87 233 244 184 415 412 195 253 372 277 86 108 376 20 285 293 237 1 393 271 206 230 241 290 17 278 3 330 367 48 226 147 53 322 92 342 373 337 14 170 309 339 401 364 296 411 303 177 19 91 365 185 361 394 266 265 323 107 366 134 138 178 22 157 39 215 123 78 254 382 299 110 186 355 52 117 371 238 34 414 98 385 109 219 421 148 155 198 67 263 363 333 166 383 180 4 8 73 362 349 404 90 190 220 167 99 2 158 344 31 326 68 9 15 314 208 75 236 193 129 286 292 295 381 275 58 127 338 258 267 359 245 81 384 284 218 66 356 121 82 240 247 228 25 187 24 199 79 
TEST LEAKS 5 ARG:414 311 264 25 287 124 24 241 9 174 92 31 134 27 144 87 113 138 75 310 116 195 98 128 79 381 61 355 117 291 133 321 272 86 262 259 172 308 10 420 225 330 118 197 413 91 401 323 417 127 270 271 367 281 203 204 42 108 96 337 83 343 63 36 104 11 126 28 68 386 187 376 349 231 95 234 200 254 100 152 199 399 232 56 359 20 304 344 240 312 290 49 142 70 301 73 153 140 267 132 214 16 165 180 177 93 302 158 246 192 340 357 55 351 5 370 265 46 397 106 89 318 260 209 306 345 119 121 258 252 112 412 164 292 236 353 123 313 143 362 188 319 288 219 130 380 162 77 261 278 400 289 35 53 230 101 170 97 105 303 14 226 257 58 62 141 364 12 315 38 251 52 352 405 373 273 363 402 239 233 67 166 382 13 421 398 422 327 274 404 176 342 227 263 22 169 247 6 280 341 135 171 157 196 198 295 109 294 40 307 0 248 159 59 333 242 57 395 368 314 185 334 51 354 146 361 122 137 125 115 326 103 268 136 372 15 360 346 347 60 163 266 383 388 279 375 94 19 229 29 411 253 366 76 223 407 17 206 391 213 107 64 348 336 71 249 18 114 216 384 173 385 387 39 250 4 167 298 403 285 26 181 338 148 34 183 201 379 339 296 377 110 256 150 145 21 161 293 282 184 416 175 218 65 69 283 419 30 394 418 393 205 66 193 44 90 284 191 309 2 255 396 269 390 151 50 85 45 23 212 224 365 156 371 207 7 243 235 81 369 320 238 316 88 286 139 245 72 406 178 84 325 322 160 305 82 48 210 33 194 80 1 222 111 220 350 335 211 374 299 277 328 131 54 389 317 215 186 276 189 324 237 331 392 208 43 221 358 155 297 102 409 154 3 300 120 99 8 147 275 149 179 329 332 182 202 356 47 41 74 217 228 415 378 408 129 423 168 32 78 190 244 37 410 
TEST LEAKS 5 ARG:381 144 82 159 380 330 140 160 38 354 142 125 306 104 83 336 353 238 373 53 113 251 424 131 141 236 196 170 409 172 301 96 186 310 405 178 66 157 232 149 60 278 31 406 292 219 375 9 227 28 200 386 321 15 328 213 3 315 138 283 357 154 296 340 30 158 189 222 64 153 151 314 271 51 255 129 390 318 371 49 270 295 17 137 384 22 59 169 411 256 261 179 253 37 402 370 341 197 11 377 260 372 365 421 368 361 324 135 266 45 352 359 212 215 214 50 263 342 25 24 112 334 288 110 55 239 244 287 267 226 183 70 92 180 58 74 85 5 385 363 121 123 234 332 147 394 316 250 302 415 346 122 396 399 387 21 327 262 220 77 71 89 182 94 293 221 88 130 124 358 95 382 228 56 150 78 152 383 166 47 176 6 171 217 400 349 246 303 119 397 326 73 199 404 79 420 97 241 162 145 233 116 41 367 105 18 134 23 107 91 379 307 10 184 350 254 252 175 204 111 127 8 4 202 347 417 102 304 277 120 419 275 308 376 86 320 61 298 156 16 311 355 416 46 259 331 265 264 40 366 401 163 187 403 209 211 174 291 177 337 0 185 98 48 423 333 289 7 188 208 103 33 198 388 35 52 191 72 297 139 100 245 360 408 374 273 205 20 32 1 345 19 284 12 99 69 369 36 143 235 192 274 279 242 343 207 68 309 206 299 13 322 389 106 26 230 148 305 257 248 410 412 286 335 413 167 392 128 44 117 249 258 276 418 29 118 2 164 101 339 247 165 43 210 356 93 323 27 393 126 407 364 65 225 155 181 132 237 269 268 231 90 395 34 362 243 195 348 54 75 67 62 81 272 201 173 161 84 76 351 240 216 136 378 317 223 422 80 218 57 203 108 414 282 313 312 42 193 319 194 329 229 344 168 285 133 109 114 224 39 281 290 391 300 338 325 87 294 146 14 190 63 280 398 115 
TEST LEAKS 5 ARG:235 269 272 253 282 322 222 31 306 332 368 223 404 197 224 304 98 46 221 372 231 319 17 2 270 100 201 156 219 400 159 130 323 206 152 80 399 5 83 90 330 309 366 376 414 353 151 182 279 14 380 143 169 26 58 110 88 192 337 249 162 346 183 97 365 103 288 402 64 308 377 54 401 57 135 412 408 291 138 45 351 416 209 164 240 116 16 39 336 415 24 173 344 7 131 194 285 120 302 263 94 419 37 68 363 375 190 195 74 345 28 250 6 196 86 10 334 147 121 212 161 355 27 333 66 22 0 325 166 29 233 388 267 301 213 78 254 189 340 248 69 361 62 20 305 384 273 316 160 245 371 266 243 423 42 107 218 43 145 274 312 232 362 315 252 313 176 106 374 228 177 82 387 4 283 15 59 284 381 297 123 187 295 230 41 125 144 242 373 47 277 34 91 343 259 153 72 280 8 146 67 134 122 314 265 191 311 168 44 181 92 117 359 296 364 33 9 286 347 358 35 418 163 102 170 421 410 360 287 251 244 174 167 75 165 292 105 56 225 257 148 350 48 241 61 142 70 84 357 50 118 398 317 124 290 392 154 158 179 25 49 63 268 407 188 356 126 391 32 203 229 294 239 99 321 127 318 137 81 389 186 172 198 396 193 85 55 411 53 406 139 202 275 13 385 207 397 383 303 21 141 175 200 108 307 382 89 352 11 30 3 133 386 420 299 76 19 341 65 258 417 210 369 220 79 422 425 73 395 276 77 300 370 324 394 180 40 217 260 278 262 349 255 271 328 1 208 281 378 327 403 236 128 204 339 226 111 113 320 348 238 185 298 71 405 393 354 293 367 109 264 424 214 114 93 52 96 205 342 247 199 246 326 101 95 115 87 12 234 136 409 60 256 150 38 331 132 237 184 261 51 157 23 149 390 335 289 36 178 379 413 112 129 215 18 227 104 155 119 310 338 171 216 211 329 140 
TEST LEAKS 5 ARG:347 147 35 424 138 226 202 174 283 306 98 287 360 0 398 207 199 133 269 144 376 104 84 369 40 127 270 336 413 299 25 349 192 308 224 59 130 136 244 279 112 65 109 108 50 315 86 318 339 6 256 165 368 77 97 36 101 34 62 106 185 16 74 209 149 228 328 162 66 48 344 403 352 274 18 21 89 231 400 11 261 218 137 39 79 196 237 301 296 230 33 114 177 314 193 402 421 323 44 220 382 241 225 262 119 4 340 338 276 371 232 208 238 406 281 288 5 135 412 422 311 14 341 70 169 10 2 266 251 289 235 405 337 343 365 122 419 285 370 375 217 210 60 215 51 107 227 234 264 26 41 68 183 259 182 110 20 253 100 75 123 374 17 423 356 309 186 350 151 150 401 286 29 142 214 322 27 38 394 243 329 364 99 19 239 357 23 173 83 117 139 278 310 203 172 265 366 363 380 45 156 242 399 30 267 393 282 391 124 28 317 346 9 295 297 13 71 417 411 141 373 330 118 257 49 204 249 121 408 115 211 420 252 293 63 58 116 184 54 201 319 157 415 305 200 194 229 379 258 410 212 263 321 197 15 354 64 233 342 53 180 396 332 12 316 425 131 358 189 73 418 313 7 154 277 168 355 213 175 223 87 246 416 353 57 152 395 300 388 404 93 56 120 250 383 128 37 304 298 1 47 129 67 171 367 55 247 312 24 307 81 96 351 320 216 254 76 372 407 46 381 271 159 42 348 160 103 43 290 205 362 82 280 88 390 155 69 178 111 387 325 31 273 52 236 324 294 327 272 72 221 166 170 326 248 164 302 333 102 291 195 179 94 268 163 91 222 392 240 153 8 95 303 125 22 426 85 389 378 113 345 198 92 255 359 146 161 181 158 61 219 105 176 409 90 206 377 190 292 386 384 361 80 167 331 260 145 187 126 32 397 188 3 132 140 414 143 148 245 134 334 284 385 191 335 78 275 
TEST LEAKS 5 ARG:347 327 234 43 399 179 401 185 48 306 168 264 206 233 282 205 151 377 208 242 35 173 8 224 119 1 268 253 363 413 37 6 137 50 210 301 262 307 197 25 240 164 5 196 178 138 177 415 241 58 355 376 111 170 396 75 132 410 236 226 30 191 207 188 403 286 38 136 375 404 134 231 336 7 322 288 61 367 359 154 101 309 329 274 297 139 320 97 213 131 169 254 93 18 269 175 291 389 84 345 334 187 400 260 33 390 312 105 181 394 31 225 112 386 19 146 195 216 108 118 26 339 198 182 78 20 27 244 32 245 160 215 142 357 189 100 318 321 342 310 110 261 325 257 57 391 0 71 145 80 212 106 311 76 77 418 59 125 365 63 176 351 422 330 237 232 412 384 202 421 85 89 127 283 39 86 143 414 298 405 200 47 147 352 203 12 51 129 82 102 302 239 368 313 299 166 331 388 44 13 120 249 40 411 356 109 272 395 379 148 64 165 221 314 60 156 228 95 361 397 214 152 317 217 294 42 265 194 304 382 79 167 341 157 117 263 335 423 276 308 358 91 193 372 186 360 130 284 273 135 113 220 293 2 258 107 271 383 337 354 371 116 52 250 3 419 67 252 353 68 10 279 209 292 387 163 259 172 56 126 426 425 344 277 285 267 328 192 65 124 121 378 343 338 319 364 4 104 229 70 417 381 81 300 149 349 96 199 409 296 266 350 46 280 362 323 222 416 90 141 73 398 427 248 15 374 98 315 373 348 103 174 158 22 94 204 140 289 211 122 17 128 251 11 123 83 255 133 332 66 55 9 49 270 275 28 326 324 218 235 402 88 393 238 230 246 316 287 333 407 281 150 92 385 23 190 180 219 21 155 370 45 256 14 223 72 305 247 380 54 144 243 62 184 295 161 53 290 159 171 162 346 16 114 153 366 408 303 34 115 420 41 392 369 29 24 340 69 74 99 227 183 424 201 87 406 278 36 
TEST LEAKS 5 ARG:317 175 286 379 174 362 28 345 407 400 411 418 47 0 162 250 278 158 236 351 264 396 312 224 267 247 276 230 363 25 258 152 330 248 399 377 127 11 199 339 294 401 105 114 259 378 238 249 49 222 369 392 119 210 356 176 419 67 31 172 279 375 302 243 124 53 257 348 46 113 364 159 66 108 229 35 54 26 380 221 91 132 416 289 76 52 143 186 366 181 148 14 30 107 115 326 402 349 241 426 204 335 305 344 355 98 315 170 288 178 245 283 360 200 340 78 303 359 42 90 208 187 86 1 231 185 61 196 6 182 384 209 216 220 255 166 39 361 111 140 341 168 413 137 12 64 13 386 24 323 316 203 155 235 262 167 284 274 272 57 337 191 307 202 164 211 322 81 4 412 84 263 95 150 63 261 277 190 169 145 415 357 141 324 226 77 428 417 27 239 58 406 179 336 273 89 118 290 253 106 405 318 334 139 153 299 33 327 372 275 100 333 297 308 44 96 206 304 65 70 101 97 234 218 17 256 180 260 265 136 135 393 151 422 395 2 254 414 71 342 292 189 138 398 233 165 37 397 21 309 353 214 215 347 41 110 104 161 85 420 109 75 197 346 88 270 36 282 55 251 266 45 271 388 409 3 112 237 93 51 223 22 147 244 62 300 313 321 59 116 48 421 381 134 338 343 142 79 68 425 177 227 102 404 382 146 389 246 129 269 34 131 376 232 16 325 99 329 87 156 242 403 130 311 117 195 252 19 368 285 149 427 383 94 394 56 20 72 183 23 50 80 122 125 390 128 192 10 370 120 213 296 193 8 268 123 207 320 319 40 43 408 74 424 240 217 391 184 354 350 331 352 194 387 306 121 160 32 298 60 291 163 212 281 225 5 314 373 38 371 205 367 365 82 310 295 29 73 228 358 219 92 287 171 126 280 15 154 83 144 103 410 18 328 157 133 301 385 201 173 423 188 332 198 293 69 374 9 7 
TEST LEAKS 5 ARG:278 289 20 117 350 60 380 158 234 213 318 426 309 326 22 181 365 132 336 134 369 266 1 127 44 172 56 12 81 382 28 175 4 214 261 290 212 3 297 393 51 35 277 401 327 376 70 367 351 299 244 107 296 142 75 179 265 384 176 256 207 422 224 153 143 225 34 211 87 316 106 38 332 147 2 283 349 408 255 94 417 281 62 262 356 159 77 86 191 111 109 363 359 385 164 249 11 128 368 218 273 108 233 345 251 337 402 387 248 258 196 412 352 165 89 311 410 270 391 67 310 57 123 204 105 243 182 139 72 96 227 167 240 129 171 247 49 202 400 246 398 80 32 53 353 64 282 16 303 195 85 54 377 97 394 223 188 40 414 348 5 37 362 236 157 201 287 30 41 269 63 200 371 245 366 130 427 286 302 321 308 407 263 333 190 304 42 93 146 425 416 215 26 99 118 242 140 83 18 279 342 235 379 163 13 276 193 136 69 95 160 323 275 392 192 388 45 131 25 103 162 324 271 90 338 315 291 39 76 101 341 429 148 404 313 82 78 7 317 166 253 174 8 334 110 100 21 170 48 314 415 375 405 222 216 24 199 187 206 361 395 322 298 116 112 330 46 189 357 335 178 301 259 372 68 92 254 428 364 354 250 208 219 325 373 10 329 230 125 29 294 285 161 300 71 231 52 295 280 145 293 370 331 423 74 203 91 226 403 126 347 209 122 27 43 198 185 228 389 267 197 33 6 36 239 413 320 73 133 113 149 292 420 137 119 23 138 307 343 65 312 360 252 229 288 381 120 237 121 150 61 0 397 19 399 84 184 14 232 177 205 210 31 339 274 411 168 79 344 355 156 124 358 98 102 186 268 238 220 66 383 88 374 59 424 15 135 272 378 217 169 409 180 340 257 183 194 396 115 418 47 390 421 144 154 55 17 264 260 328 306 152 221 319 241 58 104 155 406 305 346 173 151 114 50 284 419 141 386 9 
TEST LEAKS 5 ARG:63 212 378 130 382 187 10 148 214 416 422 411 343 92 344 57 308 60 95 248 362 397 52 324 280 409 251 402 6 178 208 260 221 170 156 369 367 232 202 201 282 337 215 39 273 220 71 292 188 246 55 161 315 89 1 253 110 209 376 335 163 186 345 358 423 227 145 291 322 301 83 398 84 99 20 185 50 250 210 126 172 240 152 233 41 121 342 370 21 289 294 120 68 48 98 44 149 229 249 198 307 339 4 45 29 231 104 399 377 77 304 351 0 262 76 265 194 153 368 235 168 58 286 421 277 115 243 244 88 203 93 142 102 275 381 414 299 237 54 135 380 269 18 226 38 371 413 306 196 157 183 419 82 418 80 230 355 73 66 259 372 86 317 31 374 357 74 428 181 40 268 134 141 180 205 288 222 56 123 106 296 347 19 87 216 81 267 373 65 410 173 366 179 313 61 124 225 143 146 125 256 169 159 332 197 117 94 160 176 119 75 167 112 364 133 392 394 13 2 404 258 279 155 252 147 321 254 113 297 16 171 319 356 7 12 285 23 136 79 70 415 34 400 263 318 312 390 189 314 109 427 363 354 190 228 150 387 295 408 67 340 245 348 85 305 393 175 138 62 236 346 174 164 284 192 361 127 42 97 224 22 144 298 59 325 218 320 405 383 429 417 384 24 200 375 51 327 293 3 255 365 219 108 407 424 264 158 278 403 388 15 182 328 118 162 283 386 272 37 132 26 107 46 207 47 111 311 30 165 32 191 184 238 257 137 103 331 9 239 395 329 326 177 310 128 274 131 353 154 64 69 151 122 349 271 338 341 420 316 100 96 211 140 116 391 223 195 266 206 302 242 350 323 359 5 396 166 281 204 8 336 385 217 114 401 25 35 105 78 247 300 11 199 261 91 43 234 352 334 290 36 129 430 193 28 53 27 17 72 14 389 379 101 241 90 412 426 309 139 425 287 270 360 333 303 276 33 49 406 213 330 
TEST LEAKS 5 ARG:318 261 357 431 109 267 136 14 381 29 277 303 368 216 84 19 104 185 320 229 28 120 252 410 91 112 372 212 297 383 161 417 182 304 253 429 300 30 119 313 362 142 370 23 236 163 52 255 11 193 268 9 266 333 312 416 44 183 205 352 179 395 308 196 54 124 26 153 92 389 257 39 160 430 273 405 307 66 175 6 42 146 392 210 80 24 363 287 380 32 377 335 393 63 130 354 89 220 317 408 8 99 199 244 353 256 137 324 167 413 423 151 164 295 337 134 83 424 218 390 238 159 421 138 385 45 181 110 73 283 314 131 332 222 79 88 301 302 288 326 188 191 359 247 425 81 249 38 270 166 360 21 298 292 190 169 219 280 70 132 16 168 133 143 75 319 264 207 67 334 25 340 71 232 1 242 7 399 203 157 224 364 50 154 20 145 400 373 85 329 60 200 321 361 141 198 2 296 387 234 102 418 128 327 178 174 402 95 347 338 227 356 341 68 117 278 97 64 194 230 115 226 170 290 322 415 82 325 407 47 305 342 158 180 61 65 121 284 46 41 74 114 152 323 272 276 0 201 72 233 4 379 156 202 336 108 15 294 241 346 358 215 428 274 371 240 406 271 259 5 27 173 269 239 411 246 195 401 69 412 262 17 228 118 3 254 48 349 237 13 293 258 35 396 126 397 49 172 289 77 376 243 282 251 375 150 378 177 86 260 348 31 311 165 279 189 103 144 206 40 398 93 394 263 37 148 427 36 382 147 285 310 187 197 34 204 184 116 208 12 22 355 299 419 59 217 122 140 225 330 386 107 328 426 221 10 374 176 192 135 315 100 139 123 186 129 281 162 213 409 291 87 56 350 369 214 58 343 51 309 125 388 404 367 265 286 78 53 414 365 245 331 105 171 306 209 101 62 33 18 351 250 316 43 211 345 391 113 98 76 339 235 422 275 403 231 384 57 223 127 420 111 55 366 248 96 106 155 90 94 344 149 
TEST LEAKS 5 ARG:249 197 353 425 341 263 13 174 315 56 135 11 242 244 28 397 66 360 81 259 218 162 220 308 183 144 278 190 77 75 302 164 94 68 294 394 54 383 157 130 202 266 122 234 107 185 49 99 179 404 387 171 26 275 151 333 180 154 53 215 334 243 422 391 325 78 29 291 43 186 380 403 3 256 297 255 198 330 314 248 153 124 247 39 370 104 45 4 289 240 137 332 362 374 7 129 85 423 119 386 142 365 33 207 111 10 212 361 322 127 168 16 300 208 209 238 204 408 245 274 72 117 271 413 8 35 63 418 58 251 290 170 69 412 87 200 432 211 335 47 150 196 307 312 159 268 101 309 358 163 321 42 34 356 113 19 194 303 1 12 326 428 254 346 393 116 14 233 311 236 148 411 416 40 427 57 52 133 221 181 235 115 176 106 328 0 382 257 191 24 141 419 110 371 310 366 279 41 369 265 95 299 324 15 336 409 284 288 70 195 102 172 376 414 379 161 239 305 131 392 222 260 105 399 231 352 27 20 38 97 285 398 368 100 417 37 424 317 136 421 293 347 126 224 192 152 88 301 114 340 292 177 426 232 431 32 51 402 331 219 246 338 149 169 272 160 345 50 182 184 400 134 217 86 18 6 252 83 109 316 67 216 120 228 223 304 22 103 55 60 128 44 93 188 319 350 262 199 241 89 187 203 156 155 31 147 227 280 320 132 405 79 390 396 178 5 76 348 430 281 373 25 167 23 343 407 61 253 329 384 270 82 175 420 327 98 201 351 166 359 385 91 64 213 80 189 146 363 145 389 401 250 173 226 261 258 140 237 406 123 306 65 355 139 96 282 138 73 108 313 158 367 296 165 21 206 125 342 48 364 229 354 205 84 349 90 323 193 210 230 276 372 74 410 59 269 62 118 429 277 36 339 415 9 121 287 378 225 388 344 2 214 143 377 267 30 283 264 295 337 273 298 395 381 375 112 17 92 46 357 71 318 286 
TEST LEAKS 5 ARG:385 431 81 142 209 329 9 395 75 210 84 82 304 185 231 344 113 194 409 272 242 354 318 327 239 14 115 123 291 226 285 265 45 220 324 319 350 235 215 330 161 2 274 229 310 225 303 147 92 18 392 364 43 26 389 276 433 419 73 288 16 349 163 420 74 292 277 44 221 204 331 398 317 325 35 406 101 214 154 270 345 108 414 203 290 37 77 89 273 125 48 294 352 34 247 363 54 377 36 29 386 33 391 394 296 246 96 258 302 86 251 59 230 269 53 243 254 248 30 334 305 12 372 67 421 208 382 94 335 72 152 110 160 193 148 127 40 66 58 375 69 374 109 341 416 261 136 153 63 233 264 432 128 402 283 1 307 116 190 144 171 237 52 322 122 49 169 213 289 192 207 259 0 262 240 71 332 21 106 155 351 134 78 126 343 56 50 404 137 141 7 360 47 337 387 257 24 199 100 381 412 396 397 117 15 227 91 316 320 403 219 187 93 168 371 309 5 232 278 145 195 400 425 20 355 120 99 347 28 124 174 284 393 244 300 234 176 413 140 408 173 118 297 376 218 428 32 205 149 263 399 157 119 150 390 424 333 95 97 10 418 201 42 293 184 62 260 22 55 368 23 90 266 328 17 131 301 361 340 430 367 255 271 313 8 57 178 98 422 164 4 249 121 401 346 3 70 177 356 68 241 83 61 379 206 338 373 256 196 79 170 211 180 415 223 299 200 308 384 38 336 159 417 85 189 191 279 268 112 427 103 151 295 315 429 146 358 111 41 80 245 267 166 312 380 342 19 46 298 378 64 410 133 202 6 107 76 426 182 236 181 51 370 407 175 88 366 139 135 143 186 383 172 357 114 306 212 286 423 13 39 388 326 339 348 359 321 411 405 27 353 197 158 275 87 25 216 130 65 102 104 198 282 162 138 280 287 314 362 228 365 129 132 224 217 11 252 183 323 238 167 250 156 188 281 60 253 369 311 179 31 105 165 222 
TEST LEAKS 5 ARG:273 394 373 154 285 379 352 393 181 220 48 186 244 225 128 34 410 124 340 408 413 37 386 168 339 333 188 349 211 263 229 5 208 426 54 233 156 415 330 133 289 62 236 139 222 69 141 63 392 267 371 18 6 19 36 29 164 114 85 125 372 161 405 47 258 270 421 362 10 151 7 14 65 106 305 382 275 171 74 79 145 318 87 278 286 174 321 360 247 287 423 202 430 279 348 336 117 274 127 245 103 167 243 205 26 218 291 299 56 322 183 197 20 265 334 8 280 94 259 326 350 119 332 24 201 93 198 343 55 311 255 120 142 226 276 192 418 91 178 294 295 261 283 254 248 155 272 368 136 214 32 190 153 50 33 227 157 92 298 241 158 403 132 58 193 406 235 43 16 53 329 108 23 257 309 306 90 82 376 433 184 109 246 262 102 238 77 59 159 113 75 402 95 98 150 419 249 200 204 314 307 253 189 28 381 344 146 409 135 40 335 224 417 252 134 76 313 191 361 27 126 315 172 41 251 389 320 223 9 44 277 180 269 391 46 338 228 425 110 144 148 45 271 165 149 215 207 3 0 308 256 22 328 363 428 162 112 217 304 282 176 414 422 13 11 230 61 284 357 431 83 107 52 367 194 385 86 152 260 81 370 64 173 66 97 30 434 390 80 317 221 60 123 1 293 364 319 351 327 388 104 147 100 237 115 160 384 216 337 404 209 297 179 354 266 203 71 78 395 35 105 281 325 302 369 210 358 199 242 355 88 111 432 96 129 68 239 429 323 377 375 407 99 264 163 212 131 397 296 341 424 15 72 345 39 177 170 374 121 137 219 84 380 118 2 232 359 101 366 396 250 182 73 166 303 67 356 347 290 206 51 195 312 324 4 17 234 316 401 427 21 140 412 240 42 196 378 399 31 25 187 49 300 383 12 130 268 57 411 231 169 387 175 143 398 122 342 116 38 416 301 310 288 400 353 185 331 420 365 70 346 292 138 213 89 
TEST LEAKS 5 ARG:232 119 191 319 64 176 360 221 140 266 430 264 344 256 81 189 153 33 8 353 248 290 202 165 305 435 170 23 206 210 173 384 22 296 402 298 115 239 385 2 395 351 308 411 336 36 171 205 148 285 121 118 358 99 130 413 330 332 95 269 84 334 194 291 63 368 415 261 404 151 86 339 50 46 241 378 320 346 408 258 59 399 129 12 390 304 3 125 242 383 14 216 247 145 267 87 218 42 423 18 53 37 249 433 287 102 275 70 198 177 342 394 312 180 55 7 122 321 359 9 127 301 257 222 373 92 28 370 391 405 228 204 380 396 96 113 58 11 85 39 286 60 253 152 227 134 178 421 355 420 240 412 26 243 142 195 213 78 174 293 335 379 200 184 303 4 238 76 431 254 16 340 274 54 343 374 294 349 354 150 75 65 77 233 56 181 428 280 331 32 406 300 49 223 111 299 186 425 51 93 273 386 376 352 364 392 322 356 219 192 311 329 83 382 226 422 371 41 147 25 220 362 365 126 38 410 259 289 74 158 201 214 104 97 5 250 372 389 112 199 229 347 185 326 203 197 169 6 306 388 67 350 20 156 27 276 318 324 225 162 105 175 168 292 417 116 183 0 278 282 231 110 108 295 157 135 144 155 98 366 236 10 377 164 61 196 297 188 367 167 224 302 114 215 403 207 244 159 288 361 230 381 429 252 357 88 35 323 409 427 208 338 307 43 317 128 17 120 40 141 263 348 251 13 132 432 124 255 133 137 313 109 419 106 29 19 281 69 418 80 62 117 314 309 211 136 345 407 217 45 138 71 426 160 103 375 190 52 434 73 163 47 57 143 161 237 172 401 82 283 397 328 414 123 393 72 66 234 1 21 24 187 31 212 398 279 34 272 154 44 387 68 400 166 209 363 246 284 271 193 139 416 265 341 325 91 94 235 182 369 89 333 277 107 179 310 30 100 245 270 101 262 260 149 316 15 90 79 268 131 337 48 424 315 327 146 
TEST LEAKS 5 ARG:326 190 235 28 393 380 431 87 403 418 371 315 333 96 434 367 204 282 268 360 214 75 32 182 370 12 187 15 340 436 71 85 25 329 18 337 91 400 392 306 293 323 272 156 348 17 136 143 286 153 242 381 135 435 309 26 327 46 379 174 330 377 148 77 335 132 180 267 4 82 211 62 147 424 106 369 422 107 104 138 119 160 345 397 376 356 355 48 29 378 232 205 430 254 225 169 324 178 73 195 113 295 334 338 314 68 63 302 20 129 325 83 122 8 170 253 258 350 427 37 407 274 176 99 394 110 271 426 322 27 19 237 227 353 343 218 257 126 154 291 260 231 69 288 151 183 318 16 193 331 239 33 101 399 161 406 92 167 287 269 304 391 114 296 230 374 1 266 179 130 70 341 240 423 66 229 433 86 413 351 117 301 246 425 168 362 243 299 123 262 146 64 224 317 124 38 347 44 109 127 22 375 249 395 159 173 111 2 165 390 273 320 416 365 223 172 103 373 292 155 102 13 145 342 7 54 57 120 139 352 238 303 97 191 10 263 415 276 198 52 354 189 319 432 359 74 251 429 245 210 346 247 389 72 278 313 59 228 332 412 140 305 212 171 312 40 372 186 149 49 128 76 213 134 201 270 125 209 133 207 60 256 196 98 308 420 250 414 157 23 30 300 163 141 279 112 181 42 115 421 51 264 244 248 233 202 177 100 164 289 55 24 34 6 14 194 384 336 79 67 105 388 358 366 428 368 298 236 31 43 401 404 328 275 221 89 364 219 284 3 283 408 265 0 199 94 215 162 216 61 396 90 9 259 310 321 409 95 45 36 80 419 349 21 11 339 137 217 208 386 5 220 84 185 357 203 402 121 150 261 50 285 255 410 277 344 78 222 56 81 47 65 184 88 383 108 53 41 361 398 200 290 206 131 281 234 93 411 142 58 116 294 175 226 385 188 405 297 166 118 417 311 280 158 316 192 35 363 387 39 144 382 307 152 252 241 197 
TEST LEAKS 5 ARG:296 82 126 10 81 67 97 91 331 429 321 334 54 340 308 242 185 277 31 176 166 414 111 305 415 146 192 349 36 259 405 152 11 274 335 289 391 395 337 105 312 112 412 205 6 42 411 147 248 99 347 197 206 143 338 22 142 179 235 73 380 149 109 211 351 80 193 178 361 212 188 222 393 424 101 58 316 293 362 186 404 241 385 410 372 288 4 238 62 284 387 407 77 95 323 419 366 244 356 336 413 435 135 402 272 44 181 39 38 310 3 401 117 51 214 270 63 256 41 417 93 299 75 89 71 20 140 8 173 210 264 406 292 350 275 2 330 364 168 223 227 34 160 353 145 280 317 318 375 124 125 202 153 189 379 25 57 16 343 46 175 403 9 76 201 83 35 422 253 408 230 262 159 325 303 156 322 191 378 183 102 392 79 357 190 174 400 431 232 390 247 66 231 300 273 90 100 64 265 276 237 182 381 363 389 432 341 29 286 430 86 45 167 377 269 283 320 218 268 161 345 15 251 68 437 224 339 72 360 53 74 19 219 184 195 433 61 229 137 295 32 252 302 328 55 169 116 127 326 409 266 144 271 17 426 420 367 177 106 358 50 180 346 78 13 136 394 255 368 107 114 196 313 226 48 65 113 138 121 128 84 213 399 369 416 344 304 282 365 257 49 220 119 96 60 267 40 263 287 27 301 85 170 371 148 352 279 0 43 26 291 216 397 103 315 396 30 131 200 240 18 150 217 134 37 421 236 130 294 165 436 333 285 164 428 324 239 24 1 254 198 355 309 33 228 370 87 374 28 319 332 306 233 104 250 427 373 155 204 52 162 59 359 398 209 260 388 425 122 208 88 382 307 56 154 249 376 94 203 215 348 5 243 158 172 132 342 139 383 151 327 298 108 98 120 199 47 23 21 194 157 225 246 207 290 261 314 171 234 70 311 423 110 384 7 354 187 281 141 329 245 418 434 69 258 386 297 129 123 115 92 133 221 118 14 12 163 278 
TEST LEAKS 5 ARG:337 340 73 225 275 167 241 376 392 240 251 121 223 250 138 313 277 345 149 34 279 218 199 200 111 381 344 305 20 293 302 315 53 151 236 253 137 150 318 265 65 160 64 141 139 185 278 28 98 110 48 58 140 120 129 431 164 172 343 331 351 57 413 166 299 415 97 336 350 70 399 394 202 104 135 323 187 366 437 115 114 430 146 244 269 56 156 327 19 353 22 92 357 428 194 83 163 15 133 216 412 404 257 402 409 201 358 86 346 181 414 94 134 161 10 31 3 234 281 238 4 370 322 307 131 91 406 16 410 298 77 387 69 130 418 220 113 159 304 317 169 258 13 67 81 183 63 400 249 259 37 123 80 421 205 292 103 332 284 266 84 352 242 396 300 411 356 393 210 44 268 427 271 283 49 246 184 9 50 124 363 230 382 371 8 186 29 118 75 59 237 321 375 274 273 68 122 270 95 35 143 255 93 212 362 295 286 158 12 233 26 144 142 99 108 195 206 30 389 18 211 196 424 294 374 231 224 179 301 391 105 372 405 11 40 378 235 85 41 287 66 7 306 178 21 171 239 386 296 408 100 168 71 252 6 119 325 89 112 217 147 126 289 148 79 338 438 193 55 403 162 348 36 117 263 0 384 170 324 228 333 61 272 355 311 154 62 388 42 385 243 434 52 229 334 282 27 342 316 423 426 14 245 380 256 227 39 127 32 368 177 176 365 383 262 330 101 74 360 291 96 128 361 226 309 247 420 398 416 213 132 82 109 106 221 280 377 303 175 326 432 436 23 354 310 290 207 419 33 335 297 198 43 339 285 359 165 254 72 347 153 422 364 425 276 17 379 369 145 192 190 191 288 157 397 2 341 308 38 260 328 107 367 215 232 188 60 76 373 435 116 102 320 174 407 88 395 155 51 264 312 417 125 182 219 90 208 390 349 214 267 314 25 209 24 180 173 45 261 136 87 5 78 189 222 329 203 433 152 1 401 248 54 429 204 46 47 197 319 
TEST LEAKS 5 ARG:250 133 380 325 262 371 426 340 141 204 378 387 186 296 73 333 22 237 413 308 193 399 436 318 2 154 57 180 319 166 101 131 143 304 388 397 376 35 25 75 358 130 117 220 281 95 254 366 164 272 291 59 32 297 37 241 409 112 107 38 18 9 230 334 414 382 207 390 328 194 170 156 63 71 274 353 368 247 177 165 8 167 17 286 153 211 150 92 393 231 385 126 144 61 212 357 183 136 361 317 303 246 51 13 172 124 192 265 320 287 116 105 14 327 236 278 364 225 284 360 28 52 96 155 202 41 4 270 50 249 191 234 275 352 178 342 179 331 404 23 85 267 375 148 422 279 142 187 239 400 437 147 313 421 273 257 367 97 45 228 314 33 72 196 392 294 389 3 78 242 350 138 91 338 374 115 424 322 289 216 365 11 415 94 251 27 82 208 103 427 233 39 223 67 80 258 335 44 359 354 65 56 46 197 31 122 134 330 290 98 243 332 431 394 259 58 174 158 34 316 386 119 83 363 268 336 315 214 108 429 74 293 60 89 295 113 391 269 215 403 310 29 10 305 288 219 79 20 323 260 135 182 12 62 432 53 405 410 7 299 152 0 160 425 439 199 118 203 87 238 86 21 175 244 132 140 6 423 337 104 162 109 351 84 430 66 88 54 128 205 64 339 232 129 306 344 47 245 40 229 99 420 201 348 195 298 343 227 1 90 324 401 110 30 189 285 345 283 222 5 43 347 292 408 311 383 159 168 329 411 106 206 26 121 419 190 125 19 181 312 377 171 226 218 198 396 406 271 173 76 139 200 70 373 384 398 395 49 93 24 36 210 261 184 240 224 369 356 146 221 235 252 253 372 349 151 402 48 149 379 355 111 213 276 55 307 418 362 157 69 217 127 81 309 188 433 137 15 263 326 346 434 102 163 300 416 264 435 42 280 248 407 370 100 16 428 417 282 266 277 302 185 321 120 77 145 381 341 209 161 256 176 301 412 438 68 169 114 123 255 
TEST LEAKS 5 ARG:192 412 155 278 414 438 80 233 183 301 9 126 345 279 246 376 186 161 322 78 329 212 40 83 431 266 46 294 280 85 288 84 101 384 12 310 86 69 63 324 145 106 82 160 268 235 54 436 253 422 249 311 218 194 244 81 209 39 396 114 251 47 37 255 398 410 65 172 437 316 416 386 43 357 73 274 379 364 146 111 418 277 321 6 25 87 142 387 56 31 96 195 389 24 208 135 203 49 339 385 139 88 270 196 52 427 140 369 303 336 265 152 340 104 238 256 132 38 105 360 176 248 121 315 334 141 362 327 424 402 260 67 3 281 225 401 252 159 359 338 232 68 407 331 275 272 318 4 406 60 127 97 72 171 188 306 239 147 169 262 237 211 377 168 330 13 112 223 230 11 295 210 175 241 184 317 393 375 100 440 426 202 189 193 368 263 170 319 20 258 351 250 79 350 143 19 411 433 99 428 309 93 228 348 371 164 201 33 429 374 206 394 53 125 390 289 282 285 417 90 136 32 300 304 162 344 70 293 102 181 313 198 179 95 380 222 89 57 217 273 337 35 158 400 229 292 415 381 44 27 157 30 283 247 259 392 370 50 180 276 224 296 333 430 150 234 199 110 425 314 200 187 299 2 144 358 307 347 151 191 335 174 51 242 378 45 205 134 231 291 332 257 342 353 113 423 107 108 356 190 397 166 0 391 74 197 219 363 367 18 118 215 269 14 34 341 346 220 328 61 119 245 421 326 92 129 41 420 98 213 366 148 382 185 42 109 16 227 302 419 264 165 124 178 153 305 365 28 26 1 226 432 77 325 395 388 22 236 354 261 115 91 154 399 117 434 271 221 75 173 383 254 343 36 131 130 133 163 66 409 312 372 355 352 123 177 71 290 7 267 373 287 76 349 62 17 10 138 156 122 404 59 94 435 214 361 403 320 64 116 21 297 5 284 308 240 58 137 48 323 243 204 149 167 413 216 55 182 128 408 15 207 286 298 103 8 405 23 29 439 120 
TEST LEAKS 5 ARG:182 231 100 313 226 320 39 427 204 385 264 280 65 247 301 152 111 187 170 81 370 437 197 306 343 129 415 15 331 283 9 166 165 194 63 379 378 203 163 29 168 413 159 273 411 136 232 167 281 341 389 17 305 70 383 169 50 117 57 155 153 202 67 121 14 172 311 16 146 342 8 351 253 319 99 245 371 188 1 418 116 183 216 393 339 110 315 58 162 292 434 95 141 119 396 353 88 98 269 432 324 156 82 190 118 78 256 55 235 198 404 133 318 189 386 241 149 227 308 299 397 350 376 428 361 147 329 125 150 40 338 80 237 391 27 109 11 251 304 73 48 191 142 52 143 93 103 158 56 72 358 243 390 42 33 242 83 326 112 145 340 298 221 222 254 192 230 59 120 374 68 185 160 135 314 218 137 367 219 107 233 60 126 84 64 303 71 175 262 424 284 300 5 195 19 295 36 349 238 179 234 96 92 90 317 344 433 422 381 293 267 392 360 177 113 399 45 164 400 35 290 401 409 139 0 382 210 410 387 102 354 260 265 181 38 18 333 208 258 335 423 161 272 312 25 249 205 395 76 255 131 421 199 431 148 345 384 297 178 69 436 105 240 429 279 277 44 31 419 369 212 91 366 414 171 328 206 420 225 87 6 104 4 285 294 246 85 97 180 89 53 274 186 2 94 24 275 291 77 412 323 322 20 184 310 375 435 377 257 325 355 134 362 21 138 373 123 43 41 348 26 22 346 287 229 380 394 79 364 215 32 357 220 154 23 332 106 307 252 406 157 86 263 439 271 408 34 46 144 211 398 296 217 309 196 207 352 250 270 49 130 224 426 337 363 223 365 402 416 268 174 407 302 7 193 10 438 124 286 248 372 30 403 334 278 101 47 316 61 132 336 261 28 405 330 54 425 388 108 282 151 327 440 228 127 115 359 244 128 12 37 176 266 209 356 62 321 51 441 430 214 122 74 239 200 140 114 236 66 368 201 3 173 13 213 75 347 259 288 289 417 276 
TEST LEAKS 5 ARG:36 403 8 388 162 181 355 375 328 4 188 161 28 50 271 123 160 226 250 275 172 178 70 1 363 330 97 213 195 310 311 204 429 32 412 174 274 179 230 384 52 18 320 234 235 74 421 232 344 293 394 84 98 134 176 430 177 284 289 231 56 316 348 418 424 194 362 306 206 120 62 225 353 106 291 146 233 159 295 399 201 39 333 238 216 324 297 350 387 358 411 419 13 381 329 360 138 364 259 356 117 438 270 58 373 398 319 325 389 171 83 71 354 94 285 147 281 191 376 78 75 415 107 197 140 60 256 121 288 305 249 157 93 218 254 43 431 407 103 10 331 105 73 200 286 11 294 262 180 401 152 47 229 124 244 153 439 347 33 343 212 322 242 21 227 332 12 223 264 79 81 321 80 114 42 67 129 338 186 423 17 82 405 267 410 118 283 202 303 313 239 243 96 314 38 395 76 209 307 208 122 304 352 170 199 90 315 416 142 246 22 37 156 433 282 95 298 397 222 144 3 287 436 66 23 378 15 145 149 342 46 115 215 31 88 214 92 392 99 247 91 44 323 68 108 442 175 272 6 61 339 409 408 125 173 30 64 20 237 57 258 312 34 49 236 41 390 53 130 112 151 393 192 248 184 290 136 40 104 369 167 299 210 127 261 279 135 379 86 374 382 155 24 280 441 183 345 77 241 302 402 110 428 158 309 14 368 361 150 266 278 25 65 400 404 48 276 417 308 425 166 16 154 5 372 164 296 391 277 113 132 335 224 437 141 196 383 165 85 69 371 182 341 26 63 257 349 19 336 72 432 327 198 317 414 139 7 55 169 245 29 386 385 168 334 337 427 346 9 190 203 252 51 137 365 440 116 185 396 133 220 255 111 163 269 89 340 265 119 2 193 189 370 101 109 292 102 273 100 59 422 219 420 406 35 143 128 359 148 260 263 357 0 268 351 45 240 318 366 326 377 228 434 253 207 187 221 87 367 426 131 301 435 413 251 205 380 300 211 54 126 217 27 
TEST LEAKS 5 ARG:74 249 404 231 257 68 124 76 395 286 119 424 416 100 273 389 143 206 311 279 11 188 105 112 140 390 96 331 221 193 192 363 301 425 133 27 92 440 90 201 357 17 220 385 431 407 123 194 139 356 132 320 226 250 212 170 408 0 308 115 412 127 432 365 183 50 106 181 82 230 52 429 309 435 310 1 350 84 409 393 253 288 402 267 7 25 386 400 46 61 413 314 316 367 79 234 442 44 325 401 337 179 13 306 240 292 317 156 32 145 147 198 410 327 351 31 151 176 210 66 111 20 2 3 247 349 149 340 251 51 322 10 129 282 218 377 24 202 48 374 189 200 372 423 303 428 97 414 443 114 108 155 70 232 160 261 422 343 436 394 266 216 284 73 6 434 161 37 214 300 65 54 211 255 264 324 41 121 85 137 262 321 391 103 329 118 42 173 45 23 95 102 238 323 326 305 148 184 168 291 269 245 396 120 56 182 426 290 236 332 399 130 370 369 362 18 40 421 152 141 222 275 205 348 285 383 289 427 296 8 418 30 12 439 387 341 354 33 237 175 126 116 417 259 62 392 136 91 101 334 187 375 217 246 239 57 359 16 336 146 195 89 315 223 22 209 55 330 15 235 131 384 353 281 388 47 302 433 171 229 157 125 381 177 154 361 276 53 346 80 21 110 243 430 254 191 242 405 272 252 241 144 398 138 164 203 29 352 437 347 299 248 278 165 204 364 185 244 150 360 312 9 93 77 59 158 318 14 134 63 178 304 38 373 406 186 283 376 328 307 60 107 219 190 415 135 411 256 166 88 109 208 366 142 64 113 104 196 268 441 265 293 263 380 49 83 71 397 117 199 19 87 342 207 39 153 438 213 313 78 297 225 227 233 5 172 72 180 34 169 58 122 319 75 86 271 99 26 344 163 355 81 358 67 128 270 339 335 215 382 274 28 294 378 345 368 287 419 197 43 224 258 260 174 371 379 280 338 35 98 403 159 167 228 277 36 420 162 295 333 298 69 94 4 
TEST LEAKS 5 ARG:89 441 128 412 13 366 26 331 426 215 421 211 223 345 160 124 14 53 434 409 432 299 226 248 390 56 182 83 420 263 382 59 364 256 35 129 442 149 116 407 356 388 238 115 267 4 293 186 81 92 221 229 104 107 416 139 144 146 357 131 292 396 334 21 365 199 87 33 217 208 303 413 140 204 402 155 117 210 102 261 94 76 137 77 295 37 163 367 398 15 278 384 257 371 216 406 281 378 296 188 222 265 255 400 64 242 397 79 270 207 266 433 32 51 196 392 183 290 42 70 218 39 253 383 178 415 118 153 154 36 72 269 122 10 126 80 8 307 7 264 57 202 279 362 143 298 387 429 324 431 28 16 47 410 394 236 121 329 71 300 152 113 58 189 385 308 112 247 166 297 313 173 319 74 233 101 338 260 197 323 161 440 99 120 330 9 41 325 231 82 1 311 97 239 234 258 348 151 29 179 347 355 349 220 244 78 425 377 403 424 350 372 320 327 341 285 193 130 176 125 11 237 375 174 389 373 175 428 314 241 427 443 249 340 302 60 273 419 435 332 414 5 335 232 169 245 326 360 23 138 391 198 43 353 336 205 262 134 145 304 235 18 354 381 55 105 190 98 259 63 88 321 84 165 363 315 159 66 401 280 110 405 75 164 213 333 246 133 436 69 30 361 147 287 150 370 168 185 12 268 228 31 62 45 171 240 111 22 250 73 379 103 301 40 399 177 271 343 157 423 251 337 393 25 283 206 2 417 430 203 369 135 243 346 291 109 288 141 162 44 322 119 316 90 277 100 48 114 411 68 274 376 317 91 219 142 305 214 276 17 52 167 191 339 170 418 344 195 187 352 209 318 184 180 225 86 224 93 123 67 172 306 50 49 342 374 24 34 132 65 148 444 282 380 54 95 136 395 312 275 108 289 181 19 294 6 437 254 310 46 192 230 359 328 309 439 96 284 227 422 3 38 27 158 20 194 212 127 408 106 252 200 358 404 201 368 0 351 386 156 272 286 61 85 438 
TEST LEAKS 5 ARG:240 289 424 213 53 311 125 334 332 265 267 369 187 137 287 80 429 387 393 49 18 331 44 232 355 75 113 7 115 173 324 110 443 108 143 69 279 313 79 326 363 305 445 200 323 259 227 14 133 253 160 294 96 120 403 309 194 428 321 31 260 131 151 404 38 262 91 328 82 148 278 83 172 239 302 342 420 170 66 426 168 85 258 37 273 380 340 162 238 286 98 229 13 391 264 210 250 350 406 205 130 317 389 189 226 220 16 101 167 95 407 39 48 45 196 410 157 372 145 129 231 127 353 144 42 430 67 70 333 216 299 193 139 440 236 214 444 138 211 201 427 375 114 30 233 358 290 329 221 88 257 32 35 197 81 344 140 215 298 90 434 230 386 291 65 147 34 373 397 270 439 271 296 244 269 190 343 284 4 86 436 171 263 315 247 124 300 318 142 166 107 3 378 135 237 346 165 43 297 246 361 371 59 76 117 198 72 141 179 182 188 191 352 381 285 184 414 223 322 419 203 163 388 154 442 345 438 100 316 8 303 183 390 109 415 12 71 384 41 268 56 266 306 251 282 292 402 5 23 312 359 293 283 6 366 111 416 243 254 204 54 24 252 121 255 370 68 245 36 423 177 409 50 84 106 181 119 21 178 360 405 102 437 207 152 28 225 164 395 413 235 356 93 153 159 175 26 219 22 433 217 379 186 52 281 94 128 1 310 382 60 185 339 272 51 401 222 169 92 362 234 46 73 77 47 156 435 327 276 150 112 418 105 241 195 392 55 199 357 249 74 242 17 202 347 146 176 25 399 248 161 228 149 180 126 377 208 422 319 411 87 11 174 206 314 396 256 304 261 158 122 425 431 218 288 78 10 64 338 336 351 337 212 0 295 367 376 368 277 9 58 412 400 97 134 61 421 394 383 354 325 330 348 307 320 274 136 374 89 341 2 385 308 155 103 27 40 118 365 116 441 99 104 123 209 33 192 62 398 349 417 63 29 57 275 19 280 335 408 20 432 364 15 132 301 224 
TEST LEAKS 5 ARG:50 372 266 224 361 215 359 192 13 35 57 418 52 136 191 195 107 160 292 441 236 366 204 171 436 67 137 152 428 279 149 79 307 352 21 100 283 30 395 157 293 114 68 382 169 1 147 412 182 2 63 299 29 203 247 230 163 343 99 434 206 46 5 3 56 219 390 76 411 83 200 278 262 245 421 398 423 132 117 368 12 22 376 362 405 394 111 54 347 373 23 47 40 161 154 302 197 419 360 272 218 268 407 214 313 290 217 227 178 435 244 210 233 280 276 348 159 301 317 168 153 355 322 235 140 252 254 237 397 374 344 58 425 142 33 383 75 255 320 103 433 226 64 432 53 306 312 122 4 213 319 314 286 277 341 131 85 375 410 328 139 27 381 101 261 39 20 106 308 327 367 71 38 430 199 346 185 62 70 109 378 14 263 242 162 431 177 69 388 135 427 403 87 332 241 32 400 260 133 120 127 379 81 97 48 116 196 304 221 417 121 303 231 265 350 183 105 345 90 271 321 115 291 45 356 172 41 28 246 264 190 61 119 234 414 201 324 250 281 259 396 339 399 273 74 184 0 310 386 19 424 216 389 357 402 391 326 150 167 443 92 364 144 342 444 173 145 96 95 392 228 78 258 220 240 129 72 113 337 17 15 110 104 143 298 358 318 24 146 270 151 126 446 125 9 18 384 363 288 351 284 385 26 251 84 66 8 43 179 256 426 156 170 232 287 370 371 225 393 401 194 189 180 166 338 148 248 134 209 253 422 36 442 377 88 329 6 128 82 108 330 249 305 300 94 365 73 102 130 238 205 55 59 208 198 316 369 187 174 37 86 155 202 437 294 16 158 334 211 336 141 207 349 186 335 34 408 333 65 413 415 311 44 175 406 181 353 42 31 269 25 331 275 138 282 297 445 118 80 212 340 176 296 124 380 112 440 354 77 243 89 91 193 416 315 429 409 257 285 60 387 222 165 295 267 239 10 188 439 325 438 98 123 51 223 404 309 274 289 229 93 420 7 164 11 49 323 
TEST LEAKS 5 ARG:86 18 244 202 397 91 99 87 411 107 176 181 179 380 223 46 277 396 24 57 167 415 349 356 206 375 352 182 385 198 174 377 264 273 313 191 105 104 146 274 152 376 220 126 180 392 278 252 82 407 414 435 164 39 48 188 79 199 112 325 113 72 432 115 43 301 7 272 229 284 288 338 177 394 205 195 316 95 348 438 266 71 67 365 240 161 123 85 373 347 354 157 64 219 88 235 306 426 304 98 287 30 358 83 341 212 398 256 94 336 249 289 281 382 265 36 90 178 357 317 381 0 422 170 41 60 350 21 355 401 51 445 214 368 440 290 63 237 141 49 44 243 47 213 142 22 322 367 116 443 138 58 402 27 135 251 386 129 169 439 133 217 444 59 224 3 74 421 16 318 436 430 13 433 393 125 300 101 117 409 42 221 103 26 332 428 162 225 369 442 342 73 321 193 282 296 250 80 315 447 119 228 137 148 364 344 226 197 183 334 76 427 34 140 387 108 423 405 32 23 337 234 158 297 259 194 261 9 420 75 52 218 145 298 247 254 173 446 128 312 122 400 366 28 360 207 210 81 89 263 45 109 302 253 106 270 333 403 209 390 55 351 5 359 236 69 11 291 437 329 330 136 410 275 434 293 319 78 371 118 201 185 102 186 37 93 292 378 204 131 54 246 294 153 150 171 238 303 172 279 283 56 280 425 384 328 343 120 2 353 417 92 187 68 77 308 222 416 305 211 1 404 335 192 295 165 239 111 299 255 4 276 362 327 363 19 40 227 388 413 160 190 285 15 286 441 230 231 84 38 331 203 175 323 307 269 346 314 96 216 154 324 65 147 14 29 242 383 61 389 130 233 33 424 309 151 144 267 245 168 200 391 408 257 10 310 159 215 110 62 340 66 372 139 114 121 35 412 163 184 311 166 12 399 345 127 17 143 25 155 260 320 406 241 189 97 8 370 149 20 232 196 6 50 374 124 262 361 53 100 418 70 271 379 326 395 429 156 268 134 208 339 258 132 248 431 31 419 
TEST LEAKS 5 ARG:382 368 68 26 134 275 363 225 279 190 254 268 377 133 117 398 239 360 73 378 62 304 296 288 281 126 305 102 383 189 142 424 381 183 196 245 230 433 309 437 147 60 447 75 332 372 105 38 82 261 438 170 282 34 355 226 7 371 244 385 199 320 187 341 295 191 5 91 8 129 394 302 90 182 185 112 159 52 140 152 66 11 135 9 143 397 326 72 345 256 416 430 333 114 87 3 419 236 342 184 352 80 258 79 306 408 364 81 314 310 12 298 109 53 379 139 269 319 400 83 195 6 198 131 356 228 446 358 300 25 120 203 362 387 284 334 432 252 317 353 100 329 291 67 321 0 293 222 221 354 238 20 370 158 39 276 425 153 396 312 57 413 181 173 18 262 232 85 176 403 172 217 308 19 150 440 167 248 155 42 168 240 180 259 118 399 448 445 55 401 380 29 197 273 50 175 94 146 366 263 110 123 44 17 315 347 204 37 21 409 241 270 171 420 388 386 212 339 178 343 78 93 443 46 89 99 210 13 36 272 327 286 132 429 290 97 23 405 348 407 128 303 56 103 119 391 375 216 2 418 439 330 157 76 338 151 15 234 311 124 43 390 435 31 208 431 404 154 70 255 227 294 202 287 417 359 278 441 16 444 207 108 206 410 274 127 200 246 111 201 63 331 28 285 49 186 88 219 101 138 307 235 224 40 165 65 58 54 266 179 344 164 422 357 243 33 335 251 156 237 149 130 51 346 141 340 373 393 215 144 174 77 193 115 209 414 96 436 402 32 122 374 351 22 322 213 69 145 116 313 367 336 316 41 106 169 71 148 27 253 249 45 95 271 47 229 48 10 194 250 283 92 166 411 365 24 428 162 265 121 277 205 328 223 301 188 412 318 289 297 389 350 64 406 104 323 59 30 192 161 160 361 98 14 337 136 434 214 421 220 257 395 384 423 415 242 247 324 218 35 349 74 233 231 442 84 299 113 177 325 376 369 280 163 267 211 4 86 137 426 264 427 107 292 392 125 61 260 1 
TEST LEAKS 5 ARG:292 318 37 435 178 142 164 248 220 311 126 361 345 175 320 433 390 305 400 241 297 215 207 347 99 172 22 132 421 426 423 168 230 365 143 1 288 52 323 334 30 145 34 402 78 245 360 380 158 329 238 79 167 129 362 177 370 249 147 377 411 328 385 12 335 418 196 445 333 253 436 340 290 410 127 382 174 146 268 234 199 210 69 26 138 247 416 131 337 82 58 394 128 338 57 364 198 252 133 159 213 298 50 107 28 54 306 111 325 401 15 228 357 70 113 137 373 171 154 371 395 310 293 42 273 200 376 336 303 212 93 321 415 353 317 49 192 244 386 3 193 304 279 218 84 414 266 206 448 313 60 153 149 100 355 44 122 275 442 399 74 67 8 20 315 341 312 352 271 366 209 274 72 205 184 229 270 92 256 104 106 348 64 447 281 35 81 29 203 379 420 258 227 260 27 296 10 265 216 140 119 31 208 0 160 125 41 166 440 404 59 388 139 246 387 257 368 367 105 91 62 261 237 90 161 73 51 259 152 300 110 162 211 85 98 173 89 222 19 114 344 214 179 446 94 45 314 408 438 66 389 396 429 235 25 223 195 163 77 264 239 39 117 262 181 182 23 63 43 18 46 330 87 369 224 5 47 121 289 384 6 136 21 197 397 232 356 202 33 251 130 201 250 243 148 55 32 86 392 309 419 144 186 413 299 176 286 56 231 441 403 96 155 358 233 36 431 449 351 443 308 393 103 284 185 13 16 217 188 124 151 255 302 326 319 439 109 226 294 80 116 349 372 242 102 83 4 322 295 170 422 9 221 191 95 53 194 291 169 307 157 187 40 427 189 405 406 263 375 342 61 407 301 327 134 225 11 398 115 68 180 424 331 219 437 346 359 269 332 324 383 150 240 120 283 48 76 165 108 272 24 343 236 432 2 123 14 425 374 430 282 434 412 287 444 278 277 135 38 316 7 339 101 417 350 363 285 97 75 378 88 156 267 71 428 204 183 17 65 280 381 354 112 141 254 391 118 276 409 190 
TEST LEAKS 5 ARG:335 130 367 320 76 280 289 423 32 297 39 256 193 429 178 232 337 370 84 341 394 131 191 215 154 146 275 31 356 382 113 255 28 285 431 386 87 333 95 437 142 1 74 181 317 85 273 229 20 91 291 139 61 204 153 64 225 119 45 284 271 185 136 140 208 180 73 361 435 418 213 54 425 411 30 51 252 377 49 123 352 21 374 133 349 321 120 103 276 249 258 57 4 292 371 114 359 37 357 421 137 402 436 52 44 207 118 11 121 108 407 398 23 200 199 206 236 41 263 9 93 417 233 427 117 347 348 158 179 302 56 405 283 216 438 107 260 198 309 408 272 224 205 132 16 428 338 388 334 159 102 246 259 156 340 189 150 128 313 442 22 244 12 79 195 38 143 393 350 277 329 10 219 58 169 226 92 254 381 209 238 42 125 343 96 419 106 194 303 443 262 78 60 135 173 134 105 306 66 414 168 26 439 111 218 299 164 230 222 315 248 196 174 124 312 145 176 390 217 7 396 89 82 336 80 62 293 364 288 144 112 387 104 449 316 17 231 391 75 109 65 412 35 212 152 172 43 163 242 141 53 432 358 19 47 269 34 88 304 392 373 360 8 161 314 324 401 237 24 116 157 433 240 251 110 90 406 211 147 129 282 446 424 235 245 0 268 328 310 410 55 48 375 295 351 376 345 149 286 403 2 220 182 307 221 430 127 166 243 5 201 15 323 389 184 420 366 397 404 227 14 450 46 33 447 279 327 99 331 413 267 305 98 426 203 197 3 448 274 27 342 308 138 332 160 155 445 83 298 416 97 369 301 188 81 210 187 383 170 190 287 122 257 441 400 266 192 241 311 322 59 36 40 296 177 247 362 330 94 384 202 186 385 77 13 300 409 223 29 319 363 70 250 354 228 6 261 339 326 165 346 151 234 372 18 344 72 175 270 162 281 239 67 101 50 214 265 379 264 434 399 171 353 290 294 148 115 69 25 395 365 422 167 126 86 278 444 253 380 71 440 368 325 378 100 318 415 183 355 68 63 
TEST LEAKS 5 ARG:28 288 158 435 103 188 91 150 196 2 284 444 156 446 340 64 439 197 33 15 30 368 305 376 320 327 259 431 415 45 179 105 396 167 177 310 230 348 436 374 71 106 62 247 426 110 165 97 204 300 166 357 104 274 413 347 255 411 249 38 287 350 152 157 168 324 416 386 326 114 307 279 132 276 1 34 253 364 407 311 76 41 315 128 72 367 325 126 169 67 186 248 397 200 229 86 147 232 334 78 195 192 174 379 295 224 260 101 56 211 142 335 48 365 93 375 265 138 257 23 52 423 242 3 50 268 187 282 95 299 316 227 429 51 208 412 149 178 225 372 219 437 447 70 433 20 440 314 328 373 313 409 394 414 27 267 202 14 135 309 148 450 53 371 85 351 245 294 421 296 401 389 308 395 176 44 231 218 318 353 322 306 183 443 212 151 270 337 252 112 102 185 75 402 269 141 332 361 403 381 123 9 8 293 356 0 419 244 43 264 63 125 99 258 172 26 366 59 226 109 49 428 292 213 36 79 424 278 298 108 303 180 92 42 302 339 408 451 83 201 418 21 40 146 39 297 84 445 263 341 359 330 173 370 162 136 422 319 280 22 425 171 54 387 273 349 312 19 194 342 94 363 234 391 25 96 346 323 119 285 400 199 304 430 271 203 137 164 144 206 31 175 427 13 122 256 390 107 388 65 275 262 207 29 6 117 385 47 239 5 210 184 354 120 134 24 18 161 286 145 281 317 116 405 235 37 118 100 217 434 88 74 345 438 377 243 113 277 89 238 382 61 399 68 60 378 448 155 182 380 163 215 160 250 7 355 181 442 417 290 432 222 121 190 130 344 58 420 35 98 410 209 384 283 159 254 266 127 55 301 189 236 11 4 237 73 383 115 143 80 82 291 233 343 333 69 246 131 261 154 321 81 191 90 369 336 360 392 57 46 133 214 140 66 153 393 228 16 352 441 329 338 129 205 362 111 193 449 358 240 220 251 198 10 32 221 406 170 12 124 17 77 404 398 223 289 331 216 241 87 272 139 
TEST LEAKS 5 ARG:27 140 335 164 115 261 440 71 328 131 231 384 410 418 188 57 3 180 144 339 257 371 277 179 248 167 451 406 51 77 154 254 419 381 173 152 25 233 362 278 151 200 448 322 431 86 262 136 232 447 290 264 30 306 33 101 16 330 148 19 223 11 329 449 128 342 20 300 23 1 190 58 344 15 386 323 53 270 250 438 110 196 104 203 47 158 209 395 229 18 137 397 400 35 202 129 267 118 314 192 422 107 189 143 90 240 393 114 133 69 252 81 212 282 228 347 80 377 0 426 259 4 132 302 313 287 100 294 54 169 325 350 283 48 305 338 78 251 391 216 75 230 242 87 404 120 201 255 239 354 316 36 227 145 441 376 178 388 134 183 211 436 311 141 123 93 177 437 49 62 378 382 443 39 274 105 361 155 417 385 310 428 21 337 22 368 253 218 7 336 135 373 409 42 26 444 175 127 130 295 299 416 296 375 402 427 59 14 359 96 413 320 435 425 317 243 213 32 235 197 304 403 340 45 124 41 172 206 199 122 272 109 273 434 194 215 12 349 163 407 318 424 116 95 28 420 245 244 268 364 6 221 383 433 37 147 432 312 321 291 346 297 319 363 165 226 99 44 369 222 333 399 405 265 156 366 286 162 292 275 60 61 50 29 324 119 66 73 79 442 247 182 46 412 205 355 186 38 74 289 185 411 345 142 380 372 445 138 24 389 374 234 117 68 56 351 260 111 157 423 430 82 246 88 97 334 191 353 67 125 288 92 10 64 348 40 387 452 365 72 139 429 343 150 390 184 34 63 146 113 360 256 415 195 149 13 309 303 187 280 308 176 398 112 5 392 285 352 421 83 301 269 379 279 394 408 219 65 160 281 94 332 326 89 9 171 276 249 414 210 446 102 2 166 307 106 70 84 161 238 207 76 181 159 236 85 98 43 439 193 204 315 91 266 198 108 126 224 220 298 214 263 153 358 396 401 237 341 170 293 55 31 327 450 367 168 52 331 357 356 241 174 208 17 225 8 103 271 121 370 258 284 217 
TEST LEAKS 5 ARG:190 407 176 152 39 155 368 112 430 192 346 352 244 77 418 82 67 79 328 32 14 341 296 422 168 271 291 129 243 148 99 194 215 331 231 446 440 293 406 408 256 252 17 288 432 208 379 42 62 221 338 280 214 23 327 278 81 441 419 322 126 262 295 159 424 370 337 6 30 45 375 53 122 340 200 323 334 236 94 66 420 350 297 259 249 85 339 111 8 96 254 307 361 184 445 264 373 28 333 145 311 197 450 442 320 225 189 38 317 71 75 405 376 11 342 171 326 141 92 330 89 212 237 369 416 206 21 135 29 392 33 452 285 282 437 166 35 304 100 154 435 104 302 74 354 163 387 48 93 381 344 182 372 69 423 211 54 300 366 50 247 162 150 0 143 216 153 58 403 167 31 161 26 109 409 138 385 59 229 97 76 383 413 396 217 274 57 149 415 426 213 269 298 186 210 218 108 56 55 114 449 193 209 281 448 12 411 374 41 110 70 20 78 203 219 49 412 394 195 308 428 306 356 223 181 268 230 158 136 228 7 290 172 444 234 22 24 27 260 417 25 343 43 80 207 365 105 169 336 384 325 91 398 65 316 205 321 310 87 178 301 238 397 68 389 425 191 263 106 34 414 61 63 16 170 431 19 312 124 401 90 119 294 273 139 173 156 404 335 177 226 305 272 107 232 72 447 137 367 319 2 95 98 289 443 185 359 132 299 9 314 270 395 113 224 180 255 127 313 250 324 204 277 357 410 235 10 275 400 4 144 258 377 427 183 434 239 240 174 201 47 117 402 329 198 103 52 131 142 267 246 292 130 360 125 284 15 64 121 453 123 349 128 242 303 46 151 371 118 393 279 147 390 363 378 116 164 102 347 199 196 429 388 37 253 60 73 160 257 265 355 286 391 157 351 438 134 315 358 451 86 399 101 202 251 146 332 120 188 18 309 227 84 187 382 421 266 287 433 241 83 179 1 386 3 439 165 276 261 88 353 133 245 348 44 436 380 36 345 362 13 115 40 51 233 364 248 140 220 175 283 222 318 5 
TEST LEAKS 5 ARG:280 24 201 400 29 79 76 74 384 240 365 23 194 439 192 417 132 319 372 106 395 367 90 356 125 398 94 360 85 265 203 32 195 371 233 58 207 331 247 310 67 428 397 98 197 39 139 68 320 86 135 11 177 297 153 250 174 266 118 302 228 63 148 354 389 111 146 81 419 186 321 432 208 270 375 214 364 126 399 57 91 15 441 78 313 149 448 14 408 317 37 73 414 102 303 416 425 131 316 259 129 388 117 435 359 288 137 213 368 338 130 88 205 46 276 16 121 75 345 33 167 17 49 77 56 108 60 161 281 100 437 190 261 453 404 348 170 92 444 232 279 277 184 325 357 308 318 407 119 7 107 350 454 326 202 373 301 337 198 20 298 31 3 216 336 156 436 256 433 252 292 248 10 82 271 322 278 243 295 275 231 440 394 390 226 335 183 241 393 423 50 95 191 168 294 157 134 406 311 287 196 99 89 141 212 342 116 133 120 218 123 284 113 442 140 239 353 182 224 206 323 340 47 53 255 333 254 258 415 362 8 290 69 351 28 260 410 349 221 392 180 358 2 34 446 285 418 217 1 283 48 363 87 12 291 97 147 144 305 0 438 166 59 169 193 159 344 55 244 104 51 211 103 234 334 36 405 45 40 267 223 52 143 219 235 13 21 181 30 329 296 264 26 154 209 249 71 109 383 225 355 22 352 403 327 385 272 309 282 160 431 257 386 421 449 122 434 80 251 452 70 6 430 422 215 145 9 332 300 188 396 115 164 185 72 451 402 41 124 378 171 110 229 43 152 172 27 96 443 246 366 328 187 315 61 293 162 299 369 112 151 25 245 424 227 262 210 411 64 273 105 5 150 83 420 380 230 381 445 204 307 450 42 304 269 391 387 173 426 238 401 237 330 343 136 38 268 324 382 376 286 127 220 62 312 253 361 66 128 339 114 413 155 200 427 347 4 142 379 289 101 163 179 176 199 263 409 158 370 165 54 189 306 44 84 175 222 346 412 65 447 138 374 18 341 178 35 236 93 19 377 314 274 429 242 
TEST LEAKS 5 ARG:154 317 201 326 306 24 68 22 192 429 291 272 158 98 312 278 264 108 16 423 169 330 270 208 421 386 285 162 125 136 117 301 448 140 390 70 257 50 176 188 307 58 396 440 77 159 452 183 80 217 15 182 168 157 141 244 401 106 316 225 287 347 425 189 171 33 224 156 151 234 449 193 83 235 248 365 422 247 261 327 294 332 241 204 202 122 134 72 255 357 341 266 191 281 288 445 417 6 292 438 135 405 415 354 173 4 51 385 53 185 203 179 69 7 63 319 355 372 87 110 303 139 271 21 280 18 49 187 349 240 103 27 407 222 413 432 263 116 371 144 250 12 164 170 447 8 434 290 233 443 129 381 397 368 358 163 277 427 205 410 160 256 373 335 367 2 313 9 112 252 297 416 131 293 190 132 113 253 333 127 298 126 267 282 426 186 30 444 74 239 174 389 284 161 111 55 218 107 13 130 152 199 88 91 400 283 220 430 428 305 336 269 17 364 450 71 384 94 118 96 81 101 342 56 361 339 380 85 314 138 351 196 121 19 275 148 155 356 59 398 363 212 207 453 143 147 276 133 62 246 105 437 67 337 115 120 38 167 441 89 315 249 418 454 37 0 177 262 286 47 237 340 209 32 104 146 344 238 299 219 65 395 79 402 343 14 75 102 40 324 99 259 184 245 45 377 273 226 328 142 5 308 302 392 268 360 435 46 254 1 338 274 424 362 442 433 86 295 379 439 320 243 200 210 231 388 455 242 61 260 3 28 251 409 149 84 221 82 54 31 145 175 289 178 10 321 229 329 393 214 359 414 114 57 325 23 403 323 228 230 436 198 369 73 383 394 376 408 374 166 29 411 60 348 64 404 232 194 92 150 215 366 95 76 352 420 26 172 322 353 43 180 66 25 128 345 406 378 265 42 124 236 197 346 300 446 451 52 20 119 311 78 216 370 90 318 48 100 431 137 331 375 213 419 109 382 334 123 223 412 304 309 391 93 97 41 211 44 34 181 279 206 39 399 11 310 258 153 350 165 296 387 35 36 195 227 
TEST LEAKS 5 ARG:116 69 272 151 383 417 320 386 454 325 321 429 388 30 97 24 141 108 336 94 105 359 252 357 259 246 158 71 214 337 74 232 309 430 387 122 165 360 57 411 425 446 41 14 126 64 40 46 420 152 266 213 399 310 55 231 211 106 35 163 340 180 234 345 431 405 29 85 327 284 295 363 456 148 86 449 378 43 219 68 133 432 262 201 9 453 379 415 120 111 174 329 394 352 277 182 366 435 82 253 365 27 292 77 247 179 301 110 254 348 238 243 115 322 424 215 181 440 93 161 196 285 370 6 308 356 28 128 318 52 11 49 416 7 153 155 228 178 268 408 73 75 377 101 25 26 400 256 303 225 302 410 162 376 334 235 0 384 237 20 65 332 1 294 406 315 220 385 67 83 421 395 72 289 44 130 392 261 194 260 323 184 319 135 224 382 396 177 190 170 139 375 433 369 208 311 270 265 154 236 419 168 131 147 448 290 21 198 443 159 112 19 142 90 371 455 273 423 250 223 166 84 203 17 428 251 344 347 212 10 47 304 451 444 372 54 278 267 313 3 317 249 48 312 100 80 134 58 413 200 216 197 264 192 2 4 136 8 217 427 172 186 185 156 31 354 78 202 193 287 271 367 362 32 89 221 441 191 114 37 233 92 164 103 63 401 96 316 56 157 283 188 351 76 368 12 422 5 439 138 98 34 171 140 269 218 447 91 297 335 398 452 118 144 210 445 53 314 149 361 257 127 124 402 109 373 145 121 403 426 409 390 258 240 173 70 412 374 38 274 324 113 117 299 226 397 349 326 330 293 102 129 450 95 143 286 123 39 16 199 187 160 442 380 255 205 393 119 241 364 176 239 296 206 434 339 404 353 146 189 62 45 306 15 343 276 132 99 195 13 307 79 104 358 22 42 169 281 59 355 407 288 50 263 341 282 338 230 389 204 229 23 222 242 418 66 207 60 87 245 183 381 125 209 36 275 305 436 391 328 33 137 150 298 248 107 88 437 300 61 167 331 333 244 175 291 280 227 346 342 81 438 414 279 350 51 18 
TEST LEAKS 5 ARG:251 50 10 355 271 45 236 144 44 18 258 25 39 156 62 421 222 426 181 52 206 169 22 373 308 186 338 138 5 249 401 129 414 296 254 324 54 117 93 130 125 442 110 217 363 293 122 329 168 287 158 349 173 111 375 120 199 90 413 437 333 9 36 404 244 399 102 6 46 64 319 334 75 427 431 95 405 104 357 352 58 391 101 443 410 409 109 162 339 147 394 310 146 396 297 282 388 226 170 105 335 275 116 317 412 82 314 424 402 3 193 148 96 292 425 31 322 91 34 94 61 57 121 392 66 457 140 76 406 263 386 423 372 180 376 446 139 13 283 164 212 63 207 428 225 288 178 209 210 136 313 366 403 351 370 330 415 19 382 436 241 358 298 182 371 106 179 150 200 368 238 174 407 267 98 239 141 294 203 228 325 395 213 37 269 171 41 416 49 51 205 55 11 261 389 354 300 202 332 103 318 176 142 265 284 165 30 383 114 448 380 73 384 151 92 40 12 346 20 0 135 450 247 211 70 320 341 145 452 74 408 364 340 280 435 328 115 214 393 291 88 161 188 350 1 69 344 444 264 359 277 24 367 417 153 260 137 185 177 321 86 268 434 400 79 342 303 232 257 439 356 387 216 262 235 278 28 360 16 221 29 455 250 131 374 167 71 83 365 285 184 252 154 385 331 21 215 255 347 97 108 307 430 447 187 323 379 172 305 242 230 87 157 143 223 240 65 420 126 336 67 418 390 112 220 306 441 149 100 26 246 438 219 301 99 454 17 343 289 369 315 68 113 155 23 204 42 299 123 231 89 48 128 312 107 127 32 451 229 397 195 290 327 353 295 163 33 281 14 398 227 85 345 233 377 361 237 337 191 196 259 166 348 27 378 47 8 80 192 81 201 316 43 253 304 218 35 279 72 270 7 272 198 456 445 433 60 208 453 429 419 432 422 245 38 59 326 134 273 190 286 132 118 4 449 77 381 234 159 78 309 53 302 440 274 256 194 276 152 15 119 175 84 2 124 189 248 133 160 311 266 56 197 183 362 224 411 243 
TEST LEAKS 5 ARG:359 327 368 32 216 131 111 191 164 259 104 190 241 372 346 263 286 313 406 331 298 315 389 23 202 127 444 5 356 180 63 102 363 414 244 443 450 457 210 306 186 118 43 442 225 229 257 378 411 115 73 135 384 33 251 88 31 317 304 125 167 305 434 279 323 345 217 204 36 49 12 245 93 404 337 400 234 109 82 272 399 431 126 297 94 365 158 189 15 54 318 169 394 409 224 264 456 382 342 19 99 132 84 58 145 402 155 124 157 142 277 34 78 129 165 360 137 198 413 248 173 230 338 136 261 451 171 407 441 336 300 358 211 437 379 454 312 116 179 421 154 341 188 41 52 325 440 330 328 64 324 22 178 153 262 14 75 458 455 138 353 235 367 428 134 366 362 418 170 420 405 282 316 38 357 187 156 50 152 321 240 232 144 445 197 110 53 105 448 11 256 275 238 44 370 1 13 380 103 185 289 430 388 446 163 172 412 425 355 166 77 398 339 293 287 147 301 408 377 86 278 288 68 309 207 21 55 423 140 17 260 426 67 250 61 291 349 2 193 20 292 143 237 8 72 222 246 373 376 223 16 350 69 106 333 285 319 302 391 85 101 206 117 203 30 91 268 290 112 66 273 56 35 281 174 108 364 114 410 57 283 361 344 351 239 329 96 392 62 387 196 199 182 89 432 184 284 60 348 254 383 227 76 220 271 433 417 161 177 429 447 218 26 236 438 7 422 83 296 242 121 322 212 65 200 51 6 354 40 150 201 168 42 213 10 149 183 139 252 4 299 233 92 205 214 176 374 401 403 146 29 449 128 340 37 395 97 243 249 79 0 98 311 45 326 308 375 269 3 397 266 274 90 151 295 396 219 452 95 209 436 70 87 247 267 46 119 307 427 270 113 215 28 133 221 343 334 265 195 47 385 148 255 276 228 74 386 81 280 314 18 310 320 435 122 208 48 175 100 120 24 25 393 130 80 369 141 107 194 226 335 123 181 39 416 231 160 352 59 371 381 258 162 9 419 294 303 424 71 439 159 390 27 192 415 347 453 332 253 
TEST LEAKS 5 ARG:212 236 451 246 305 365 432 230 6 250 66 177 452 214 420 298 48 262 134 360 352 187 224 252 198 268 379 68 243 329 94 5 101 228 117 277 49 434 229 314 297 78 411 362 422 7 2 209 395 139 433 191 254 176 37 61 375 244 423 409 232 456 179 174 354 312 304 86 279 118 40 26 239 10 291 42 76 153 261 218 417 259 334 231 338 350 351 376 182 441 357 197 103 105 18 265 412 162 404 390 144 367 21 113 164 401 449 275 294 382 12 93 149 141 215 81 79 132 133 425 158 216 29 345 200 116 85 34 369 430 3 276 435 15 377 322 104 301 266 36 335 108 30 381 96 325 249 69 399 413 46 415 300 43 172 387 90 307 183 445 238 167 358 281 52 75 396 59 321 156 439 410 1 39 166 142 271 171 393 310 165 458 299 227 72 20 51 318 349 286 419 186 328 178 272 359 240 311 154 190 192 332 98 348 448 221 406 9 284 169 35 87 446 147 22 263 33 333 380 204 316 431 64 323 173 226 203 296 330 67 111 194 273 92 442 124 386 128 384 185 368 211 120 112 370 0 136 44 193 270 450 253 289 343 70 62 267 57 241 140 371 17 374 389 71 114 414 383 8 109 65 150 38 143 363 213 235 302 125 199 138 346 189 77 208 428 63 60 407 196 32 287 319 217 308 137 437 237 256 73 397 416 25 398 372 421 245 313 159 119 392 438 146 155 403 80 324 56 444 100 161 242 278 282 260 97 257 326 274 288 28 340 160 47 175 31 457 181 19 255 309 293 223 151 443 74 170 126 459 188 58 115 220 145 53 453 440 205 378 27 202 130 163 408 54 355 306 180 207 251 55 248 454 424 364 23 373 123 292 184 269 135 95 88 45 14 121 168 222 127 341 84 264 366 400 225 280 13 11 91 342 283 436 107 356 353 426 331 233 129 247 4 317 427 110 99 327 234 385 41 339 206 405 290 219 152 447 16 195 50 89 102 455 391 361 82 210 201 303 258 106 148 337 344 394 388 315 295 83 347 418 157 429 131 24 402 336 320 285 122 
TEST LEAKS 5 ARG:370 64 328 159 221 200 42 382 114 242 4 45 134 281 330 411 47 408 57 369 237 133 85 245 12 271 137 306 101 154 441 216 307 407 434 99 139 393 329 116 236 378 257 191 91 251 213 143 449 331 195 417 205 392 315 16 54 129 353 162 323 347 71 261 308 24 219 41 280 429 223 249 311 435 184 157 110 246 248 298 11 252 354 424 151 389 265 445 303 180 274 351 17 113 379 326 426 387 233 337 286 150 287 206 304 446 349 302 168 419 322 439 19 368 339 106 343 374 253 0 189 67 240 9 43 312 77 105 276 442 33 76 372 362 62 357 401 459 431 80 88 190 130 295 345 438 309 2 291 427 211 458 217 376 423 115 95 244 218 23 305 342 210 335 356 107 209 313 448 418 66 31 204 81 300 239 234 433 49 359 350 247 273 320 294 444 56 296 397 403 416 412 220 53 301 207 398 344 174 10 34 40 395 214 120 451 231 277 457 212 229 193 348 381 432 185 396 169 373 25 188 7 360 103 413 97 232 125 52 224 108 51 118 21 58 384 238 255 167 288 78 153 86 243 65 84 327 428 225 332 410 112 285 390 82 37 83 404 250 3 92 256 361 179 175 278 319 440 358 289 148 135 222 74 310 194 183 166 272 172 365 73 268 437 262 20 275 325 176 228 39 338 121 199 140 421 264 201 198 46 367 89 292 450 138 270 436 94 430 269 391 75 127 293 443 334 132 44 123 355 147 55 400 145 156 377 104 380 215 454 340 324 202 321 60 409 35 318 36 422 50 142 263 346 165 316 363 161 100 402 388 333 96 128 173 18 177 68 22 227 425 117 182 124 131 93 28 48 259 63 317 6 163 5 299 452 14 111 102 141 453 171 1 160 196 8 90 197 297 187 59 267 122 146 405 203 70 447 241 158 341 26 366 230 72 385 456 98 266 208 258 136 192 69 336 181 27 399 254 235 186 371 87 109 420 155 30 314 284 386 460 279 126 119 79 164 283 352 29 290 170 394 383 38 260 15 226 144 414 149 152 375 455 61 282 32 13 415 406 178 364 
TEST LEAKS 5 ARG:247 287 344 227 393 286 34 248 166 183 201 429 33 292 151 28 152 388 83 361 169 428 278 259 420 44 411 461 63 67 318 266 136 99 222 434 386 260 237 186 72 213 88 168 328 31 102 277 314 193 75 376 236 156 167 355 48 325 194 101 254 458 20 296 66 131 164 189 59 452 435 283 234 198 92 303 272 379 444 160 340 427 108 456 147 25 6 350 197 413 192 409 177 251 441 103 302 240 35 307 253 85 322 206 24 204 114 459 23 405 9 45 32 174 137 377 73 53 403 291 149 214 224 157 12 246 58 390 431 447 216 56 89 407 329 158 0 436 313 46 18 162 308 97 242 257 13 421 250 100 175 336 432 346 326 301 219 124 173 4 263 36 321 370 267 112 290 202 178 348 454 146 426 356 120 200 389 179 5 55 220 275 310 26 293 323 398 349 276 285 218 104 79 422 8 380 358 385 30 295 231 330 378 184 440 87 161 430 230 196 406 113 297 117 249 29 359 443 264 21 14 128 288 235 382 404 304 365 448 383 268 450 143 187 414 180 15 255 93 141 446 327 271 312 384 140 424 438 181 306 324 10 342 122 315 245 309 457 229 366 155 439 172 148 118 139 182 270 11 154 399 305 392 351 74 449 91 52 289 273 238 311 239 80 50 284 396 107 203 159 279 109 22 96 294 223 205 132 37 394 387 455 343 453 269 363 228 69 316 226 171 341 98 195 274 70 68 425 170 76 57 176 90 345 317 191 372 38 451 338 281 397 115 95 209 127 357 111 347 400 339 43 84 188 298 16 27 282 3 1 299 7 381 150 369 395 335 331 417 65 41 2 144 126 77 81 142 42 47 39 371 217 261 373 133 129 19 71 119 353 360 105 319 337 243 78 244 116 445 49 402 40 62 408 320 212 135 153 332 252 415 437 110 423 221 125 412 134 163 391 233 419 190 416 241 352 215 367 61 86 64 60 401 138 123 262 17 374 210 258 145 410 106 165 232 368 364 199 333 433 375 185 121 82 300 418 442 130 334 207 54 225 211 94 265 460 208 256 362 280 354 51 
TEST LEAKS 5 ARG:297 188 273 126 241 318 404 434 229 424 331 339 22 58 10 400 405 351 75 450 337 79 202 177 411 166 134 329 66 36 133 407 352 92 263 346 143 40 144 235 324 383 422 57 420 174 72 106 196 198 340 97 169 70 89 462 186 397 315 412 216 377 223 20 448 15 167 225 30 421 348 21 122 155 391 128 107 139 44 287 403 290 417 211 283 265 415 227 215 459 264 95 429 285 294 399 7 125 164 11 456 165 140 43 410 428 132 73 259 299 219 151 203 236 425 27 146 355 398 84 187 444 47 103 12 114 212 104 24 357 218 431 267 449 341 115 441 251 214 375 161 204 445 53 135 344 74 260 358 451 54 242 56 205 51 195 374 320 78 347 393 394 182 338 94 369 296 239 185 359 245 328 392 364 64 402 45 150 395 105 312 291 108 333 432 145 121 382 321 343 430 88 443 156 124 460 38 302 278 409 414 220 179 440 46 111 206 350 435 6 362 154 447 173 26 280 149 314 175 255 380 427 181 370 87 313 39 379 270 69 234 224 243 366 252 281 172 8 356 332 295 189 309 436 68 454 327 184 2 158 323 453 365 190 406 28 137 0 390 99 378 258 120 176 461 266 316 152 322 17 222 384 131 62 197 16 23 442 138 446 416 401 207 194 50 63 279 210 41 217 1 98 354 102 163 178 319 119 85 418 170 110 81 136 276 261 61 226 289 368 342 298 129 330 91 277 162 372 60 237 31 147 213 100 325 326 426 292 272 310 34 274 387 231 208 9 49 19 284 376 228 240 183 301 55 288 159 300 130 249 101 275 200 253 396 209 303 4 76 458 230 439 457 408 153 42 244 192 171 248 123 193 388 33 438 180 304 25 117 191 256 250 77 381 353 86 389 367 293 65 423 247 317 14 32 437 37 452 308 35 271 386 221 29 305 127 90 93 168 13 82 262 311 59 306 433 254 349 419 282 238 18 3 160 201 5 336 142 371 360 116 141 286 233 363 96 257 83 246 345 334 307 118 385 67 361 48 455 109 413 373 232 71 335 80 157 148 52 113 112 199 269 268 
TEST LEAKS 5 ARG:321 130 146 137 96 430 79 304 186 377 344 422 325 429 267 231 163 8 368 216 273 53 132 56 175 150 351 404 247 323 129 457 21 70 124 425 278 203 108 379 314 347 316 4 51 118 95 143 389 178 242 289 433 235 43 55 115 154 234 356 170 148 432 346 16 158 223 406 265 152 220 49 153 239 428 253 138 160 200 226 296 318 176 112 380 270 189 60 27 64 136 26 110 369 180 187 300 366 427 450 48 69 47 76 350 142 13 403 135 173 91 443 107 211 84 93 284 255 37 46 191 151 423 102 144 1 165 453 105 168 57 122 219 254 90 445 338 195 61 241 385 421 42 50 213 345 197 71 301 214 394 89 82 431 392 73 72 367 341 62 161 419 14 331 106 397 447 352 224 333 177 372 78 157 196 75 286 348 398 446 221 444 85 97 6 159 66 309 275 87 353 317 302 408 18 39 463 145 184 19 244 334 210 268 411 169 280 128 199 308 120 171 395 86 439 303 215 264 441 371 156 181 58 25 386 205 94 297 166 417 258 29 327 149 426 288 233 188 374 32 461 271 272 20 236 36 360 294 357 204 119 266 452 435 382 198 361 322 416 193 117 261 365 328 418 307 202 399 332 126 402 222 354 269 172 183 424 415 274 401 209 458 337 434 312 287 243 147 384 240 460 262 263 260 462 3 319 324 298 454 185 217 355 370 11 451 41 229 12 320 437 109 277 68 131 257 101 44 456 134 30 310 311 104 123 276 63 99 279 246 83 45 250 140 438 208 436 285 155 38 281 174 252 103 412 295 167 125 2 396 227 59 74 448 251 420 391 305 194 7 207 80 54 363 218 0 407 383 190 293 65 201 326 299 28 121 249 9 77 232 330 362 162 17 113 212 440 339 449 133 127 259 342 376 413 373 442 114 292 139 81 225 22 335 390 100 141 228 15 52 23 358 230 315 31 414 313 40 10 88 375 329 192 459 283 98 182 410 111 67 237 409 256 34 393 340 455 336 388 381 405 290 359 33 306 248 343 116 164 179 24 387 282 245 291 5 35 206 92 400 238 364 378 349 
TEST LEAKS 5 ARG:19 289 124 10 147 32 197 179 241 311 328 369 173 284 251 21 154 317 390 203 319 38 87 276 425 407 322 201 418 421 51 246 31 114 410 157 174 402 365 75 159 393 14 442 111 74 316 170 323 368 444 283 108 191 387 219 80 77 125 90 33 256 130 412 169 101 354 339 52 82 172 456 306 41 434 364 207 331 446 238 171 66 204 449 215 281 105 202 443 247 83 427 345 148 165 13 341 229 348 135 28 352 401 270 384 321 168 127 76 245 273 210 376 451 62 225 403 67 417 290 297 338 358 453 255 457 373 226 242 262 47 139 336 248 100 143 91 294 188 69 189 144 53 236 415 120 360 119 57 146 211 116 59 381 12 406 158 205 56 234 149 15 183 110 20 320 414 94 102 432 70 349 375 436 366 409 361 11 73 185 419 337 177 195 291 278 458 216 222 71 408 150 439 214 342 253 411 259 206 224 438 95 27 340 187 372 429 287 385 176 58 261 455 186 356 313 117 79 42 318 367 140 413 228 227 1 254 161 99 309 121 395 39 212 334 428 300 35 374 346 132 389 377 315 447 54 136 112 122 282 423 292 113 175 463 128 416 295 6 199 275 37 63 330 218 326 379 441 163 430 137 4 305 324 448 16 25 397 271 362 325 45 293 353 68 50 92 461 86 30 221 36 17 258 193 459 344 308 383 312 106 351 392 133 160 307 29 235 269 97 162 450 264 166 433 198 131 252 46 272 424 454 192 462 277 34 400 302 155 26 304 391 103 0 220 310 314 394 388 288 268 382 118 286 299 398 196 9 142 141 72 164 370 285 343 350 98 88 84 85 200 43 357 355 279 445 3 452 178 257 266 440 404 156 265 240 153 329 8 64 123 232 40 49 22 2 65 263 335 437 208 61 399 109 250 405 44 107 138 243 167 182 89 239 296 181 396 301 23 60 435 420 129 24 151 18 5 7 426 134 359 48 230 380 223 217 190 78 237 180 115 244 378 184 422 231 81 104 249 126 152 386 55 280 347 260 96 460 363 464 233 333 145 327 332 209 303 213 194 267 371 298 93 431 274 
TEST LEAKS 5 ARG:5 85 442 308 299 249 183 92 139 230 176 441 125 279 44 219 114 452 241 271 244 358 161 430 77 360 457 204 342 354 146 266 134 455 226 436 7 361 68 164 463 401 429 374 124 103 33 399 169 17 305 4 240 105 288 72 181 304 268 295 54 336 403 355 302 259 95 21 458 147 246 419 409 162 14 346 49 298 364 48 213 3 306 215 400 398 47 75 151 102 112 41 285 123 178 69 218 206 30 233 177 379 282 262 435 132 420 180 108 276 454 86 189 256 385 425 199 101 338 248 40 464 82 198 225 190 111 170 274 116 196 272 432 404 334 224 117 155 118 378 303 391 311 185 80 307 166 315 376 397 390 456 179 107 337 157 53 465 37 174 239 208 275 18 389 88 145 0 229 287 144 243 293 187 422 330 45 232 51 363 120 220 319 171 269 323 386 122 412 143 195 450 56 149 59 428 197 408 231 286 34 459 152 119 283 251 434 165 210 431 222 426 278 100 326 212 35 160 332 221 372 290 172 255 175 191 36 1 113 193 254 235 413 121 447 216 109 438 127 322 440 252 356 424 345 23 373 60 347 133 309 66 263 50 462 158 284 31 380 61 188 184 316 359 328 65 87 96 247 55 19 365 29 58 294 396 90 10 89 24 217 368 461 261 201 79 81 76 392 64 340 333 453 136 313 211 242 6 383 281 159 93 417 130 280 317 445 296 141 388 382 137 394 270 73 38 70 163 26 415 168 203 348 327 250 433 349 325 289 28 321 377 335 329 411 128 418 153 460 202 167 16 234 369 25 352 115 110 406 135 13 71 267 192 339 194 63 344 20 84 260 437 405 205 209 83 371 258 207 320 43 353 448 393 9 387 324 104 97 357 444 301 362 236 449 148 310 74 410 11 350 292 370 318 264 381 78 27 341 414 245 416 228 182 42 366 99 427 52 22 384 351 238 142 140 62 129 451 223 375 8 395 200 273 265 237 98 300 314 46 154 257 173 277 367 297 106 150 407 214 39 421 91 32 291 15 312 402 57 423 67 12 331 446 138 94 227 2 156 126 186 253 443 439 131 343 
TEST LEAKS 5 ARG:309 67 228 340 97 60 84 242 102 152 203 263 190 261 91 196 14 430 165 249 63 240 466 414 223 435 191 83 177 145 114 111 200 118 291 193 58 281 319 307 96 387 140 393 320 86 432 282 174 317 219 139 404 293 403 286 437 246 230 88 459 225 31 149 24 312 209 39 401 71 329 301 21 116 168 215 50 395 462 275 1 151 217 33 397 163 130 109 8 410 44 187 434 267 441 178 280 68 359 428 237 38 407 371 304 172 59 361 447 210 402 376 390 399 290 69 266 451 113 252 310 354 413 442 181 206 173 30 268 134 66 122 11 236 440 337 258 433 350 115 5 13 22 121 229 323 454 380 232 104 253 110 95 324 34 392 271 369 128 137 287 150 352 351 343 262 15 373 445 381 431 37 108 327 62 201 126 216 285 103 389 259 382 272 336 135 284 260 35 409 144 153 415 358 40 79 10 326 213 214 362 183 436 368 154 107 0 72 224 143 363 370 322 82 45 85 77 179 254 197 54 366 357 264 356 425 334 186 42 155 138 64 274 235 270 386 256 330 250 78 171 233 374 41 47 364 89 335 255 406 162 417 146 26 377 244 460 400 305 20 195 204 384 245 125 318 279 446 375 192 342 429 158 132 53 247 456 332 207 175 101 73 46 464 199 48 243 9 112 133 80 123 453 450 180 385 344 23 394 289 81 408 127 383 295 308 306 18 422 353 231 141 448 106 405 131 90 188 444 185 348 99 4 412 157 355 164 418 269 378 419 292 331 241 346 105 234 167 465 124 239 176 313 438 339 129 238 32 55 226 76 398 170 296 443 347 221 222 300 426 12 294 49 93 278 17 189 449 299 227 159 288 27 156 182 338 388 416 461 74 365 136 100 65 396 457 198 452 379 391 463 411 220 298 314 427 161 328 169 19 92 455 341 56 276 265 70 360 321 75 29 303 212 277 218 248 6 87 98 52 273 208 148 372 315 57 43 202 184 325 28 439 251 205 7 119 166 424 2 316 421 302 142 345 120 36 194 423 211 94 297 458 117 61 420 367 3 25 51 333 311 16 147 160 257 283 349 
TEST LEAKS 5 ARG:94 444 204 220 97 258 253 104 121 176 222 213 293 64 354 139 33 181 460 294 203 99 316 126 131 95 145 66 329 310 179 400 320 80 215 408 124 318 457 173 194 135 256 210 363 4 422 421 453 463 92 100 333 416 295 245 55 362 165 41 147 398 158 140 331 366 436 465 314 395 63 101 364 383 178 373 389 107 75 76 149 15 183 393 446 19 166 223 347 251 281 254 265 138 433 170 187 420 375 130 239 211 342 72 358 378 324 42 263 429 13 230 240 250 23 123 266 417 302 307 112 399 159 369 249 282 113 205 109 56 387 37 332 252 409 185 47 291 226 355 394 229 336 292 244 283 374 268 273 190 442 392 459 43 289 45 102 6 17 24 192 212 462 372 443 388 79 411 365 337 328 8 317 128 118 38 74 62 157 167 288 70 54 437 71 232 353 50 39 237 376 73 452 21 40 380 311 86 18 343 105 415 51 224 91 9 22 407 406 29 7 447 334 284 20 60 243 85 301 432 305 162 78 106 323 299 69 49 428 242 150 68 259 44 83 195 5 88 381 431 197 161 274 11 182 234 306 455 330 96 141 449 327 208 321 247 26 32 27 156 188 160 339 255 269 209 367 412 424 371 146 391 132 396 377 193 248 458 59 279 340 439 448 397 154 360 127 241 454 309 445 413 53 405 403 451 57 382 134 2 168 262 275 120 152 114 348 164 217 48 233 103 276 386 379 456 322 125 3 35 186 171 246 202 189 1 464 137 419 290 119 271 227 425 426 115 77 67 36 219 225 206 14 199 196 357 296 264 235 344 122 46 361 177 303 98 144 312 172 82 346 277 298 117 148 110 313 390 10 163 108 466 304 368 257 350 359 175 267 349 231 300 287 31 438 385 430 370 280 84 427 286 16 52 65 58 169 89 351 30 61 326 129 272 200 414 401 155 270 207 418 341 236 142 218 191 285 450 461 467 352 404 180 198 402 201 153 335 174 228 434 111 338 308 34 319 325 384 0 221 28 216 297 12 410 261 278 441 356 90 151 238 345 116 315 133 184 260 81 214 143 25 136 93 440 87 423 435 
TEST LEAKS 5 ARG:40 339 96 279 427 192 157 181 316 219 46 59 154 122 38 399 250 258 194 299 48 97 282 45 416 223 129 393 74 188 422 22 87 326 312 30 407 272 444 381 66 163 368 349 358 293 23 443 73 19 401 264 175 375 209 266 116 265 182 453 121 348 294 51 24 302 451 158 50 78 28 275 183 178 308 253 212 132 301 309 197 357 284 353 21 150 37 93 241 248 108 137 419 289 227 133 215 68 208 449 454 412 170 327 254 206 356 460 345 199 442 340 251 193 270 311 161 141 257 380 452 315 331 171 123 79 119 2 285 259 335 398 13 434 7 34 92 146 71 438 221 4 425 354 256 102 441 109 201 246 318 5 211 307 382 0 233 169 271 313 115 213 426 166 376 189 459 95 440 244 149 421 177 53 297 222 90 176 317 255 118 290 415 394 462 269 164 281 287 52 86 106 153 165 385 3 291 89 205 404 267 392 360 336 405 15 25 54 295 29 127 371 6 173 20 286 325 230 36 455 328 204 186 62 113 330 314 114 377 342 435 70 228 414 159 238 195 112 420 283 151 406 300 337 124 235 168 65 202 84 76 98 44 322 152 216 278 107 57 82 456 242 413 9 142 439 232 17 110 388 320 136 397 140 41 374 185 447 67 324 352 395 362 184 130 167 32 198 72 229 14 179 148 245 187 260 261 432 436 343 364 390 303 75 160 11 347 117 234 373 403 402 428 367 196 329 321 236 424 207 417 372 47 35 94 431 88 437 27 26 369 139 191 296 237 63 252 400 464 225 458 172 365 410 409 378 461 220 346 334 91 384 31 10 100 268 103 85 467 387 386 273 39 134 305 200 433 126 81 468 49 370 210 143 128 319 396 64 145 155 180 156 56 379 383 80 344 361 277 16 276 332 77 217 323 247 240 350 411 105 99 135 466 162 288 446 274 111 448 445 226 120 231 174 249 391 60 147 190 292 408 243 423 310 355 304 359 341 263 280 43 55 144 104 306 61 131 298 429 214 363 463 8 18 12 203 239 450 366 465 138 1 33 218 389 333 224 430 42 58 418 351 262 125 69 457 83 338 101 
TEST LEAKS 5 ARG:120 324 171 266 288 247 209 123 274 363 397 101 122 401 167 190 64 394 310 198 153 66 281 3 215 205 376 82 71 426 166 378 402 6 454 160 36 244 392 411 449 232 188 346 325 113 76 245 91 303 11 342 18 29 253 72 293 271 370 146 204 344 425 404 372 117 286 226 155 157 94 455 26 347 214 84 154 318 216 55 302 15 7 51 14 199 228 380 431 19 429 328 289 97 436 62 285 329 377 28 139 135 137 133 185 341 354 202 292 276 191 427 374 27 109 9 60 275 236 227 280 124 316 358 333 2 74 206 37 68 262 145 210 331 114 1 193 375 63 130 194 269 340 58 322 38 339 469 17 110 417 255 424 369 445 172 434 45 184 239 152 238 230 127 80 67 433 24 393 287 371 77 381 53 147 295 419 365 348 181 151 203 176 437 86 8 390 468 32 311 320 102 0 265 22 385 233 116 229 264 254 279 442 428 414 300 321 263 96 391 50 13 466 34 61 270 314 416 156 165 234 107 317 170 42 21 423 132 277 283 284 412 432 447 290 467 326 20 259 224 420 81 360 413 441 16 87 168 272 438 260 307 200 134 299 221 112 177 305 353 350 403 144 246 129 104 128 395 361 273 217 439 31 355 261 158 56 25 159 41 73 249 334 453 248 356 108 195 349 52 142 367 294 443 257 389 396 105 398 386 304 268 458 35 119 43 312 12 161 138 368 282 178 298 174 332 78 218 93 23 364 335 297 69 186 452 192 173 315 382 30 54 140 301 278 296 100 450 126 362 44 65 400 136 435 225 444 222 337 118 451 79 323 115 49 359 46 10 421 175 336 313 90 83 267 131 409 345 446 330 379 220 85 459 235 251 207 70 306 357 457 4 387 383 223 57 89 258 410 456 463 384 164 99 180 408 98 240 366 422 33 103 243 95 308 121 418 148 92 59 150 448 182 241 162 465 319 169 179 250 125 187 415 407 106 462 40 163 211 219 242 440 48 111 461 212 197 88 149 183 237 327 196 208 464 430 309 399 291 256 460 373 388 231 47 343 143 252 189 75 338 5 39 352 213 406 141 201 351 405 
TEST LEAKS 5 ARG:10 284 233 388 356 91 14 421 275 447 170 1 16 222 59 57 67 264 244 148 135 276 285 228 431 77 175 370 96 348 117 30 420 283 335 145 40 470 256 298 379 306 118 54 87 140 414 241 396 2 255 210 336 274 345 245 216 254 390 346 46 103 359 218 433 410 215 296 273 416 13 328 238 93 277 295 464 232 112 11 179 62 403 152 312 307 425 367 151 110 7 305 373 63 406 3 398 430 349 202 237 304 98 389 308 73 239 263 458 136 251 20 343 347 450 187 204 153 270 281 4 368 6 394 463 262 318 278 380 248 113 85 351 332 127 166 261 168 340 252 154 353 258 300 360 288 32 409 418 321 27 384 209 139 71 323 282 197 79 126 111 36 272 408 78 242 439 405 310 235 66 339 199 440 122 250 115 181 329 56 180 97 260 134 193 415 100 432 392 132 108 72 358 361 371 290 125 163 292 99 382 156 387 133 313 320 102 137 466 131 130 205 25 39 315 316 444 195 259 83 74 64 456 317 309 397 424 146 220 399 302 9 223 101 324 201 311 314 142 165 33 12 322 445 352 391 240 423 429 426 81 104 176 49 123 70 86 194 60 185 357 22 268 422 53 257 75 48 207 37 84 198 467 460 128 448 337 226 234 319 120 451 94 214 177 395 95 293 44 326 203 144 21 354 461 236 372 407 286 26 457 34 401 455 52 221 341 105 438 28 208 143 299 35 213 211 376 178 162 88 196 441 191 92 330 454 459 243 17 363 271 411 377 364 42 375 8 90 287 106 29 393 174 160 89 338 355 206 150 402 225 119 229 19 449 267 294 47 230 190 82 43 50 41 68 325 342 224 297 158 280 138 289 327 333 469 369 381 303 435 183 24 383 366 419 141 386 249 365 116 247 362 465 350 61 468 31 192 428 55 171 147 374 227 404 291 443 169 231 344 452 80 189 172 159 434 266 58 301 65 45 38 269 436 15 253 200 217 155 184 446 212 427 279 182 385 69 51 417 23 331 453 186 462 114 400 124 129 219 76 161 334 188 378 149 265 157 109 437 5 413 0 107 442 246 18 164 173 167 121 412 
TEST LEAKS 5 ARG:23 471 340 227 102 154 86 403 85 15 372 418 333 259 111 94 12 243 162 54 402 386 78 455 376 66 449 144 110 119 135 128 303 184 238 336 362 35 148 143 65 59 38 367 361 436 129 186 183 75 215 245 425 334 260 316 394 442 197 103 72 199 389 114 68 364 236 177 57 92 264 448 289 166 388 149 413 69 123 306 157 63 80 272 195 70 382 417 445 188 414 30 274 454 304 296 198 269 46 34 279 246 87 323 56 24 355 283 464 311 25 131 205 437 265 428 412 432 14 422 338 426 101 287 392 62 393 77 196 385 266 71 141 383 256 134 384 387 21 302 254 232 270 112 331 84 261 179 365 321 380 282 263 290 107 250 235 171 231 268 5 233 89 280 140 366 212 206 44 330 76 90 463 91 181 53 18 168 320 435 82 341 202 187 1 255 457 222 305 39 377 343 27 322 438 312 375 391 10 317 182 151 410 17 61 230 139 407 451 52 368 226 350 332 153 192 237 161 291 363 121 415 138 337 100 292 189 466 193 325 156 26 108 146 169 209 395 145 241 165 115 401 29 297 465 351 152 88 150 225 458 37 160 6 8 4 278 344 459 216 167 301 28 19 405 158 423 83 49 411 33 373 398 309 43 98 210 252 404 99 295 67 11 95 433 248 2 117 420 47 217 50 104 262 113 200 443 36 211 109 360 229 118 369 468 96 244 191 136 408 258 446 353 293 328 324 298 257 327 348 453 194 147 469 221 326 55 467 13 247 132 441 16 347 207 219 314 460 51 271 125 276 175 452 32 97 234 164 273 42 41 106 431 300 421 58 126 374 116 133 450 64 319 190 434 48 81 427 3 45 60 201 284 399 406 379 223 285 176 339 286 329 159 130 214 142 174 275 79 22 416 342 370 267 240 224 127 447 74 7 218 242 0 396 335 204 354 40 419 281 470 315 249 397 381 299 180 93 137 352 371 390 277 20 31 253 203 294 307 228 357 345 208 440 424 310 356 456 213 173 178 400 313 359 444 318 251 349 220 429 358 439 73 430 122 172 461 288 105 462 170 185 308 120 409 239 163 378 346 124 155 9 
TEST LEAKS 5 ARG:355 296 54 62 151 326 192 236 194 414 368 430 211 297 259 349 445 144 249 451 93 275 68 201 102 411 155 252 464 337 327 159 447 99 402 428 277 66 351 70 233 328 220 323 19 279 146 108 462 435 399 217 10 310 112 163 128 357 76 61 455 353 406 202 41 459 235 143 245 154 184 439 449 374 232 87 294 131 219 472 424 276 18 148 285 175 49 101 325 25 396 120 335 208 116 320 224 133 80 166 345 223 215 7 92 118 2 50 180 40 361 350 409 230 95 423 287 446 319 138 385 123 20 119 47 321 363 443 343 91 248 373 46 383 429 314 339 164 197 198 378 4 212 417 282 313 11 372 422 34 438 213 179 261 78 35 272 140 456 122 347 468 53 203 381 299 354 387 463 51 400 407 98 267 306 404 170 228 410 416 379 24 189 238 158 280 247 307 288 258 0 426 234 104 130 469 403 79 316 42 177 65 165 271 183 114 111 336 85 384 390 96 222 270 256 71 242 127 308 60 86 421 382 273 173 358 149 286 292 352 117 442 139 369 103 21 187 440 63 436 72 395 388 83 204 266 172 1 315 260 257 74 265 376 225 231 386 338 433 432 441 262 26 309 408 392 168 415 250 12 67 444 255 181 113 241 251 434 329 39 23 448 243 88 205 295 136 16 405 28 453 58 341 69 332 460 289 199 394 359 125 137 160 43 237 268 196 471 32 301 269 227 14 3 188 311 437 109 182 312 185 218 190 229 281 467 30 97 334 367 13 57 81 461 348 22 221 391 393 152 90 452 94 206 135 450 413 121 44 73 52 318 77 124 458 216 397 364 389 129 398 33 161 107 153 226 37 418 142 425 45 356 27 17 174 346 331 115 317 15 244 82 465 305 239 298 9 178 193 141 105 147 253 366 375 84 470 246 64 362 324 150 300 5 283 75 167 371 157 427 31 132 412 284 431 200 186 377 191 176 210 365 169 360 59 264 454 106 171 419 344 420 342 162 254 156 293 209 333 195 340 290 38 302 274 36 48 134 214 207 322 401 457 291 6 145 303 8 56 55 304 240 380 263 29 330 370 126 100 89 278 110 466 
TEST LEAKS 5 ARG:266 298 142 114 136 126 415 168 175 53 68 390 130 115 155 337 146 378 248 466 320 206 25 77 225 282 199 408 181 113 76 451 433 58 0 449 220 395 447 313 169 434 301 375 234 167 112 455 202 100 271 116 358 14 370 344 467 101 52 227 285 108 288 365 139 83 347 366 377 22 305 284 267 404 214 450 339 70 16 388 3 405 438 209 178 294 283 120 351 94 340 277 286 156 329 468 242 9 274 258 401 79 72 397 40 71 164 281 462 427 179 6 140 125 332 89 19 187 256 459 303 321 20 122 312 62 469 336 37 144 328 32 414 400 372 261 93 360 341 165 127 310 342 218 84 387 473 389 381 119 73 198 203 306 219 330 131 411 392 470 233 268 263 223 345 367 322 445 97 36 250 212 460 348 244 251 442 150 195 249 439 75 338 133 265 99 222 326 454 465 429 60 173 295 452 180 391 463 95 399 176 51 200 102 152 302 373 160 453 349 374 106 61 27 422 107 105 380 153 317 10 324 166 304 145 270 138 235 7 80 346 255 318 4 316 67 215 419 432 241 371 272 163 59 231 293 279 229 350 46 154 402 409 57 431 393 124 171 353 157 428 88 55 78 224 39 151 128 82 11 311 217 355 197 81 104 385 109 210 64 323 213 240 280 34 31 379 172 121 194 308 196 276 41 5 472 44 444 90 252 135 38 15 143 362 269 29 386 63 424 110 334 193 237 383 226 436 461 376 245 158 48 361 406 264 398 174 149 315 21 426 309 299 352 190 170 186 66 425 42 335 161 123 236 118 103 278 471 35 159 289 87 441 443 43 259 314 290 12 287 221 435 457 239 260 2 430 416 243 254 291 92 257 319 162 8 47 45 420 292 182 208 98 369 275 412 440 13 394 327 307 56 410 403 26 204 354 205 232 446 211 185 183 30 331 85 54 69 141 423 363 216 364 191 458 396 28 356 273 86 246 262 148 343 413 184 417 18 111 147 333 65 96 357 407 188 253 129 23 247 448 17 1 437 296 297 189 456 192 421 207 325 24 382 201 33 50 132 74 368 464 359 49 228 384 91 300 418 137 230 117 134 177 238 
TEST LEAKS 5 ARG:423 371 347 84 41 320 378 63 419 469 280 275 103 252 79 131 62 429 107 172 468 440 50 102 86 15 300 337 65 271 382 101 83 473 410 361 448 205 278 355 390 142 237 376 212 246 145 228 0 421 20 321 177 32 386 364 125 11 412 394 379 106 380 130 69 160 450 311 82 299 319 236 214 348 328 326 455 472 413 42 352 381 220 22 207 234 359 200 268 383 87 281 70 139 349 258 76 437 362 6 170 182 314 144 151 184 404 105 119 387 66 211 471 385 375 58 80 171 312 36 186 296 225 434 81 132 198 416 457 33 470 403 152 442 25 284 327 7 411 305 195 452 303 318 441 191 9 78 399 261 460 331 148 215 274 425 302 178 193 166 224 202 116 100 14 325 37 98 140 60 408 430 366 201 203 137 459 187 254 156 149 401 315 77 351 153 94 134 458 146 173 99 292 342 49 365 461 395 5 239 407 432 343 466 157 188 241 180 39 85 165 396 213 414 120 397 115 247 424 124 108 73 310 164 463 53 465 350 273 308 277 230 243 324 89 427 129 161 57 400 392 462 141 231 360 279 196 128 192 74 393 45 286 138 44 344 341 301 4 190 260 288 262 253 158 168 162 422 294 219 306 250 340 35 287 368 218 206 127 244 194 323 123 28 456 235 270 345 358 402 444 12 8 181 183 95 266 210 91 295 334 229 238 59 114 431 54 474 272 317 426 248 415 285 391 209 126 445 405 289 72 117 133 71 409 454 245 291 293 97 75 436 93 446 1 169 90 357 27 61 92 136 333 150 388 47 313 208 189 335 242 111 354 67 43 175 418 449 38 373 372 21 433 298 307 467 265 330 26 304 155 263 420 297 2 438 227 216 96 197 267 19 40 176 389 370 29 31 174 251 23 339 269 185 113 316 30 353 10 451 204 417 56 435 223 64 46 332 398 222 329 259 443 135 104 122 309 428 179 52 3 159 112 118 16 406 264 257 34 154 199 232 322 226 17 110 464 338 163 384 255 249 447 147 109 13 51 256 346 143 367 167 233 276 282 369 221 121 88 48 356 439 55 453 290 374 217 240 377 336 18 363 24 283 68 
TEST LEAKS 5 ARG:76 471 259 191 472 393 449 447 101 84 201 170 360 114 382 358 177 220 232 375 422 318 9 221 258 412 198 326 322 298 254 78 450 255 391 316 473 256 413 227 364 169 379 125 306 416 108 7 83 433 328 451 271 206 404 186 184 73 178 214 104 35 394 439 475 215 25 338 425 365 464 42 380 58 335 124 359 174 163 249 28 46 179 453 181 16 2 239 283 225 307 286 165 237 22 389 443 159 356 209 276 182 260 467 308 324 85 105 45 410 267 176 387 173 275 106 202 355 264 15 193 79 70 100 86 150 60 136 269 357 77 245 309 224 429 57 19 295 454 88 39 469 20 67 183 409 21 167 24 121 233 11 377 414 278 133 341 154 40 403 175 98 207 444 192 126 342 81 119 458 423 348 34 397 62 268 4 265 424 180 378 112 196 64 366 291 320 37 222 272 195 149 420 460 349 421 273 120 330 216 347 400 187 51 374 396 441 190 142 253 166 252 438 350 52 402 71 344 30 352 6 431 156 442 337 109 457 157 323 470 80 304 436 376 231 89 210 43 353 327 325 346 208 262 345 18 300 428 368 151 229 204 284 226 228 432 270 33 247 465 47 211 74 118 321 392 385 310 65 288 129 319 417 390 148 203 367 236 115 370 185 1 17 3 373 200 102 445 331 333 199 418 261 123 143 238 329 266 466 456 339 296 138 160 134 26 419 240 168 63 274 31 234 455 194 369 23 381 302 111 144 145 250 212 437 317 285 386 440 282 241 398 448 463 230 399 130 48 87 314 334 59 281 292 82 96 289 132 127 131 55 91 401 14 153 242 388 197 257 140 54 411 459 351 50 243 72 103 8 32 0 94 189 29 147 395 49 155 235 263 164 301 277 303 332 361 75 93 110 435 218 66 426 315 363 56 161 468 343 279 462 383 188 99 372 290 117 313 41 446 5 452 171 128 135 92 97 415 340 384 217 53 248 474 430 116 68 287 434 137 312 371 354 246 280 406 95 146 362 336 162 244 27 139 297 44 294 461 13 293 61 69 299 427 251 113 405 122 158 90 219 311 172 141 36 12 213 305 38 223 205 10 408 107 407 152 
TEST LEAKS 5 ARG:463 144 125 356 26 339 261 207 332 428 391 362 12 322 223 330 67 211 347 324 181 18 461 135 276 360 128 199 14 120 202 85 232 294 447 36 256 186 462 117 448 370 257 16 15 364 459 43 263 251 112 367 11 366 182 436 338 115 33 270 365 455 184 404 267 291 46 105 465 35 200 49 475 220 311 373 185 320 476 242 246 152 96 401 66 234 147 5 40 352 437 331 259 353 28 126 17 179 109 309 226 412 74 369 396 87 219 140 77 20 210 445 278 101 171 340 434 230 381 150 253 34 289 47 413 235 25 315 321 170 344 384 98 83 409 79 68 306 307 119 268 375 122 236 3 107 426 280 248 314 337 361 222 400 394 374 275 336 398 111 273 439 258 341 167 38 290 19 333 60 440 99 21 327 319 471 206 262 343 124 335 357 231 402 308 451 72 194 155 350 1 221 380 297 205 225 411 468 425 228 104 42 175 45 310 121 423 385 454 233 64 405 382 218 13 317 95 157 383 160 354 427 323 433 4 410 363 313 282 215 299 56 386 23 379 240 161 415 190 71 349 162 213 281 114 48 196 212 325 123 188 469 359 187 227 159 39 422 260 348 239 153 293 328 6 316 91 127 269 75 197 84 7 376 58 432 50 302 418 10 164 271 224 173 52 148 55 444 130 249 456 372 467 470 438 346 358 429 298 8 106 183 420 177 113 178 70 255 312 266 279 24 57 59 168 93 172 442 387 416 301 134 81 156 132 417 151 209 108 388 201 204 395 472 243 154 32 97 264 250 142 247 342 141 76 377 27 30 272 408 44 414 241 165 295 284 431 86 303 351 195 274 237 82 2 78 460 22 149 443 238 166 145 305 103 245 430 92 458 9 424 407 90 285 326 180 63 397 163 169 88 137 217 453 208 441 192 283 110 69 214 318 265 446 334 371 474 100 304 29 62 329 393 65 136 229 390 277 421 80 464 287 254 452 399 0 176 198 158 300 288 118 131 189 473 389 406 203 355 129 193 368 133 138 296 457 345 378 466 54 73 139 191 116 51 216 292 89 392 41 252 31 53 174 419 435 94 286 450 403 61 102 146 449 143 37 244 
TEST LEAKS 5 ARG:38 204 456 470 298 31 91 376 307 227 101 248 363 83 87 117 88 312 185 425 17 155 208 197 196 377 337 14 199 439 139 164 132 334 412 351 434 466 92 146 9 346 310 409 314 315 22 98 96 209 306 82 84 1 75 179 333 178 202 24 115 34 239 421 252 205 459 286 10 40 443 413 309 259 23 99 354 85 343 319 122 224 173 121 169 431 422 395 37 86 471 49 263 138 198 391 228 55 240 281 19 222 5 365 181 13 78 66 435 305 405 247 341 20 473 211 162 26 349 151 406 271 428 236 367 52 140 18 288 251 184 15 163 68 71 411 327 283 123 392 109 380 440 213 183 441 368 432 235 445 58 232 175 36 398 238 192 33 27 207 237 279 454 114 356 42 62 370 73 4 250 335 25 383 16 161 299 450 243 269 44 223 381 60 464 110 296 2 316 145 418 419 403 462 317 273 262 77 143 373 53 79 460 291 156 467 158 70 69 336 105 301 292 74 229 455 340 282 233 329 339 348 449 410 469 41 100 201 374 303 458 32 177 249 119 12 81 194 294 107 104 447 423 152 382 442 172 56 261 150 226 125 278 302 264 332 253 311 93 182 135 342 95 216 328 245 153 366 127 424 210 453 176 461 362 357 371 206 338 300 221 234 272 402 436 295 67 451 137 180 313 408 214 244 219 361 270 255 344 308 186 129 134 171 6 97 102 167 438 401 404 7 59 126 446 8 322 429 274 174 457 187 106 375 388 231 200 257 215 188 393 165 241 246 189 160 157 111 416 51 475 430 203 394 352 372 385 399 218 149 159 116 323 112 120 230 276 396 191 386 212 65 359 48 289 379 57 384 256 417 472 80 304 45 142 477 94 260 28 452 433 414 144 130 355 0 108 242 331 324 195 258 154 358 43 427 397 89 390 369 50 265 54 360 277 426 280 463 168 448 364 290 39 193 297 131 90 326 400 415 147 11 124 225 76 190 389 64 63 287 3 320 285 353 113 345 437 103 136 128 29 420 321 30 166 61 148 330 407 378 35 118 347 318 293 325 220 468 465 267 133 46 444 21 474 476 387 141 275 350 254 217 268 170 284 72 47 266 
TEST LEAKS 5 ARG:153 98 195 265 107 60 170 177 452 11 238 329 135 448 37 386 278 341 173 48 41 165 178 475 425 176 247 14 213 299 32 439 264 51 288 174 92 328 169 10 91 208 308 65 204 86 200 24 202 369 58 28 430 210 113 413 133 101 412 284 80 228 407 234 411 88 410 316 149 136 472 351 456 99 460 455 463 431 471 373 274 163 67 383 35 385 29 38 252 205 42 461 222 268 83 298 343 453 454 350 161 78 380 267 115 84 108 426 326 382 365 337 34 470 312 181 230 260 403 241 258 162 256 212 122 100 192 151 223 236 103 324 220 435 224 232 449 327 282 22 293 357 16 277 225 131 302 190 221 242 465 276 451 56 330 404 62 376 367 23 46 66 125 315 409 391 296 63 440 336 402 218 89 104 53 203 134 441 211 141 370 321 300 167 18 371 219 388 396 423 40 27 59 127 120 36 450 39 279 17 70 94 6 201 164 146 233 183 301 290 139 442 55 118 119 320 152 2 372 214 331 353 317 186 145 21 73 254 280 106 31 478 199 466 54 97 467 416 285 45 64 419 82 0 310 121 156 368 259 332 194 7 110 322 408 246 240 427 123 227 71 124 355 57 292 340 12 189 109 69 188 206 239 263 306 429 424 138 132 361 154 311 8 446 342 314 390 128 209 197 255 105 477 434 160 384 30 245 436 415 85 366 363 19 294 462 432 79 414 3 444 389 243 249 129 395 44 360 111 287 248 297 117 33 428 61 157 406 217 13 140 397 250 74 257 474 334 114 182 179 339 251 473 187 148 68 325 319 47 281 323 142 96 295 207 50 49 112 273 275 272 399 172 443 394 438 171 196 130 338 421 81 377 90 237 262 235 269 286 362 198 191 20 102 305 307 75 352 447 418 266 93 244 364 345 318 253 137 185 158 25 405 387 375 379 175 457 155 437 381 393 43 469 76 5 313 354 216 166 459 283 348 95 9 392 422 401 289 303 150 226 72 77 87 271 433 420 333 144 476 335 229 261 400 143 4 52 358 464 291 468 168 184 126 231 159 356 1 15 374 116 344 180 445 193 347 147 309 346 349 417 458 215 304 26 270 398 378 359 
TEST LEAKS 5 ARG:360 404 325 437 356 393 282 222 55 159 25 65 200 352 475 341 32 104 361 370 245 217 261 137 420 27 446 391 31 421 149 316 463 143 344 461 126 208 440 286 57 450 216 153 390 327 43 335 180 300 343 71 188 334 424 138 161 211 87 26 321 467 402 49 4 170 93 157 29 124 389 81 11 195 414 429 258 171 5 38 394 241 183 362 141 264 51 207 206 148 319 8 299 268 36 88 458 326 330 121 337 398 228 323 152 139 423 160 79 377 202 313 287 447 462 432 395 58 194 69 236 466 238 40 263 419 154 413 174 178 275 175 119 166 233 426 53 291 16 14 422 56 59 328 311 357 35 37 9 457 209 252 76 474 373 229 272 105 113 348 193 315 473 133 84 371 123 182 255 365 146 122 307 381 453 116 213 220 46 368 189 405 226 271 304 400 247 90 20 425 387 237 198 67 234 34 96 469 456 324 317 210 363 39 322 438 379 465 117 107 15 249 91 296 254 155 416 306 201 452 305 190 354 349 451 181 358 329 408 340 476 196 442 302 74 250 353 376 214 257 244 17 140 399 173 411 41 197 45 23 177 392 374 168 409 292 382 231 417 331 204 100 418 444 230 277 366 156 297 267 384 431 338 130 50 410 407 251 64 364 369 242 22 92 0 2 219 279 448 1 320 54 102 232 7 199 63 129 136 125 120 98 351 191 401 118 19 77 378 73 464 111 470 62 158 332 86 70 192 434 215 262 347 106 285 289 415 278 276 380 144 260 346 97 21 131 10 224 269 30 162 68 179 396 478 477 359 185 114 142 259 223 274 218 135 433 239 172 298 290 128 310 253 266 132 235 12 385 115 443 95 75 345 42 479 441 61 309 82 108 403 109 333 375 227 18 83 110 72 99 468 163 294 248 372 280 225 428 212 355 52 283 167 339 28 176 386 80 412 134 312 454 435 472 60 367 273 147 103 459 44 383 471 151 24 314 186 336 243 388 184 240 436 150 165 295 455 221 256 203 301 48 460 187 265 342 89 13 246 112 33 47 127 430 145 3 94 78 406 281 101 169 293 270 66 427 164 318 308 439 85 6 445 303 397 449 284 205 288 350 
TEST LEAKS 5 ARG:468 186 129 34 30 256 309 259 77 366 459 177 441 375 304 19 456 249 413 465 12 211 45 51 301 320 181 217 200 410 414 340 333 168 339 420 63 453 10 1 455 206 125 192 138 178 60 316 458 239 89 231 9 271 226 124 446 470 260 308 480 92 101 270 329 8 327 240 87 212 430 118 310 13 428 409 392 312 187 283 266 130 85 337 176 172 33 36 302 403 254 424 293 54 365 144 86 108 377 132 326 253 303 27 116 67 80 405 165 162 448 14 432 257 374 348 59 39 238 113 153 439 52 380 311 373 103 183 83 372 109 193 324 197 367 328 235 139 264 133 18 145 331 195 388 433 252 203 160 305 408 171 440 384 220 204 136 174 289 91 276 357 477 336 163 68 137 88 385 286 141 407 62 114 258 393 94 250 381 444 294 17 232 278 345 351 335 28 99 198 131 49 466 386 194 443 72 431 128 46 95 387 313 354 358 454 225 368 399 389 247 209 31 364 78 476 35 321 42 79 394 322 383 277 218 117 323 300 41 134 344 280 76 338 382 23 415 269 422 208 158 371 237 126 404 120 349 463 82 472 199 66 334 115 230 147 471 447 11 401 437 275 98 429 343 201 398 435 107 170 191 84 151 417 227 245 73 142 57 282 65 262 111 475 426 154 452 43 196 22 291 0 135 390 202 152 100 332 412 190 97 219 423 127 29 81 346 265 370 317 96 464 179 207 4 224 213 16 102 157 5 119 287 376 425 460 121 360 467 421 449 143 71 241 112 451 438 406 363 180 379 185 292 246 210 214 355 93 167 50 378 236 223 2 450 325 26 243 44 361 418 40 342 215 268 315 442 288 274 318 296 281 297 155 228 38 462 106 48 188 353 395 221 352 146 156 434 244 248 229 284 61 70 461 74 20 400 391 25 473 3 402 175 140 21 474 164 159 104 216 445 148 416 396 255 234 478 273 261 6 397 7 263 233 182 105 251 457 149 184 419 150 37 267 469 222 173 161 299 436 242 306 350 356 295 55 69 479 205 341 56 330 427 24 64 279 122 319 169 411 53 307 110 15 123 369 298 189 359 90 347 75 47 32 166 290 272 362 314 285 58 
TEST LEAKS 5 ARG:103 323 281 378 299 178 331 33 446 61 251 203 340 182 265 1 426 142 270 262 307 13 0 144 180 384 259 17 361 347 211 70 190 279 100 88 435 448 151 95 44 6 454 225 196 32 177 263 50 38 43 210 52 382 46 370 386 409 216 455 332 319 131 413 419 91 383 171 242 228 40 258 9 348 14 324 222 420 141 442 176 474 209 16 462 369 143 58 130 410 18 174 405 175 290 202 118 145 264 460 194 172 354 255 102 55 10 274 269 166 77 157 284 399 192 71 36 24 218 297 467 479 111 278 452 37 461 159 87 302 286 346 320 122 247 300 42 371 429 418 438 72 188 359 156 237 93 451 2 282 401 344 443 364 123 28 224 253 411 417 117 168 83 387 241 233 167 19 30 238 12 366 208 313 261 41 368 433 372 406 256 62 51 273 65 358 304 165 280 129 169 427 53 311 25 68 5 181 11 127 395 478 388 234 351 296 357 26 298 97 440 422 47 59 48 104 191 385 350 90 160 477 134 439 243 315 232 78 189 423 470 214 244 239 393 201 310 305 430 465 63 328 436 49 472 271 459 137 343 444 64 464 113 480 89 75 116 212 316 206 345 292 252 355 367 147 285 126 416 295 314 248 7 392 8 155 312 414 428 469 76 336 124 293 408 173 74 164 195 207 96 266 365 84 227 403 226 39 471 69 341 437 424 373 149 105 353 231 398 334 115 152 473 3 213 453 308 254 119 289 309 197 161 148 374 250 215 221 277 236 82 377 138 183 121 445 85 229 397 272 275 449 268 381 326 57 458 457 400 425 337 179 360 235 185 339 45 162 223 389 363 432 294 379 60 20 394 219 306 146 245 81 456 468 136 260 481 220 66 391 301 114 447 27 110 184 327 240 338 154 23 31 128 204 29 94 187 199 321 22 106 276 396 291 80 317 380 407 133 170 86 375 92 135 107 79 287 325 139 330 283 21 349 415 322 101 463 246 73 335 352 450 200 257 476 108 412 4 466 150 56 404 318 333 34 390 249 99 98 120 376 356 230 54 198 112 441 362 186 193 402 475 15 431 421 132 35 329 267 67 163 303 109 140 125 205 217 153 158 288 434 342 
TEST LEAKS 5 ARG:296 348 263 388 94 481 171 201 378 159 25 227 343 393 289 63 276 225 368 162 387 431 109 432 80 254 258 55 186 9 322 301 59 219 153 469 304 215 421 39 434 426 359 97 398 83 117 47 259 178 103 407 27 266 61 85 10 310 463 139 199 311 182 351 119 461 444 179 449 267 281 132 232 453 354 436 401 372 193 96 292 7 213 169 293 455 303 392 44 6 2 192 21 284 138 29 197 367 250 122 131 43 347 384 450 257 124 338 133 236 136 379 74 161 466 275 184 468 58 448 229 148 318 391 13 253 92 375 294 174 123 51 286 331 149 41 278 419 165 412 12 440 15 363 298 31 420 84 200 38 11 464 50 93 166 380 52 185 0 389 238 160 218 280 87 180 382 283 251 262 146 366 20 82 291 226 423 397 459 413 249 358 361 172 369 113 167 285 381 256 24 71 90 111 137 386 211 102 415 336 360 206 427 438 447 264 28 406 435 23 224 373 81 271 323 207 241 127 175 19 220 482 362 176 65 150 328 470 277 265 36 237 319 295 480 209 439 222 353 110 346 350 194 48 474 442 349 315 60 473 106 69 101 100 467 314 313 195 143 416 441 456 409 425 189 273 32 255 173 309 428 374 247 177 445 140 357 73 417 14 141 430 269 364 352 471 5 142 344 411 223 454 157 75 151 116 288 107 115 164 95 70 130 1 316 203 118 144 261 260 451 321 33 287 217 433 337 57 155 402 279 476 479 299 76 410 390 345 274 408 91 68 317 187 333 270 205 135 272 221 396 478 79 376 475 282 53 8 443 163 78 183 305 196 86 246 370 231 452 399 181 191 330 66 104 212 307 334 49 214 129 156 297 210 18 45 26 308 40 325 46 458 98 216 120 446 327 341 477 72 403 105 3 128 383 234 460 394 99 54 22 188 158 418 385 108 400 126 462 230 62 56 42 405 404 77 422 472 465 355 145 16 300 114 154 395 329 112 202 88 414 243 312 168 4 332 324 320 326 252 34 244 89 30 190 290 268 335 67 340 371 37 306 198 235 125 121 35 64 233 240 424 208 248 365 457 356 239 377 170 429 147 204 134 245 152 437 302 17 342 228 339 242 
TEST LEAKS 5 ARG:311 195 227 444 426 356 409 365 39 127 3 179 327 254 261 83 381 403 325 271 391 129 161 122 369 95 321 456 314 481 460 320 151 136 240 233 467 185 386 290 125 105 318 16 387 62 210 141 334 287 219 339 73 147 281 203 349 459 395 104 35 329 82 33 114 42 430 375 137 208 258 317 376 377 113 250 463 116 380 29 295 204 85 171 119 190 434 411 170 34 350 211 57 100 450 312 184 289 419 230 14 283 212 70 37 421 352 286 412 109 364 156 103 182 265 347 92 470 428 7 217 405 88 198 76 348 87 142 292 188 268 65 440 10 416 77 118 215 232 477 216 177 89 242 36 15 12 234 361 429 278 66 475 225 32 322 452 107 192 69 206 436 362 159 160 478 458 67 346 38 25 18 351 378 145 402 154 79 93 441 74 229 446 130 139 237 155 345 259 243 64 193 21 52 146 284 471 189 1 43 110 480 41 384 150 51 447 191 363 445 473 393 438 46 332 330 5 199 382 181 300 462 288 13 23 54 357 49 415 343 400 296 72 186 59 401 390 86 255 418 251 97 266 291 123 6 248 293 333 392 269 262 178 197 306 408 115 180 417 173 354 285 423 22 472 175 78 55 194 117 121 157 302 112 149 310 108 275 406 394 277 338 461 442 252 11 443 482 249 48 337 222 207 68 169 58 201 253 331 373 359 308 305 45 316 324 202 228 132 294 47 98 451 8 84 96 138 425 111 20 336 299 270 176 131 465 174 27 28 148 9 371 437 367 422 2 358 218 273 128 360 309 398 144 449 247 226 280 335 166 476 264 124 276 4 133 282 167 474 0 213 454 75 457 341 267 370 483 298 239 200 414 224 196 432 99 297 344 30 383 301 162 374 91 396 81 241 61 388 326 397 353 323 40 205 164 223 413 274 407 307 439 431 60 44 71 420 368 158 355 90 143 31 183 231 313 427 106 464 453 236 466 389 172 134 56 366 263 319 424 63 244 342 455 163 94 315 101 468 235 50 410 404 152 165 304 220 379 80 328 340 372 19 126 17 245 246 135 272 140 279 399 53 385 168 26 448 214 479 187 102 433 303 257 120 260 238 435 153 209 469 24 256 221 
TEST LEAKS 5 ARG:124 114 372 291 426 87 337 55 317 26 13 300 205 273 65 478 436 22 223 428 419 299 290 18 472 391 469 464 105 358 387 68 52 59 370 165 194 424 152 35 253 37 214 213 179 476 355 212 174 118 76 368 366 72 96 283 292 378 2 298 62 177 346 347 369 44 67 148 7 243 287 471 116 250 319 466 318 139 342 219 88 371 192 138 126 417 258 477 361 57 475 330 267 187 27 265 94 313 452 381 322 104 441 23 162 28 338 450 393 402 143 255 131 365 457 224 188 58 242 376 257 249 448 341 83 95 226 241 103 196 329 190 175 183 246 0 259 272 351 110 459 383 483 377 235 121 176 99 465 8 4 308 173 336 397 374 45 222 229 10 130 248 286 456 129 251 186 15 228 86 327 127 396 389 455 268 90 442 108 303 356 115 9 195 297 206 93 225 29 247 305 160 315 11 384 49 185 482 128 310 169 412 447 326 141 33 480 314 306 200 307 416 435 100 157 64 155 263 221 348 47 343 462 50 373 34 240 145 312 244 411 80 415 405 301 294 82 288 432 429 379 147 92 335 404 239 137 150 98 260 460 236 70 156 394 25 254 261 333 133 36 31 321 202 363 421 154 60 237 178 401 282 352 481 21 280 433 420 134 73 43 444 20 324 354 390 425 172 89 353 24 458 6 84 422 231 410 16 136 304 215 264 445 208 161 120 418 344 189 278 216 193 209 41 109 461 269 39 443 210 197 437 203 102 245 191 434 167 398 262 144 122 438 474 1 392 163 181 51 91 71 3 380 349 180 17 53 166 252 339 123 407 279 382 207 54 42 153 323 132 320 220 414 74 413 218 168 409 164 439 334 331 427 266 467 431 408 473 159 395 271 360 285 112 79 463 386 151 359 61 388 385 182 270 117 234 135 140 357 367 293 63 201 399 340 170 97 184 111 32 171 451 256 479 400 230 66 204 199 119 309 101 403 275 430 328 113 277 295 158 81 125 423 362 470 325 238 289 217 449 38 364 311 30 46 69 40 276 146 107 446 296 316 440 198 332 345 12 85 211 78 468 274 453 284 14 149 142 350 302 375 48 75 227 454 19 232 233 484 406 281 56 106 5 77 
TEST LEAKS 5 ARG:281 220 344 452 415 328 373 173 235 412 54 298 43 62 226 178 333 123 196 277 295 365 337 85 181 294 18 78 430 122 476 56 4 459 23 15 193 308 100 458 74 406 422 3 131 39 102 243 133 113 227 403 425 48 111 416 238 202 136 397 11 400 442 212 84 464 314 477 149 316 26 300 480 135 146 278 118 424 427 335 37 410 413 332 271 255 32 59 228 245 319 318 242 219 394 450 5 360 207 127 325 372 280 261 393 185 429 177 6 38 57 369 463 64 315 61 274 423 279 326 287 98 28 160 13 33 211 168 383 462 210 46 418 63 470 162 321 30 313 215 304 217 291 89 24 339 183 86 331 164 203 209 92 104 456 336 341 351 414 165 421 148 481 103 144 426 191 342 376 307 205 0 311 73 293 254 265 437 119 115 225 71 117 309 121 257 72 269 40 195 485 44 260 239 330 194 249 53 378 327 301 324 388 55 447 438 166 402 139 356 230 387 75 27 154 197 21 368 471 14 252 156 151 392 25 289 361 461 465 1 364 179 169 411 76 112 359 175 47 451 457 150 386 371 256 266 407 10 329 253 206 396 444 474 237 218 142 246 404 41 109 87 19 244 153 79 66 352 77 479 188 93 466 236 343 231 50 192 433 7 431 17 107 338 310 96 381 180 380 248 167 454 82 282 358 80 362 128 408 241 428 120 68 232 125 201 377 214 159 216 284 385 208 475 363 306 322 247 145 114 395 229 170 262 99 320 349 302 353 108 176 472 435 69 263 417 340 292 31 445 70 91 141 439 147 97 384 182 240 134 190 347 399 469 49 157 36 420 290 172 446 158 234 299 204 221 67 434 152 65 401 366 20 273 483 382 213 186 355 60 468 405 129 222 297 441 348 276 357 270 138 143 233 52 34 187 16 223 22 83 288 390 460 370 267 8 174 163 51 312 259 354 268 137 126 88 171 35 224 101 334 275 161 375 367 81 200 455 345 42 432 296 250 409 189 478 467 389 2 264 184 374 130 436 443 132 272 45 106 198 449 29 110 124 58 379 116 140 12 155 286 482 398 350 448 323 346 453 105 199 440 94 317 391 95 9 258 283 484 285 90 473 303 419 251 305 
TEST LEAKS 5 ARG:34 359 338 485 156 391 296 170 60 161 81 405 102 163 252 361 312 323 139 472 241 203 93 280 210 484 125 91 463 367 19 228 302 437 445 6 298 26 393 158 80 58 148 455 403 289 43 371 442 318 20 336 85 287 382 190 122 197 192 143 10 350 144 467 345 39 262 171 340 392 195 419 388 245 275 254 77 11 110 408 481 116 74 451 211 87 29 410 159 150 328 286 98 48 28 335 95 13 188 249 97 47 436 96 279 49 378 84 221 456 16 404 417 24 264 462 25 407 184 212 272 415 231 474 168 12 232 297 368 31 149 53 59 120 162 459 154 356 274 61 242 255 35 193 69 364 339 223 478 453 353 185 270 326 390 215 311 78 51 332 443 426 209 5 166 178 201 449 123 94 418 233 384 276 142 349 62 230 169 130 431 299 9 406 454 3 217 214 304 259 207 153 281 486 124 343 67 106 71 317 117 226 251 200 83 63 269 291 137 398 218 73 266 394 411 219 355 427 387 438 244 176 14 126 469 321 383 370 412 222 204 429 196 205 329 132 319 413 164 15 136 246 305 397 288 464 134 313 348 42 248 216 220 482 307 446 271 115 256 430 303 174 138 315 76 439 376 224 351 471 261 401 346 160 38 99 240 194 465 247 22 428 399 105 457 46 420 476 17 483 237 121 186 181 441 140 135 111 260 152 225 1 440 79 285 450 372 460 8 167 179 64 147 263 377 389 229 2 202 127 448 180 358 86 33 337 92 352 477 357 284 118 114 290 333 365 282 133 239 277 41 236 18 129 52 238 54 396 68 7 44 360 267 475 331 113 461 301 434 395 27 309 235 320 479 258 421 470 380 466 300 30 141 444 21 55 234 363 423 480 294 316 327 36 101 402 104 175 213 183 206 208 172 354 422 100 322 458 70 89 0 416 177 432 325 373 82 293 107 103 278 386 131 173 268 334 330 400 128 292 109 119 324 75 273 381 308 379 283 310 425 473 57 265 385 347 447 468 375 369 37 253 314 452 66 189 32 151 191 435 243 157 257 362 108 112 306 342 295 414 182 155 187 344 366 145 72 424 250 198 199 45 374 4 165 40 146 409 341 50 56 23 65 433 90 88 227 
TEST LEAKS 5 ARG:214 378 269 333 100 78 173 42 153 279 222 143 304 212 171 276 272 453 98 418 13 475 464 93 133 356 393 38 402 330 265 53 350 6 203 11 61 445 127 308 266 79 325 146 139 258 183 129 253 172 351 468 345 91 280 44 432 285 60 74 375 151 361 366 275 27 238 483 377 261 373 233 5 132 451 448 111 457 169 387 416 435 166 328 441 75 389 342 76 327 64 259 185 436 449 310 209 30 379 390 417 329 84 0 289 320 470 12 210 281 299 355 291 240 262 481 398 486 225 24 58 332 236 161 83 288 357 271 429 424 96 45 365 298 314 428 168 199 125 34 89 309 324 466 37 319 160 71 221 73 115 241 380 478 282 90 21 349 191 407 438 227 434 321 278 443 455 268 140 137 194 242 239 41 446 409 260 118 72 460 167 283 412 232 391 352 425 31 220 462 57 215 456 101 454 322 248 158 36 306 287 480 397 228 51 252 162 159 476 149 59 112 323 472 376 414 108 251 422 197 66 484 461 331 479 65 116 223 405 208 178 179 28 465 70 80 433 121 47 363 411 176 55 467 469 205 52 182 243 204 370 450 202 263 154 408 403 359 293 413 383 274 113 311 150 2 181 353 372 401 362 148 4 46 201 86 392 123 85 437 358 39 77 211 237 54 297 25 226 170 296 487 388 217 103 300 273 14 105 192 188 200 364 88 315 102 301 430 216 35 286 110 177 114 3 477 385 415 130 50 126 20 246 193 144 17 384 43 360 404 63 32 348 399 473 120 219 458 395 338 339 344 119 427 317 97 174 474 244 410 420 305 135 10 256 382 426 95 229 48 381 40 68 368 367 343 354 336 267 134 235 195 442 33 62 175 341 421 22 189 335 340 184 1 294 400 290 234 394 67 254 224 459 155 277 313 431 303 255 131 406 163 386 7 482 284 337 142 186 145 316 312 87 19 156 117 49 452 138 206 157 82 247 94 29 147 9 230 264 69 196 374 396 270 109 257 213 295 124 198 128 218 444 250 81 292 18 92 347 334 471 485 245 136 439 326 152 107 231 8 307 104 419 141 318 122 302 423 440 187 447 26 99 16 15 463 207 23 371 165 180 190 56 346 106 249 164 369 
TEST LEAKS 5 ARG:409 75 244 451 480 240 82 314 237 79 31 269 363 462 310 432 422 121 457 231 410 376 138 136 332 123 43 488 206 89 392 1 346 211 397 473 398 172 100 85 349 154 51 387 247 276 395 321 291 385 316 102 386 468 402 149 150 233 72 323 264 170 24 193 209 333 306 111 388 113 369 348 296 382 234 226 274 127 288 319 267 474 368 286 295 147 284 347 145 394 325 313 187 465 74 201 440 76 135 477 456 317 157 124 458 116 91 160 140 4 60 312 128 90 249 481 169 203 148 461 380 327 184 466 322 146 115 139 437 53 190 180 391 230 460 120 107 119 186 81 94 299 484 292 356 225 305 26 118 130 132 110 343 430 309 261 452 285 202 0 275 377 266 324 367 167 419 17 50 220 214 476 96 213 351 300 405 251 362 192 429 216 41 408 204 433 141 3 479 311 446 302 412 78 108 281 126 168 178 404 357 163 345 142 200 37 353 181 57 133 155 34 198 270 438 207 373 260 453 243 228 403 125 371 183 366 131 463 289 273 268 86 250 15 293 161 482 97 64 21 93 59 454 11 383 318 464 39 423 307 122 56 63 215 236 401 194 272 287 20 263 114 282 252 330 98 470 105 334 384 52 224 238 212 431 350 175 66 48 417 450 129 46 6 144 361 308 455 449 14 297 35 370 426 38 208 364 445 112 360 245 33 277 443 436 242 475 70 341 441 256 336 379 303 262 358 259 95 165 294 418 13 2 159 103 381 331 241 29 176 99 25 152 290 248 486 485 196 399 375 340 58 210 420 87 19 62 425 355 320 415 335 67 42 28 301 188 365 414 278 354 279 478 352 393 442 18 447 257 416 205 483 174 65 254 427 10 88 304 471 153 217 407 73 156 117 164 71 326 372 12 143 342 9 162 7 30 49 191 439 134 83 32 199 40 338 218 55 151 265 173 68 27 22 185 472 47 5 36 253 411 344 16 104 8 406 424 182 189 469 84 23 229 428 258 467 339 271 177 45 255 283 222 400 197 223 459 378 80 280 389 171 315 487 77 44 329 109 232 239 219 54 435 337 101 374 235 444 421 359 158 69 227 92 434 328 221 448 179 166 298 390 61 246 137 396 413 106 195 
TEST LEAKS 5 ARG:334 353 173 221 359 136 88 132 187 137 453 290 145 110 190 316 425 193 14 99 372 461 75 299 436 76 300 287 457 10 358 263 318 297 210 149 192 404 283 186 47 381 104 247 314 357 81 12 245 322 32 184 82 124 179 206 279 204 407 196 21 278 201 368 208 262 111 5 277 276 231 296 408 390 68 332 376 50 209 203 307 92 388 308 406 213 446 374 87 183 256 442 286 420 337 77 113 217 19 43 17 295 364 106 361 117 418 195 155 476 139 473 140 469 409 90 134 323 484 234 369 42 66 168 130 64 121 128 138 2 393 31 103 445 387 266 94 386 389 341 18 148 456 123 162 350 188 224 411 215 20 274 36 305 347 326 250 225 410 311 429 454 159 253 56 371 319 160 255 309 472 336 72 417 59 158 100 291 91 63 313 3 466 26 194 58 448 289 180 360 62 293 133 74 95 237 269 312 147 260 301 238 259 380 163 467 98 86 97 118 127 468 268 325 391 464 34 239 403 229 342 479 400 29 156 401 282 460 125 426 285 363 395 212 80 444 53 435 60 272 13 367 244 176 449 198 101 362 488 216 378 288 35 265 202 126 71 267 235 419 222 394 482 483 439 79 251 345 129 39 324 170 241 365 328 415 227 112 487 96 28 73 455 304 321 440 292 392 182 164 306 236 67 48 177 438 22 30 478 430 207 11 141 471 261 343 7 270 199 69 40 416 52 271 470 489 452 302 230 220 424 437 25 396 41 352 165 443 197 214 142 191 143 211 284 422 397 398 102 169 9 320 175 84 93 354 477 327 144 78 264 44 27 135 349 254 89 122 433 33 70 423 463 115 83 1 61 450 161 189 421 333 107 172 0 412 355 447 373 15 219 242 338 252 248 330 45 65 481 85 428 240 474 185 383 228 157 226 427 280 356 120 38 51 116 55 16 8 181 402 480 346 4 249 166 348 375 339 131 257 223 451 275 486 315 399 379 294 441 154 465 329 366 167 434 377 49 233 281 405 174 6 119 475 153 382 218 151 258 413 459 171 414 46 200 109 335 340 317 370 273 246 54 384 458 205 385 298 432 344 150 37 303 462 23 431 105 351 310 485 243 114 24 331 232 146 57 152 178 108 
TEST LEAKS 5 ARG:245 176 73 435 160 170 200 318 324 270 97 106 41 48 38 446 52 332 68 144 365 451 71 440 212 34 417 229 236 381 140 335 164 316 23 458 205 246 469 157 453 442 472 125 356 329 60 56 221 418 146 13 151 378 353 279 404 402 351 94 396 201 346 392 182 477 349 76 347 475 64 384 369 445 290 186 5 449 79 454 4 226 354 482 136 158 414 29 407 20 420 313 405 325 203 35 72 19 437 323 208 233 274 280 331 367 399 148 327 268 350 334 163 342 225 281 58 70 159 193 288 134 265 447 426 1 359 259 82 196 173 211 376 394 410 333 364 260 471 167 47 111 67 368 113 300 436 131 285 223 269 91 261 330 373 249 110 177 271 485 428 154 155 248 51 343 206 430 45 438 317 50 6 489 8 314 397 27 262 443 421 57 380 234 126 277 326 127 439 320 385 135 375 112 108 153 42 382 448 278 403 473 207 152 427 312 457 32 147 199 103 109 425 340 379 242 459 231 83 192 412 461 75 267 138 272 22 406 116 118 487 150 59 441 345 474 12 145 337 189 183 352 120 479 191 301 398 478 465 239 238 416 217 276 371 476 422 230 99 219 81 490 117 24 174 115 215 10 292 184 3 101 305 341 169 55 119 61 14 46 460 133 28 293 250 124 338 411 121 168 197 0 462 137 141 39 252 283 357 227 431 222 18 15 194 26 311 130 254 383 16 87 377 40 243 224 390 228 95 275 49 244 100 363 456 400 198 413 298 102 336 302 304 366 389 78 30 370 2 444 31 62 89 162 33 156 213 80 178 88 36 309 409 256 434 486 214 11 179 470 218 321 296 175 161 295 452 53 393 419 282 232 37 424 287 69 455 387 251 96 372 7 209 105 84 483 202 408 166 204 21 429 190 303 258 255 466 54 43 241 25 185 344 65 114 289 391 433 310 180 63 123 307 432 210 104 90 481 149 9 362 291 450 468 273 122 237 107 266 294 66 299 388 172 348 165 247 263 395 257 181 308 77 93 240 17 139 171 253 286 464 44 142 306 415 374 488 361 132 297 188 74 128 98 284 187 216 360 235 386 339 484 220 264 322 129 143 480 423 467 85 401 195 355 319 358 328 463 92 315 86 
TEST LEAKS 5 ARG:172 280 419 281 193 41 363 440 225 120 383 136 240 84 302 191 81 16 78 352 364 325 46 122 460 73 369 252 248 353 283 329 254 449 90 414 59 229 316 417 489 415 224 219 403 241 0 38 140 237 69 154 74 64 239 448 293 20 44 65 413 92 421 200 22 483 157 287 55 145 37 60 34 166 169 89 171 451 129 366 379 388 424 126 94 160 203 359 202 103 393 472 100 168 399 402 473 343 484 337 406 235 40 151 362 375 469 124 212 197 442 412 411 275 6 61 291 253 127 187 108 318 284 339 238 11 392 42 183 398 330 156 226 67 75 113 315 385 85 201 29 164 347 400 298 213 480 344 386 18 36 116 228 326 28 276 377 490 324 137 181 173 125 131 152 227 323 308 488 155 24 433 68 266 247 98 245 443 475 450 234 373 204 368 380 77 102 348 139 360 481 258 311 184 265 52 246 288 474 195 428 109 453 147 454 111 186 153 452 378 260 222 478 259 319 146 446 7 272 354 261 435 233 144 351 62 158 464 31 30 420 438 2 177 26 101 361 123 217 133 355 349 430 303 50 365 423 138 178 374 35 297 242 70 434 88 427 118 479 182 39 307 170 333 23 79 188 192 422 376 97 300 221 461 477 321 135 389 371 273 459 80 110 463 143 262 296 394 76 286 357 425 27 384 9 14 176 159 436 115 466 87 175 290 328 341 332 208 358 457 437 86 313 305 271 408 231 114 278 395 370 19 476 372 482 468 282 211 269 277 134 95 128 486 142 58 447 439 12 429 456 196 289 485 5 199 117 63 470 220 279 148 179 56 33 314 409 10 299 445 8 294 130 119 335 410 432 13 255 189 462 207 71 21 244 190 338 223 367 206 198 295 340 390 465 310 91 381 194 391 83 322 205 45 304 471 232 66 150 274 327 285 4 382 387 346 215 106 306 25 270 268 301 48 250 458 180 251 455 15 57 1 397 185 3 218 418 51 107 292 257 342 53 230 174 267 491 104 416 163 263 165 407 336 49 396 82 54 99 214 209 264 320 72 404 121 216 317 405 487 249 17 256 243 141 345 210 32 356 426 350 331 149 334 162 309 112 431 43 401 441 47 105 96 167 132 93 444 161 467 312 236 
TEST LEAKS 5 ARG:167 430 36 397 46 178 435 468 10 434 47 27 191 436 340 217 488 81 332 283 189 410 367 98 346 246 223 362 219 135 315 277 312 428 128 251 42 305 293 127 57 24 455 409 41 350 333 380 209 215 484 193 320 53 307 267 392 23 70 412 184 338 465 490 242 55 179 421 25 105 334 341 406 99 198 19 177 156 365 165 49 404 95 218 21 349 37 298 401 403 449 108 168 275 337 214 141 335 63 395 323 351 149 460 6 344 438 375 316 489 311 417 58 359 119 157 473 297 238 4 273 118 204 200 233 152 28 202 388 423 50 475 230 160 457 87 363 432 358 188 426 306 12 169 26 319 163 420 378 372 45 186 231 134 260 289 79 69 7 480 321 419 280 244 29 474 309 262 212 439 462 256 459 394 190 194 264 18 172 445 266 96 121 478 269 97 279 234 60 56 104 158 324 71 48 342 290 216 391 2 16 322 133 196 458 399 330 422 240 44 181 451 208 203 411 353 354 174 285 405 73 85 461 139 161 3 67 61 232 180 416 389 129 292 123 444 425 261 479 116 248 137 400 91 440 418 492 454 151 485 103 382 80 40 481 51 402 176 66 30 471 282 258 442 491 408 308 472 299 20 470 352 39 427 11 487 205 155 100 237 171 31 393 328 1 92 210 138 314 361 371 154 446 384 132 383 300 34 265 272 239 456 78 274 276 452 83 125 247 304 227 222 0 414 379 467 329 199 147 476 398 17 225 145 303 268 112 62 207 142 413 109 296 126 228 206 386 366 441 348 302 13 486 113 101 250 270 310 111 226 327 197 369 374 373 211 68 385 453 407 450 110 447 175 59 343 75 360 464 9 65 8 35 170 32 54 173 185 162 183 317 301 166 376 144 143 187 271 93 136 469 115 433 131 252 229 254 114 159 89 326 431 64 281 86 243 88 146 287 82 345 213 245 482 347 150 466 463 318 122 429 477 5 192 355 390 295 286 148 33 120 415 90 94 288 14 153 107 263 77 102 381 253 437 74 356 331 130 72 241 76 201 235 278 448 294 221 224 249 140 84 38 396 336 106 15 370 257 255 43 339 364 182 236 164 52 117 483 195 368 387 313 259 291 424 220 377 284 443 325 124 357 22 
TEST LEAKS 5 ARG:2 233 381 326 257 334 105 454 62 347 486 206 487 265 287 303 46 12 492 30 6 176 387 414 363 355 169 451 362 348 68 481 315 218 300 198 240 256 45 215 323 405 126 112 41 140 42 368 267 51 226 229 330 139 377 392 102 241 82 448 40 259 186 76 400 86 173 109 358 253 221 15 283 462 78 90 336 370 138 61 50 328 273 375 365 394 231 386 485 445 10 53 302 24 161 34 69 297 116 397 479 96 170 382 460 435 278 260 200 411 88 177 196 352 384 304 258 484 322 430 55 185 11 301 167 243 147 244 189 272 450 422 453 390 91 374 97 364 402 85 431 23 360 235 423 20 280 373 378 424 464 239 346 332 457 333 178 181 488 191 329 17 183 342 21 320 250 204 127 472 380 389 18 310 113 121 194 77 452 309 60 114 117 213 71 104 136 32 107 135 427 163 467 214 351 174 350 141 146 175 412 408 279 52 151 56 70 458 276 203 168 227 305 271 184 155 419 38 48 465 341 311 29 264 468 251 294 288 490 379 296 410 124 89 270 339 461 3 252 33 75 145 290 144 160 359 79 469 26 157 93 438 275 404 180 313 5 416 19 262 357 27 491 149 446 35 39 434 101 137 335 274 383 210 57 263 439 331 473 428 299 87 156 343 14 148 483 154 306 470 234 230 209 132 353 395 327 28 153 482 190 106 237 361 476 295 406 366 474 376 340 324 66 172 254 372 466 81 247 255 338 211 440 222 164 202 248 129 49 152 284 459 143 436 409 59 115 292 212 447 16 289 385 7 195 337 321 415 13 399 245 242 349 429 396 314 420 471 4 418 269 120 407 123 441 25 80 261 31 477 463 317 266 100 224 171 225 63 232 142 456 73 312 238 286 480 475 67 493 398 455 111 83 277 393 133 285 344 282 182 0 449 281 216 246 165 354 293 308 391 478 316 417 205 369 118 192 158 125 433 58 401 421 228 166 249 197 223 236 199 208 65 134 47 442 9 37 220 43 437 150 318 426 64 130 356 98 22 72 162 36 425 188 131 207 371 298 1 108 159 193 388 217 95 367 307 219 8 99 432 319 103 291 268 84 122 444 44 92 345 187 94 489 443 325 54 179 74 119 110 413 128 201 403 
TEST LEAKS 5 ARG:4 412 5 492 484 439 80 446 396 261 347 59 43 165 138 222 417 15 428 40 117 447 485 457 385 280 90 477 44 217 182 195 285 198 205 473 38 455 349 81 14 459 380 367 228 281 456 89 97 162 142 393 41 160 12 377 391 161 364 354 124 18 337 357 159 54 324 151 100 68 87 9 0 56 107 330 141 210 479 403 376 20 474 185 448 188 283 10 28 301 460 22 35 469 358 137 351 175 84 418 19 366 450 321 75 109 254 172 114 37 53 398 94 197 365 36 190 438 370 445 46 463 273 2 416 223 163 373 194 58 435 453 11 318 184 494 93 369 287 468 49 60 470 309 379 323 316 424 242 215 452 305 74 212 352 467 253 21 296 399 115 312 55 101 493 86 157 237 397 279 313 410 267 1 339 278 308 192 200 303 462 338 255 415 230 132 104 112 406 372 300 131 169 243 85 168 156 480 304 371 382 491 133 421 176 362 202 220 359 247 264 449 241 69 207 487 98 461 189 181 483 336 106 65 78 340 103 95 454 92 64 33 139 144 272 355 27 409 419 128 436 209 360 489 310 26 67 47 186 3 420 250 239 475 265 248 206 388 328 57 256 218 295 315 96 402 127 116 429 191 411 326 145 274 7 394 149 82 105 50 311 259 8 482 148 152 72 140 405 381 342 413 6 23 345 121 368 201 25 258 363 471 238 288 408 48 284 331 302 290 276 386 263 350 260 153 266 425 252 66 211 440 32 134 422 73 166 458 423 70 120 136 102 292 320 395 294 227 178 164 30 488 16 62 293 464 226 61 277 17 216 298 88 431 108 472 99 383 13 432 434 375 442 126 135 262 249 118 71 343 187 297 146 289 353 307 214 466 384 79 286 478 486 240 170 268 443 378 232 193 356 129 158 282 177 174 322 123 83 344 63 374 341 361 451 329 426 34 52 225 111 180 299 235 317 167 203 130 387 213 437 51 147 125 389 155 76 465 183 77 122 171 327 119 271 221 31 39 234 91 219 173 257 476 346 224 319 143 392 199 231 430 332 233 270 325 441 24 490 404 236 244 433 291 179 229 154 314 306 245 414 269 348 204 481 150 29 334 208 246 427 275 444 110 400 45 401 113 390 196 335 251 407 333 42 
TEST LEAKS 5 ARG:185 228 110 183 371 339 349 490 104 50 386 450 399 293 351 342 66 86 260 119 286 473 437 112 226 153 18 203 137 310 103 328 174 377 358 42 8 324 444 229 131 429 47 44 383 384 34 314 493 85 318 375 290 476 206 30 474 489 408 487 239 120 424 419 213 412 14 326 401 48 227 259 380 426 20 397 194 246 184 97 195 275 22 13 285 464 459 393 366 495 45 354 486 2 405 389 362 261 263 214 31 363 71 223 323 233 186 211 4 157 28 219 215 27 25 168 294 36 15 317 160 87 96 407 439 379 307 175 49 208 270 247 274 271 37 265 93 292 255 423 432 277 316 425 113 204 180 453 248 83 35 322 420 282 70 191 410 381 418 138 482 193 108 452 365 89 448 235 161 147 154 122 433 442 479 201 118 409 415 59 125 491 169 309 190 267 355 41 158 188 136 197 402 374 170 266 302 230 368 273 304 465 350 177 162 372 21 60 254 173 200 494 140 241 356 291 102 141 357 330 398 391 251 23 353 105 297 417 106 221 6 488 278 156 264 236 33 447 382 312 16 445 149 315 176 117 39 99 58 335 436 115 3 457 142 207 252 311 73 390 178 56 296 220 306 438 268 32 463 121 5 133 225 159 440 64 334 94 257 124 341 19 61 151 483 455 12 305 313 129 63 340 11 134 333 320 461 17 245 281 369 111 295 135 210 284 443 38 231 336 62 217 127 434 376 74 181 395 165 279 253 109 289 249 360 338 139 128 364 283 460 224 92 75 144 130 148 471 288 387 332 422 202 238 347 43 403 100 327 57 209 481 53 65 90 276 466 272 55 232 441 449 116 69 155 370 145 146 352 77 152 388 337 262 196 385 321 303 348 52 404 68 29 244 287 114 472 164 406 242 400 345 216 411 378 187 435 331 256 298 126 421 325 456 76 222 9 91 431 300 470 0 480 51 458 88 469 54 7 367 172 189 95 205 299 492 79 240 485 454 107 427 218 84 343 396 467 250 329 78 101 319 237 80 361 394 477 81 179 308 344 40 243 428 123 359 269 150 416 199 430 301 475 171 67 392 98 258 143 413 72 280 468 1 212 26 10 414 451 198 82 192 24 478 163 446 484 166 182 234 46 462 167 132 373 346 
TEST LEAKS 5 ARG:148 494 336 419 322 414 223 440 123 16 61 359 428 200 378 297 183 180 65 423 188 267 298 80 137 404 412 58 475 163 141 425 317 234 280 356 184 225 326 492 24 260 313 278 25 486 213 101 19 294 471 372 432 204 459 274 217 74 295 27 272 146 256 300 158 170 477 105 231 113 172 465 360 45 344 466 447 283 122 91 131 72 52 135 366 473 79 99 198 379 348 162 109 436 48 216 242 155 328 458 350 181 316 246 140 286 368 222 244 463 202 40 26 247 370 339 174 147 43 11 405 485 14 369 358 383 394 479 452 28 98 495 37 175 44 190 257 41 240 17 402 107 422 165 129 431 92 7 437 382 263 271 253 342 2 208 106 268 73 69 71 255 254 127 276 413 273 189 220 195 354 62 418 376 201 469 118 228 31 325 259 64 90 66 351 353 345 346 210 241 391 445 12 275 54 239 154 245 104 47 327 332 114 77 474 450 371 33 38 85 144 396 305 70 166 416 434 160 384 347 266 323 491 32 94 229 205 258 277 4 227 398 375 287 399 397 319 321 443 387 417 454 451 153 320 142 367 374 392 389 176 248 108 157 78 161 264 87 299 496 133 212 341 481 439 84 420 448 442 179 357 89 237 315 206 303 209 126 483 343 468 34 364 173 352 8 395 361 488 150 269 235 292 46 424 35 115 390 441 120 226 51 164 68 406 177 30 407 110 156 449 56 203 50 219 365 143 410 265 117 311 429 59 456 430 293 39 444 377 29 100 111 197 334 214 470 337 262 457 130 13 238 233 381 121 23 281 455 261 302 207 169 331 167 386 3 355 49 75 243 411 270 67 403 81 324 53 349 329 290 134 83 230 86 102 194 427 467 93 301 285 97 373 296 335 489 21 221 57 409 139 310 438 307 191 18 363 446 426 435 415 119 308 185 1 116 10 192 236 487 318 6 249 490 22 380 408 340 76 232 171 288 279 478 196 338 159 112 96 472 388 149 460 145 393 20 480 138 82 178 464 385 211 330 312 333 0 421 103 95 224 493 60 9 186 314 433 304 252 306 289 136 199 42 128 124 476 291 401 152 251 462 187 193 309 484 5 125 218 182 482 151 63 453 88 282 168 15 215 36 362 250 400 55 461 284 132 
TEST LEAKS 5 ARG:413 459 371 392 399 76 232 120 117 253 152 414 377 262 70 181 380 416 490 492 336 397 319 458 270 267 321 244 153 104 97 312 223 268 47 43 12 375 491 286 220 106 427 116 198 69 11 14 275 134 360 335 204 368 131 441 287 344 182 463 34 265 322 443 168 245 339 59 62 156 369 467 187 75 469 159 398 372 172 462 405 356 263 338 224 110 352 395 142 37 214 208 484 211 10 215 495 406 285 266 160 6 150 174 122 65 239 472 119 301 186 383 217 382 460 237 389 488 254 340 496 307 115 121 63 114 424 209 376 308 320 87 474 409 31 219 494 57 203 296 251 437 342 54 278 25 234 306 44 166 240 257 48 374 370 361 440 284 478 231 147 358 396 261 304 38 35 53 0 83 436 456 455 71 52 391 93 49 50 146 81 305 333 140 461 290 483 279 202 434 29 310 194 227 387 132 448 485 454 329 451 161 302 473 291 252 418 222 345 364 13 155 78 183 420 250 9 256 90 363 299 100 201 390 108 421 403 135 86 487 449 112 348 400 315 107 128 385 277 238 170 235 433 430 144 493 96 205 351 489 465 280 486 88 323 72 148 242 241 130 346 479 206 145 51 2 162 5 246 281 248 138 431 4 429 419 165 408 258 200 411 316 66 46 118 56 136 298 82 17 124 190 404 378 317 101 68 366 365 192 359 177 18 73 176 394 193 180 85 269 410 22 189 276 243 373 210 330 381 111 196 158 195 60 125 91 432 20 471 41 40 446 407 481 260 221 324 228 300 357 343 355 15 157 45 30 309 466 412 123 328 341 79 354 327 92 23 89 103 388 197 188 393 468 212 439 77 233 347 247 207 173 3 386 171 58 313 179 445 353 80 178 213 225 230 482 274 272 133 318 42 425 428 24 423 27 477 216 184 334 255 229 84 102 447 264 288 163 259 95 470 199 325 497 61 218 282 426 422 401 303 314 26 64 149 326 435 384 271 67 126 297 151 273 283 415 99 21 98 367 450 36 127 295 139 55 39 362 457 480 169 249 294 350 464 7 226 292 331 332 311 289 19 109 137 191 475 476 444 236 293 154 417 453 129 143 33 175 379 32 94 1 167 402 337 442 113 74 452 105 141 164 349 8 438 185 16 28 
TEST LEAKS 5 ARG:175 486 471 79 317 13 77 498 267 338 320 315 388 318 14 254 211 63 389 62 4 331 54 299 403 426 336 26 205 176 494 199 298 141 230 496 20 477 257 446 491 65 165 52 197 83 31 30 287 279 285 243 147 244 424 0 126 21 358 281 355 470 392 128 440 488 56 185 149 414 420 101 449 385 154 55 352 225 201 366 222 360 314 447 402 443 361 110 423 167 337 191 442 459 452 160 198 127 207 104 436 342 448 36 291 415 16 204 463 93 173 467 462 107 8 497 48 456 86 484 241 84 60 231 229 332 9 153 118 495 69 75 429 194 334 217 68 209 492 7 100 164 64 481 383 347 172 305 137 32 326 182 386 19 413 407 163 282 96 121 156 210 294 125 1 179 259 411 181 286 363 312 12 240 409 40 260 454 196 224 455 89 106 393 25 354 390 434 461 95 23 50 34 226 51 213 168 161 458 88 192 143 468 321 146 10 378 37 258 372 169 394 57 43 303 493 441 15 162 476 102 387 466 66 108 238 379 278 246 398 322 119 22 105 371 28 343 451 397 85 33 251 381 202 472 256 304 214 370 145 255 53 444 74 234 329 17 219 340 422 277 373 350 2 111 232 416 117 47 351 460 3 193 190 208 5 132 479 144 42 485 364 384 261 29 349 432 419 341 227 469 465 249 39 131 453 18 283 142 184 245 265 367 91 412 72 280 302 99 136 206 273 376 90 235 333 353 203 410 195 421 236 306 405 152 475 473 97 45 73 250 309 438 274 266 344 109 186 180 78 478 264 357 300 268 188 408 335 430 148 289 124 58 417 310 140 437 400 272 157 457 330 24 220 67 228 356 92 346 293 129 112 483 82 134 435 311 325 116 80 263 313 316 428 319 296 359 183 368 324 327 98 155 87 223 218 233 290 115 328 490 76 130 239 120 276 271 464 49 237 295 113 200 348 46 396 391 288 221 375 307 70 71 103 487 123 431 171 11 445 377 345 61 41 35 187 114 59 159 308 242 215 189 323 292 178 427 439 138 248 406 139 174 166 339 284 6 404 275 150 395 212 425 433 269 135 81 380 489 365 177 122 151 450 270 247 474 418 297 44 252 262 301 170 362 216 94 401 158 382 482 27 133 253 374 399 480 38 369 
TEST LEAKS 5 ARG:259 406 11 412 265 285 313 416 54 451 342 283 126 436 39 27 311 238 420 65 198 108 407 16 245 205 166 169 153 146 145 193 350 335 326 225 116 469 102 334 337 432 483 280 358 321 66 359 183 466 121 320 284 99 296 477 271 464 289 381 278 161 443 437 304 353 312 456 56 460 253 216 200 5 140 159 199 491 79 467 120 256 266 190 230 349 495 422 45 297 124 378 398 222 76 173 470 421 77 93 149 397 409 98 24 450 187 118 90 156 100 128 481 19 446 219 373 276 206 310 327 388 63 462 147 429 168 482 178 356 301 10 255 148 476 50 95 496 197 137 472 499 103 368 109 41 89 408 338 40 480 189 331 12 468 2 73 473 243 261 181 105 115 433 492 267 417 404 201 371 30 227 52 389 377 60 87 106 478 254 270 20 226 402 355 213 97 396 136 195 231 348 239 323 129 34 264 465 80 403 424 458 455 214 448 411 440 92 165 363 240 332 299 107 247 288 292 125 164 298 232 180 459 379 46 21 302 360 69 263 13 452 307 26 188 362 430 419 361 347 425 303 365 209 44 113 392 224 160 330 497 295 322 78 454 111 203 246 286 28 252 154 7 68 133 352 474 64 376 71 426 202 308 386 272 339 155 18 241 81 317 220 487 207 367 163 212 309 260 70 23 479 218 208 127 184 4 399 244 43 47 324 53 143 354 86 119 17 196 385 258 282 131 486 344 138 400 382 293 185 170 33 390 405 42 415 441 444 251 249 61 75 0 157 22 498 457 233 101 62 67 343 453 372 463 215 84 122 37 431 484 485 237 488 117 315 32 351 369 447 250 191 151 228 236 370 229 287 449 49 306 38 221 318 423 88 489 434 380 96 58 36 279 123 114 387 132 158 384 383 152 167 82 471 319 162 336 391 273 31 248 461 442 15 176 333 144 59 235 366 29 328 112 210 394 192 35 314 182 438 274 345 364 9 94 172 329 340 413 395 85 6 269 139 223 194 290 341 357 490 186 130 428 179 134 242 316 257 494 262 72 277 8 305 1 281 171 475 439 55 393 325 234 48 174 91 14 57 177 375 204 175 493 268 275 141 435 418 51 427 346 445 410 414 74 291 25 294 135 150 401 300 110 83 104 374 3 142 211 217 
TEST LEAKS 5 ARG:429 363 464 11 27 398 351 185 455 239 32 241 365 158 492 15 101 41 5 260 51 286 359 160 45 366 119 291 225 135 468 490 449 401 353 495 345 2 396 108 278 248 233 97 447 321 163 63 22 480 413 77 314 438 289 180 472 437 74 348 452 184 354 298 73 19 72 295 313 462 254 92 305 262 347 335 482 154 382 307 360 146 331 364 410 151 195 441 205 18 206 430 175 192 349 189 310 134 207 274 393 200 17 326 183 126 466 93 487 290 376 35 406 465 67 306 299 171 374 422 493 457 425 387 221 444 121 137 439 460 381 415 187 292 75 223 436 469 14 235 319 315 390 196 37 304 204 403 95 470 33 30 328 479 435 188 255 79 284 416 341 463 120 94 296 230 147 4 288 84 62 109 340 477 113 334 267 497 442 453 197 162 213 65 433 362 193 198 69 181 343 10 322 115 190 122 215 243 76 49 361 473 302 90 308 46 458 471 346 104 159 222 276 270 407 191 440 423 211 56 280 58 66 385 96 268 140 132 395 317 216 53 303 244 251 300 336 491 246 105 261 484 358 476 106 478 229 499 404 161 39 320 481 7 431 245 277 156 226 372 232 500 258 388 259 127 70 237 80 257 323 417 329 208 165 214 426 217 411 219 224 177 59 133 138 421 172 153 203 380 103 450 397 220 281 78 498 194 136 312 427 279 31 164 227 111 400 209 368 369 391 212 486 42 316 273 386 60 252 249 155 112 236 264 168 202 293 432 48 166 44 1 330 474 47 64 36 485 318 253 123 337 57 301 240 145 218 118 327 130 86 228 475 234 28 142 199 38 81 141 87 16 173 405 467 448 129 242 324 3 418 40 333 152 412 117 107 445 379 352 409 150 399 294 461 157 21 55 389 178 402 344 408 131 459 454 139 100 68 377 275 357 332 85 231 456 434 419 383 339 50 350 24 170 179 271 443 20 247 325 26 210 186 12 201 89 420 13 356 355 373 102 110 446 424 52 494 342 114 263 414 309 71 54 371 272 367 23 256 99 287 489 124 91 428 9 128 88 266 25 174 61 82 6 488 176 143 182 496 338 167 83 282 43 149 148 269 125 483 394 297 0 451 34 265 378 285 283 144 98 29 392 370 116 8 238 311 384 169 375 250 
OK
